순번,단지명,회사명,대표자명,공장대표주소(도로명),대표업종번호,업종명,생산품
1,김제지평선일반산업단지,(유)대흥산업,김동우,전북특별자치도 김제시 백산면 지평선산단5길 139-14,22212,플라스틱 필름 제조업 외 1 종,농업용필름
2,김제지평선일반산업단지,(유)동재산업,김정회,전북특별자치도 김제시 백산면 지평선산단3길 89-33 외 1필지,25922,도금업,용융 아연 도금
3,김제지평선일반산업단지,(유)서진이엔씨,박수배,전북특별자치도 김제시 백산면 지평선산단2길 20,30201,차체 및 특장차 제조업 외 2 종,"아웃트리거,붐,마늘파종기,로더, 로타리, 태양광구조물"
4,김제지평선일반산업단지,(유)서한산업,김은철,전북특별자치도 김제시 백산면 지평선산단2길 16,25932,일반철물 제조업,금속가공
5,김제지평선일반산업단지,(유)석영정밀,김유수,전북특별자치도 김제시 백산면 지평선산단3길 128,29294,주형 및 금형 제조업,"자동차부품, 생활용품, 기타 농업용 금형제작 및 수리"
6,김제지평선일반산업단지,(유)정윤기업,조진무,"전북특별자치도 김제시 백산면 지평선산단6길 143, 1동",29292,"고무, 화학섬유 및 플라스틱 성형기 제조업","가정용 플라스틱 환풍기, 상용차 플라스틱 내장재"
7,김제지평선일반산업단지,(주)광스틸,곽인학,전북특별자치도 김제시 백산면 지평선산단4길 131,25112,구조용 금속 판제품 및 공작물 제조업 외 2 종,FLASHING(조립식건축마감재)
8,김제지평선일반산업단지,(주)극동테크,권혁신,전북특별자치도 김제시 백산면 지평선산단3길 128,22232,포장용 플라스틱 성형용기 제조업 외 2 종,플라스틱 제품
9,김제지평선일반산업단지,(주)글로텍,이정기,전북특별자치도 김제시 백산면 지평선산단2길 126,16231,목재 깔판류 및 기타 적재판 제조업 외 1 종,"목재포장용기,자동차부품포장"
10,김제지평선일반산업단지,(주)다스,조주현,전북특별자치도 김제시 백산면 지평선산단3길 61,26295,전자감지장치 제조업,기울기센서 외 전자부품
11,김제지평선일반산업단지,(주)대승,"윤기옥, 정세민, 김장송",전북특별자치도 김제시 백산면 지평선산단4길 115-33,30399,그 외 자동차용 신품 부품 제조업 외 3 종,CON-ROD(자동차엔진부품)
12,김제지평선일반산업단지,(주)두산전자사업 김제공장,유승우,전북특별자치도 김제시 백산면 지평선산단4길 66 외 7필지,26221,인쇄회로기판용 적층판 제조업 외 3 종,"인쇄회로용 연성회로기판, 인쇄회로용 연성회로기판, 인쇄회로용 연성회로기판, 폴리아미드 수지"
13,김제지평선일반산업단지,(주)신성엔지니어링,배근혁,전북특별자치도 김제시 백산면 지평선산단6길 235,29210,농업 및 임업용 기계 제조업,농업용기계
14,김제지평선일반산업단지,(주)아이즈텍,김철웅,전북특별자치도 김제시 백산면 지평선산단1길 214-19,28422,일반용 전기 조명장치 제조업 외 4 종,"신재생에너지 가로등용 조명, 가로등주, 영상감시장치"
15,김제지평선일반산업단지,(주)알루포스,정용훈,"전북특별자치도 김제시 백산면 지평선산단6길 115,",25912,금속 단조제품 제조업,방산 및 상용차용 알루미늄 단조휠 및 부품
16,김제지평선일반산업단지,(주)오토티앤에스,문남수,"전북특별자치도 김제시 백산면 지평선산단6길 223,",30320,자동차 차체용 신품 부품 제조업 외 1 종,"자동차외장부품, 대체인증부품"
17,김제지평선일반산업단지,(주)유림,배용준,전북특별자치도 김제시 백산면 지평선산단6길 163,25112,구조용 금속 판제품 및 공작물 제조업,계단 핸드레일
18,김제지평선일반산업단지,(주)제로테크,"정재은,이정수",전북특별자치도 김제시 백산면 부거리 1569-6번지 외 2필지,25923,도장 및 기타 피막처리업,알루미늄휠 도장 및 기타 피막처리
19,김제지평선일반산업단지,(주)제이엠,문일영,전북특별자치도 김제시 백산면 지평선산단5길 258 외 1필지,25921,금속 열처리업 외 1 종,"베어링, 자동차부품"
20,김제지평선일반산업단지,(주)참고을 지평선 제2공장,김윤권,전북특별자치도 김제시 백산면 지평선산단5길 320,10742,천연 및 혼합조제 조미료 제조업,"식물성 식용유지(참기름, 들기름 등), 볶음참깨"
21,김제지평선일반산업단지,(주)참고을 지평선공장,김윤권,전북특별자치도 김제시 백산면 부거리 1583-11번지 외 3필지,10402,식물성 유지 제조업 외 2 종,"식물성유지류(참기름, 들기름 외), 기타농산가공품(볶음참깨), 당류(물엿 외) "
22,김제지평선일반산업단지,(주)코아스,이도훈,전북특별자치도 김제시 백산면 부거리 1568-5번지,30201,차체 및 특장차 제조업,이동형목욕차 등
23,김제지평선일반산업단지,(주)코어메탈,조초산,전북특별자치도 김제시 백산면 부거리 1567-1번지,24219,"기타 비철금속 제련, 정련 및 합금 제조업",동 인코트
24,김제지평선일반산업단지,(주)한엑스,한성희,전북특별자치도 김제시 백산면 지평선산단4길 183,30399,그 외 자동차용 신품 부품 제조업 외 4 종,Urea Tank
25,김제지평선일반산업단지,가람환경 주식회사,이도혁,전북특별자치도 김제시 백산면 지평선산단1길 273,29299,그 외 기타 특수목적용 기계 제조업,대기방지시설
26,김제지평선일반산업단지,넷제로솔루션 주식회사,최전호,전북특별자치도 김제시 백산면 지평선산단5길 183,28909,그 외 기타 전기장비 제조업,태양광모듈패널
27,김제지평선일반산업단지,농업회사법인 유한회사 새만금에이피,방기석,전북특별자치도 김제시 백산면 지평선산단6길 143,10309,기타 과실ㆍ채소 가공 및 저장 처리업 외 1 종,"건고추, 건새싹보리, 건새싹규리, 건고추, 건새싹보리, 건새싹규리"
28,김제지평선일반산업단지,농업회사법인 유한회사 온다라식품,변병성,전북특별자치도 김제시 백산면 부거리 1583-13번지,10129,육류 기타 가공 및 저장처리업 (가금류 제외) 외 1 종,"순대류, 돈부산물"
29,김제지평선일반산업단지,농업회사법인 주식회사 이엔푸드,문형선,전북특별자치도 김제시 백산면 지평선산단5길 284,10121,가금류 가공 및 저장 처리업,"육가공식품, 닭고기 부분육"
30,김제지평선일반산업단지,대승정밀 주식회사,"정세민, 김장송",전북특별자치도 김제시 백산면 부거리 1567외 2필지,30320,자동차 차체용 신품 부품 제조업 외 1 종,자동차부품(제어장치하우징)
31,김제지평선일반산업단지,대승정밀(주),"정세민, 김장송",전북특별자치도 김제시 백산면 지평선산단4길 89,30310,자동차 엔진용 신품 부품 제조업 외 2 종,자동차 엔진실린더블럭 외
32,김제지평선일반산업단지,도드람김제에프엠씨,박광욱,전북특별자치도 김제시 백산면 부거리 1583-6번지,10111,육류 도축업(가금류 제외) 외 2 종,"지육, 부분육포장제품,내장등부산물"
33,김제지평선일반산업단지,렉스젠 주식회사,안순현,전북특별자치도 김제시 백산면 지평선산단3길 136,25119,기타 구조용 금속제품 제조업 외 2 종,"금속기둥 철구조물, 교통신호등 폴 "
34,김제지평선일반산업단지,렉스젠(주),"안순현, 홍중표",전북특별자치도 김제시 백산면 부거리 1549-12,25119,기타 구조용 금속제품 제조업 외 2 종,금속기둥 철구조물 
35,김제지평선일반산업단지,로얄캐닌코리아 유한회사,카이시아동,전북특별자치도 김제시 백산면 지평선산단2길 72,10801,배합 사료 제조업 외 1 종,애완동물 사료
36,김제지평선일반산업단지,만원케미칼(주),안상인,전북특별자치도 김제시 백산면 지평선산단6길 191,20499,그 외 기타 분류 안된 화학제품 제조업 외 1 종,부식 및 스케일 방지제 혼합물
37,김제지평선일반산업단지,명지,백은선 외1,전북특별자치도 김제시 백산면 지평선산단1길 214-65,30201,차체 및 특장차 제조업 외 2 종,"특장차 컨트롤러, 특장차 전장 부품, 특장차(이동식 목욕차)"
38,김제지평선일반산업단지,삼동허브(주) 김제공장,신병일,전북특별자치도 김제시 백산면 지평선산단2길 125,30399,그 외 자동차용 신품 부품 제조업 외 3 종,HUB(허브)
39,김제지평선일반산업단지,세중산업 주식회사,이명애,전북특별자치도 김제시 백산면 지평선산단2길 97,17221,종이 포대 및 가방 제조업 외 1 종,"종이지대,OPP지대,종이가방,봉투"
40,김제지평선일반산업단지,에스엠산업,문성군,전북특별자치도 김제시 백산면 지평선산단3길 89-21,29131,액체 펌프 제조업 외 7 종,"수중모터펌프, 수문, 권양기, 하수처리장치"
41,김제지평선일반산업단지,유한회사 제이케이,조광철,전북특별자치도 김제시 백산면 지평선산단3길 89-15,25923,도장 및 기타 피막처리업,비금속도장
42,김제지평선일반산업단지,유한회사 제이피산업개발,김기석,전북특별자치도 김제시 백산면 지평선산단5길 55-15,25113,육상 금속 골조 구조재 제조업,태양광 및 철 구조물 
43,김제지평선일반산업단지,유한회사 티엠에스(TMS),곽환영,전북특별자치도 김제시 백산면 부거리 1569-1번지,28112,변압기 제조업 외 1 종,변압기
44,김제지평선일반산업단지,자이로,염대영,전북특별자치도 김제시 백산면 부거리 1559-10번지,29131,액체 펌프 제조업 외 6 종,"유체기계, 수문, 수처리기계, 전기제어장치"
45,김제지평선일반산업단지,주식회사 광스틸,곽인학,"전북특별자치도 김제시 백산면 지평선산단4길 149,",25111,"금속 문, 창, 셔터 및 관련제품 제조업 외 5 종",건축용 외장재 및 금속창호
46,김제지평선일반산업단지,주식회사 금화전기,박세린,전북특별자치도 김제시 백산면 부거리 1570-22번지,25113,육상 금속 골조 구조재 제조업,조립용 금속 구조재
47,김제지평선일반산업단지,주식회사 다오코리아,전영천,전북특별자치도 김제시 백산면 부거리 1570-15번지,33309,기타 운동 및 경기용구 제조업 외 2 종,"운동용매트, 유도복, 생활매트"
48,김제지평선일반산업단지,주식회사 레이머티리얼즈,하광,전북특별자치도 김제시 백산면 지평선산단6길 169,23121,"1차 유리제품, 유리섬유 및 광학용 유리 제조업",플라스틱 안경렌즈
49,김제지평선일반산업단지,주식회사 레이머티리얼즈,하광,전북특별자치도 김제시 백산면 부거리 1568,27193,안경 및 안경렌즈 제조업 외 1 종,김서림방지 안경렌즈 및 오토바이 헬맷쉴드
50,김제지평선일반산업단지,주식회사 리베로,노경영,전북특별자치도 김제시 백산면 부거리 1583-23번지,20202,합성수지 및 기타 플라스틱 물질 제조업 외 1 종,폴리프로필렌글리콜
51,김제지평선일반산업단지,주식회사 비엔케이,최원석,전북특별자치도 김제시 백산면 지평선산단2길 16,30201,차체 및 특장차 제조업,교량점검차
52,김제지평선일반산업단지,주식회사 새론,윤희정,전북특별자치도 김제시 백산면 지평선산단5길 162,25113,육상 금속 골조 구조재 제조업 외 1 종,조립용 금속 구조재
53,김제지평선일반산업단지,주식회사 새롬산업,김숙자,전북특별자치도 김제시 백산면 지평선산단5길 244,23991,아스팔트 콘크리트 및 혼합제품 제조업 외 2 종,"아스팔트 및 콘크리트 혼합제품, 그 외 분류안된 비금속 광물제품 제조"
54,김제지평선일반산업단지,주식회사 선진글로텍,박해경,전북특별자치도 김제시 백산면 지평선산단1길 214-53,13229,기타 직물제품 제조업,스펀본드 부직포
55,김제지평선일반산업단지,주식회사 선진에스앤에프,송인희,전북특별자치도 김제시 백산면 지평선산단5길 100,13992,부직포 및 펠트 제조업,필터용 부직포
56,김제지평선일반산업단지,주식회사 선진이앤지,송인희,전북특별자치도 김제시 백산면 지평선산단5길 108,13992,부직포 및 펠트 제조업,필터용 부직포
57,김제지평선일반산업단지,주식회사 선진이앤지,송인희,전북특별자치도 김제시 백산면 부거리 1568-6,13229,기타 직물제품 제조업,황사방역용 마스크
58,김제지평선일반산업단지,주식회사 솔지,박승현,전북특별자치도 김제시 백산면 지평선산단5길 170,25113,육상 금속 골조 구조재 제조업 외 1 종,조립용 금속 구조재
59,김제지평선일반산업단지,주식회사 신화철강,김윤호,전북특별자치도 김제시 백산면 지평선산단4길 115-24,25113,육상 금속 골조 구조재 제조업,"육상태양광구조물, 상부.하지구구조물"
60,김제지평선일반산업단지,주식회사 아성,강성덕,전북특별자치도 김제시 백산면 부거리 1570-20,29280,산업용 로봇 제조업,로봇시스템(자동화)
61,김제지평선일반산업단지,주식회사 아이오토,김영석,전북특별자치도 김제시 백산면 지평선산단6길 223,30399,그 외 자동차용 신품 부품 제조업,"SVN, AVN, 자동차전장부품외"
62,김제지평선일반산업단지,주식회사 에스디기술단,이동훈,전북특별자치도 김제시 백산면 지평선산단2길 16,25112,구조용 금속 판제품 및 공작물 제조업 외 2 종,구조용 금속구조물
63,김제지평선일반산업단지,주식회사 에스디에너지,이동훈,전북특별자치도 김제시 백산면 지평선산단2길 16,25112,구조용 금속 판제품 및 공작물 제조업 외 3 종,구조용 금속구조물
64,김제지평선일반산업단지,주식회사 에스앤피,송인희,전북특별자치도 김제시 백산면 부거리 1570-1번지,13992,부직포 및 펠트 제조업,필터용 부직포
65,김제지평선일반산업단지,주식회사 에이스중공업,신이철,전북특별자치도 김제시 백산면 지평선산단3길 89-13,29131,액체 펌프 제조업 외 10 종,"액체펌프, 하수처리장치 및 구성품류, 수문류, 송풍기"
66,김제지평선일반산업단지,주식회사 영웅전기,강옥심,전북특별자치도 김제시 백산면 지평선산단5길 170,25113,육상 금속 골조 구조재 제조업 외 1 종,"조립용 금속 골조 구조재, 태양광발전 구조물"
67,김제지평선일반산업단지,주식회사 웅진산업,김형진,전북특별자치도 김제시 백산면 부거리 1583-21번지,20493,접착제 및 젤라틴 제조업,지류첩착제
68,김제지평선일반산업단지,주식회사 일강,정세민,전북특별자치도 김제시 백산면 백석로 344,30331,자동차용 신품 동력전달장치 제조업 외 3 종,자동차 트랜스미션 케이스
69,김제지평선일반산업단지,주식회사 케이디케이정밀 ,조정곤,전북특별자치도 김제시 백산면 지평선산단4길 115-24,24321,알루미늄주물 주조업,자동차 부품
70,김제지평선일반산업단지,주식회사 케이비아이(KBI),박종민,전북특별자치도 김제시 백산면 지평선산단2길 16,25113,육상 금속 골조 구조재 제조업,철구조물제작
71,김제지평선일반산업단지,주식회사 케이비아이(KBI),박종민,전북특별자치도 김제시 백산면 지평선산단3길 89-53,25923,도장 및 기타 피막처리업,철구조물
72,김제지평선일반산업단지,주식회사 투플러스,이예승,전북특별자치도 김제시 백산면 지평선산단1길 214-8,25111,"금속 문, 창, 셔터 및 관련제품 제조업",금속 문
73,김제지평선일반산업단지,주식회사 특고압전기,곽상민,전북특별자치도 김제시 백산면 지평선산단5길 139-14,28112,변압기 제조업,변압기
74,김제지평선일반산업단지,주식회사 티엠시,조영호,전북특별자치도 김제시 백산면 지평선산단3길 158 (백산면),30310,자동차 엔진용 신품 부품 제조업 외 5 종,"이중관 파이프, 주물합금관, 소독기"
75,김제지평선일반산업단지,주식회사 호룡,박장현,전북특별자치도 김제시 백산면 부거리 1571-3 외 5필지,29241,건설 및 채광용 기계장비 제조업 외 2 종,"전기굴착기, 자주식 고소작업대"
76,김제지평선일반산업단지,트라웍스 주식회사,김선미,전북특별자치도 김제시 백산면 지평선산단3길 142,25119,기타 구조용 금속제품 제조업 외 2 종,"금속기둥 철구조물, 교통신호등 폴"
77,김제지평선일반산업단지,트라웍스(주),김선미,전북특별자치도 김제시 백산면 지평선산단2길 16,25113,육상 금속 골조 구조재 제조업 외 2 종,금속기둥 철구조물
78,김제지평선일반산업단지,평안정공(주),최금성,전북특별자치도 김제시 백산면 지평선산단4길 20,30399,그 외 자동차용 신품 부품 제조업,액슬하우징
79,김제지평선일반산업단지,한길금속 주식회사,한미화,전북특별자치도 김제시 백산면 부거리 1567-2번지,25111,"금속 문, 창, 셔터 및 관련제품 제조업",금속 문
80,김제지평선일반산업단지,한울자동화,윤석상,전북특별자치도 김제시 백산면 부거리 1583-31번지,28123,배전반 및 전기 자동제어반 제조업,"배전반, 분전반, 제어반"
81,김제지평선일반산업단지,해원에스티(주),안양순,전북특별자치도 김제시 백산면 지평선산단5길 183,24121,열간 압연 및 압출 제품 제조업,철강재
82,김제지평선일반산업단지,해피키친 주식회사,안향민,전북특별자치도 김제시 백산면 지평선산단3길 128,30399,그 외 자동차용 신품 부품 제조업,      자동차용 신품 부품
83,김제지평선일반산업단지,현명산업 주식회사,조현규,전북특별자치도 김제시 백산면 지평선산단5길 177,25913,자동차용 금속 압형제품 제조업,특장차부품(고가사다리차부품)
84,김제백구농공단지,(주)나래,박용수,전북특별자치도 김제시 백구면 백구공단길 50,30201,차체 및 특장차 제조업 외 3 종,"특장차, 자동차전기장치"
85,김제백구농공단지,(주)다온특장,고관석,전북특별자치도 김제시 백구면 백구공단길 24,30201,차체 및 특장차 제조업 외 1 종,캠핑카
86,김제백구농공단지,(주)다이브텍,최은엽,"전북특별자치도 김제시 백구면 백구공단2길 27,",30201,차체 및 특장차 제조업,특장차 및 부품
87,김제백구농공단지,(주)에이엠특장,윤홍식,전북특별자치도 김제시 백구면 반월리 782번지,30201,차체 및 특장차 제조업,환경관련청소차
88,김제백구농공단지,(주)자명,오종근,전북특별자치도 김제시 백구면 백구공단길 37,30320,자동차 차체용 신품 부품 제조업,농업용버켓
89,김제백구농공단지,(주)진우에스엠씨 김제지점,이준호,전북특별자치도 김제시 백구면 백구공단1길 20 외 1필지,30201,차체 및 특장차 제조업,다목적 경소형 전기트럭외
90,김제백구농공단지,(주)한신,고재필 ,전북특별자치도 김제시 백구면 반월리 771번지,30201,차체 및 특장차 제조업 외 1 종,특장차(고소작업차)
91,김제백구농공단지,(주)휴빌,강병곤,전북특별자치도 김제시 백구면 백구공단길 50,30201,차체 및 특장차 제조업,캠핑카
92,김제백구농공단지,(주)휴빌,강병곤,전북특별자치도 김제시 백구면 백구공단길 54,30201,차체 및 특장차 제조업,캠핑카
93,김제백구농공단지,SD중공업,김종철,전북특별자치도 김제시 백구면 백구공단1길 39,30203,트레일러 및 세미트레일러 제조업,소형 트레일러
94,김제백구농공단지,디에스산업,조민규,전북특별자치도 김제시 백구면 백구공단2길 10,30399,그 외 자동차용 신품 부품 제조업 외 5 종,"머플러관련부품,엔진관련커버류"
95,김제백구농공단지,삼우정밀,황영택,전북특별자치도 김제시 백구면 백구공단2길 14,30399,그 외 자동차용 신품 부품 제조업 외 3 종,제동장치 플러그
96,김제백구농공단지,성우특장,임정택,전북특별자치도 김제시 백구면 백구공단1길 34,30201,차체 및 특장차 제조업 외 1 종,"트레일러, 가축운반차, 더 덤프, 셀프로더"
97,김제백구농공단지,예손건드릴,김재근,"전북특별자치도 김제시 백구면 백구공단길 24,",30392,자동차용 신품 제동장치 제조업 외 3 종,자동차부품
98,김제백구농공단지,유한회사 건우특장,정일수,전북특별자치도 김제시 백구면 백구공단1길 39,30320,자동차 차체용 신품 부품 제조업,자동차부품
99,김제백구농공단지,유한회사 태왕,허기호,전북특별자치도 김제시 백구면 백구공단2길 31,30201,차체 및 특장차 제조업 외 1 종,"특장차 부품 생산용 프레스 금형, 특장차 개조용 부품"
100,김제백구농공단지,이오텍,고관석,전북특별자치도 김제시 백구면 백구공단길 24,30399,그 외 자동차용 신품 부품 제조업 외 3 종,특장차 부품
101,김제백구농공단지,이지스특장 주식회사,최만,전북특별자치도 김제시 백구면 반월리 756번지,30201,차체 및 특장차 제조업 외 1 종,청소차량
102,김제백구농공단지,자명플랜트,오종근,전북특별자치도 김제시 백구면 반월리 781번지,30320,자동차 차체용 신품 부품 제조업 외 1 종,특장차 부품
103,김제백구농공단지,정우테크,노태환,전북특별자치도 김제시 백구면 백구공단2길 24,30399,그 외 자동차용 신품 부품 제조업 외 4 종,"PLUG BOSS, BALL STUD(대,소), 스트라잌크 등"
104,김제백구농공단지,주식회사 가자,전용희,전북특별자치도 김제시 백구면 반월리 738번지,30203,트레일러 및 세미트레일러 제조업 외 15 종,캠핑트레일러
105,김제백구농공단지,주식회사 광명이엔지,송재수,전북특별자치도 김제시 백구면 백구공단2길 32,30332,자동차용 신품 전기장치 제조업 외 17 종,하네스와이어링컨넥터
106,김제백구농공단지,주식회사 국도특장,김재영,전북특별자치도 김제시 백구면 백구공단길 23 외 1필지,30201,차체 및 특장차 제조업 외 3 종,"가변축 KIT, 무진동KIT"
107,김제백구농공단지,주식회사 금명특장,인인교,전북특별자치도 김제시 백구면 백구공단1길 11,30201,차체 및 특장차 제조업 외 2 종,"특장차, 유압크레인"
108,김제백구농공단지,주식회사 몰드,이현수,전북특별자치도 김제시 백구면 백구공단2길 32,30202,자동차 구조 및 장치 변경업  외 1 종,자동차 부품
109,김제백구농공단지,주식회사 비케이솔루션,최낙춘,전북특별자치도 김제시 백구면 백구공단2길 27,30203,트레일러 및 세미트레일러 제조업,주거용 및 캠핑용 트레일러 제조
110,김제백구농공단지,주식회사 신흥티지,옥재용,전북특별자치도 김제시 백구면 반월리 777번지,30201,차체 및 특장차 제조업 외 1 종,자동차및트레일러 적재함
111,김제백구농공단지,주식회사 엠닉스,박진춘,전북특별자치도 김제시 백구면 백구공단1길 26,30203,트레일러 및 세미트레일러 제조업 외 11 종,캠핑트레일러
112,김제백구농공단지,주식회사 유니캠프,오완곤,전북특별자치도 김제시 백구면 백구공단길 45,30201,차체 및 특장차 제조업,"캠핑카, 이동업무차"
113,김제백구농공단지,주식회사 창운기전,윤선아,전북특별자치도 김제시 백구면 백구공단1길 42,30392,자동차용 신품 제동장치 제조업,하네스 와이어링컨넥터
114,김제백구농공단지,주식회사 천하,강희곤,전북특별자치도 김제시 백구면 백구공단2길 9,30201,차체 및 특장차 제조업,"고가사다리차,고소작업차"
115,김제백구농공단지,창운전기 주식회사,이창운,전북특별자치도 김제시 백구면 백구공단2길 30 외 1필지,30332,자동차용 신품 전기장치 제조업 외 4 종,하네스와이어링컨넥터
116,김제백구농공단지,태안이엔지 주식회사,김경표,전북특별자치도 김제시 백구면 반월리 752-1번지,30332,자동차용 신품 전기장치 제조업 외 1 종,자동차용 코트롤박스
117,김제백구농공단지,태왕테크,허기호,전북특별자치도 김제시 백구면 백구공단2길 31,30201,차체 및 특장차 제조업 외 2 종,특장차 개조 부품
118,김제백구농공단지,한국쓰리축공업,김재영,전북특별자치도 김제시 백구면 백구공단길 9,30201,차체 및 특장차 제조업,가변축KIT
119,김제백구농공단지,협승산업,이용식외 1명,전북특별자치도 김제시 백구면 백구공단길 28,30320,자동차 차체용 신품 부품 제조업 외 4 종,자동차 차체 부품(운반카)
120,김제봉황농공단지,(유) 한푸드,정치웅,전북특별자치도 김제시 봉황공단2길 78-20 (오정동),10619,기타 곡물 가공품 제조업,누룽지
121,김제봉황농공단지,(유)강민케미칼,강희권,"전북특별자치도 김제시 봉황공단2길 77-17 (오정동, (유) 강민케미칼)",22212,플라스틱 필름 제조업 외 1 종,스트레치필름
122,김제봉황농공단지,(유)금란산업개발,은윤기,"전북특별자치도 김제시 봉황로 1148, 1동 (월성동)",25112,구조용 금속 판제품 및 공작물 제조업 외 4 종,난간 및 교량용품
123,김제봉황농공단지,(유)금성상공,진성우,"전북특별자치도 김제시 봉황공단2길 102 (오정동, 금성상공)",10801,배합 사료 제조업 외 1 종,단미사료
124,김제봉황농공단지,(유)대진엔지니어링,조미숙,전북특별자치도 김제시 봉황공단2길 78-32 (월성동),28123,배전반 및 전기 자동제어반 제조업 외 4 종,배전반. 자동제어반. 프로세스제어반
125,김제봉황농공단지,(유)번창산업,함순호,"전북특별자치도 김제시 봉황공단2길 78-25 (오정동, 한성기공)",38321,비금속류 해체 및 선별업 외 1 종,합성수지원료
126,김제봉황농공단지,(유)세웅바이오,고성배,전북특별자치도 김제시 봉황공단1길 61 (월성동) 외 1필지,10402,식물성 유지 제조업 외 5 종,"동.식물성유지, 유기질비료"
127,김제봉황농공단지,(유)에이엔티,이재혁,"전북특별자치도 김제시 봉황공단2길 77-33 (오정동, 에이앤터)",20203,혼성 및 재생 플라스틱 소재 물질 제조업,플라스틱재생원료
128,김제봉황농공단지,(유)일진,배정규,"전북특별자치도 김제시 봉황공단2길 58 (오정동, (유)일진)",25113,육상 금속 골조 구조재 제조업 외 4 종,교통안전시설물
129,김제봉황농공단지,(유)제이씨기술정보통신,이순자,전북특별자치도 김제시 봉황공단2길 30-24 (월성동),26421,방송장비 제조업,"영상감시장치, CCTV카메라"
130,김제봉황농공단지,(유)효성환경,이정필,"전북특별자치도 김제시 봉황공단1길 201 (오정동, (유) 효성환경)",22222,설치용 및 위생용 플라스틱제품 제조업 외 1 종,"PE관, 정화조"
131,김제봉황농공단지,(주)내쇼널 아그로,박병선,전북특별자치도 김제시 봉황공단2길 25 (오정동) 외 4필지,20312,복합비료 및 기타 화학비료 제조업 외 1 종,상토매트
132,김제봉황농공단지,(주)대인,나연수,"전북특별자치도 김제시 봉황공단1길 141 (오정동, ㈜대인) 외 1필지",25944,금속선 가공제품 제조업 외 2 종,"와이어메쉬,결속선, 만생"
133,김제봉황농공단지,(주)대인,나연수,전북특별자치도 김제시 봉황공단2길 75 (오정동),25944,금속선 가공제품 제조업,"용접철망, 수로철망"
134,김제봉황농공단지,(주)두원메디텍(지점),"이경옥, 서효석",전북특별자치도 김제시 봉황공단2길 29-21 (오정동),27199,그 외 기타 의료용 기기 제조업,의약품주입용기구
135,김제봉황농공단지,(주)미리내레즈,김서욱,전북특별자치도 김제시 봉황공단2길 29-34(오정동),25113,육상 금속 골조 구조재 제조업,가로등주
136,김제봉황농공단지,(주)백산엘앤티,오희수,"전북특별자치도 김제시 봉황공단2길 58 (오정동, (유)일진)",28422,일반용 전기 조명장치 제조업 외 1 종,"LED가로등, LED투광등,LED램프"
137,김제봉황농공단지,(주)삼익유가공,이봄이,"전북특별자치도 김제시 봉황공단1길 303, (삼익유가공) (오정동)",10501,액상시유 및 기타 낙농제품 제조업,유청분말
138,김제봉황농공단지,(주)아리울라이팅,김서욱 ,"전북특별자치도 김제시 봉황공단2길 29-34, (오정동 170-3) (오정동)",25113,육상 금속 골조 구조재 제조업 외 10 종,"가로등주, 가로등기구, 분전반, 조명장치"
139,김제봉황농공단지,(주)엄지식품,김상형,전북특별자치도 김제시 봉황공단2길 107 (오정동) 외 1필지,10751,도시락류 제조업 외 1 종,만두류
140,김제봉황농공단지,(주)엄지식품,김상형,전북특별자치도 김제시 봉황공단2길 77-8 (오정동),10751,도시락류 제조업 외 1 종,"곡류가공품, 냉동만두류"
141,김제봉황농공단지,(주)엄지식품,김상형,전북특별자치도 김제시 봉황공단2길 107 (오정동),10742,천연 및 혼합조제 조미료 제조업,조미식품(소스류)
142,김제봉황농공단지,(주)에코스텍,김용락,"전북특별자치도 김제시 봉황공단2길 77-45 (오정동, ㈜ 에코스텍)",17909,그 외 기타 종이 및 판지 제품 제조업,"계란난좌, 도시락용기"
143,김제봉황농공단지,(주)푸드월드,이재수,"전북특별자치도 김제시 봉황공단1길 107 (오정동, ㈜신명B&F)",10121,가금류 가공 및 저장 처리업,훈제닭가슴살
144,김제봉황농공단지,(주)풍년그린텍,유이상,"전북특별자치도 김제시 봉황공단2길 55 (오정동, ㈜ 신풍) (총 4 필지) 외 3필지",17909,그 외 기타 종이 및 판지 제품 제조업 외 4 종,"계란난좌, 도시락용기"
145,김제봉황농공단지,농업회사법인(유)모양산업,최현옥,전북특별자치도 김제시 봉황공단2길 78-8 (오정동),10301,김치류 제조업 외 1 종,"치킨무, 김치"
146,김제봉황농공단지,두레기계금속,임영대,전북특별자치도 김제시 오정동 170-27번지,24199,그 외 기타 1차 철강 제조업 외 1 종,"스텐파이프, 열처리 코팅"
147,김제봉황농공단지,맥앤캠,최화숙,전북특별자치도 김제시 봉황공단2길 78-25 (오정동),20422,"치약, 비누 및 기타 세제 제조업","세척제, 세정제, 물비누"
148,김제봉황농공단지,명보기업(주),조석진.김철호,"전북특별자치도 김제시 봉황공단1길 61 (월성동, (유)세웅) (총 3 필지) 외 2필지",30399,그 외 자동차용 신품 부품 제조업 외 3 종,버스시트(의자)
149,김제봉황농공단지,서기산업(주),임준영,전북특별자치도 김제시 봉황공단2길 77-38(오정동),25111,"금속 문, 창, 셔터 및 관련제품 제조업 외 9 종","수문,권양기,천재교량,주차설비,펌프"
150,김제봉황농공단지,신풍테크,이병산,전북특별자치도 김제시 봉황공단2길 14 (월성동),13225,직물포대 제조업 외 2 종,"기타 플라스틱 포대, 스톤네트"
151,김제봉황농공단지,에스에스테크,구상용,전북특별자치도 김제시 봉황공단1길 71 (월성동) 외 1필지,26294,"전자코일, 변성기 및 기타 전자 유도자 제조업","동, 황동, 절연제"
152,김제봉황농공단지,영성기업(주),박화담,전북특별자치도 김제시 월성동 491-14번지,17909,그 외 기타 종이 및 판지 제품 제조업 외 1 종,"종이컵,포장용지"
153,김제봉황농공단지,유한회사 가온산업건설,정한별,전북특별자치도 김제시 봉황공단2길 14 (월성동),25112,구조용 금속 판제품 및 공작물 제조업 외 4 종,"버스승강장, 옥외용벤치, 다자인형울타리, 종합폴 "
154,김제봉황농공단지,유한회사 둘레길,강양구,"전북특별자치도 김제시 봉황공단2길 78-25 (오정동, 한성기공)",16102,표면 가공 목재 및 특정 목적용 제재목 제조업 외 2 종,"데크제, 루바, 각재"
155,김제봉황농공단지,유한회사 삼성안전산업,이명자,전북특별자치도 김제시 봉황공단1길 71 (월성동),25112,구조용 금속 판제품 및 공작물 제조업 외 8 종,"볼라드, 차양, 방음벽, 교량용품, 철물, 가로등주, 금속재울타리, 도로시설물 외"
156,김제봉황농공단지,유한회사 삼원,"임민선, 김신정",전북특별자치도 김제시 봉황공단2길 16 (월성동),25112,구조용 금속 판제품 및 공작물 제조업 외 3 종,"논슬립, 두겁대, 합성목재, 금속재울타리, 그레이팅덮개, 도로표지병, 흡음재, 벽패널"
157,김제봉황농공단지,유한회사 서원산업,배형덕,"전북특별자치도 김제시 봉황공단2길 58 (오정동, (유)일진)",25112,구조용 금속 판제품 및 공작물 제조업 외 2 종,"도로표지판, 교통표지판, 버스승강장 등"
158,김제봉황농공단지,유한회사 에스에스테크 ,구상용,전북특별자치도 김제시 봉황공단1길 71(월성동),28909,그 외 기타 전기장비 제조업,고주파 유도 가열장치
159,김제봉황농공단지,유한회사 태산,박상민,전북특별자치도 김제시 봉황공단2길 29-34 (오정동),27213,"물질 검사, 측정 및 분석기구 제조업 외 5 종",계장제어장치외
160,김제봉황농공단지,전일목재산업주식회사 (제2공장),김병진,전북특별자치도 김제시 봉황공단2길 29-34 (오정동),16101,일반 제재업 외 2 종,"목재덱, 조립식구조물, 이동식사다리"
161,김제봉황농공단지,주식회사 더원티이씨,장광수,전북특별자치도 김제시 봉황공단2길 30-3 (오정동),28123,배전반 및 전기 자동제어반 제조업 외 2 종,"CCTV, 계축제어장치, 전광판"
162,김제봉황농공단지,주식회사 마루이앤씨,이경열,전북특별자치도 김제시 봉황공단2길 30-3 (오정동),26421,방송장비 제조업 외 3 종,"보안용 카메라, 방송장비 외 주변기기, 계장제어장치"
163,김제봉황농공단지,주식회사 삼일육산업,송인순,"전북특별자치도 김제시 봉황공단2길 14 (오정동, ㈜호남제면)",22212,플라스틱 필름 제조업 외 2 종,벌집셑
164,김제봉황농공단지,주식회사 승원,고승호,전북특별자치도 김제시 봉황공단2길 78-32 (월성동),29175,액체 여과기 제조업 외 3 종,"여과장치. 염소투입기, 자외선살균기, 등"
165,김제봉황농공단지,주식회사 장원푸드,이승구,전북특별자치도 김제시 봉황공단1길 107(오정동),10122,육류 포장육 및 냉동육 가공업 (가금류 제외),"돈두육,대창"
166,김제봉황농공단지,주식회사 지케이이엔지,김자옥,"전북특별자치도 김제시 봉황로 1148, 2동 (월성동)",25112,구조용 금속 판제품 및 공작물 제조업 외 1 종,금속제울타리
167,김제봉황농공단지,주식회사 함께하면좋은사람들,박준영,전북특별자치도 김제시 봉황공단2길 42 (오정동),10742,천연 및 혼합조제 조미료 제조업,"육수, 소스 등"
168,김제봉황농공단지,크린앤사이언스,신경숙,"전북특별자치도 김제시 봉황공단2길 78-25 (오정동, 한성기공)",13221,침구 및 관련제품 제조업 외 2 종,침구류 및 관련제품
169,김제봉황농공단지,호남제면(주),홍성민,전북특별자치도 김제시 봉황공단2길 14 (오정동),13999,그 외 기타 분류 안된 섬유제품 제조업,면
170,김제서흥농공단지,(유)삼보정보통신,오진균,전북특별자치도 김제시 서흥공단2길 56 (흥사동),26299,그 외 기타 전자부품 제조업 외 11 종,"CCTV, 차량검지기, 전광판"
171,김제서흥농공단지,(유)서우벤딩,서재석,전북특별자치도 김제시 서흥공단2길 56 (흥사동),25913,자동차용 금속 압형제품 제조업 외 5 종,벤딩 및 도로명시설물 
172,김제서흥농공단지,(유)시민기업,노지연,"전북특별자치도 김제시 서흥공단2길 74 (흥사동, 건우)",30320,자동차 차체용 신품 부품 제조업 외 1 종,자동차차체용부품
173,김제서흥농공단지,(유)신흥피엔에스,"이교성, 유혜숙",전북특별자치도 김제시 서흥공단1길 38 (흥사동) 외 3필지,23325,콘크리트 관 및 기타 구조용 콘크리트 제품 제조업 외 2 종,콘크리트블록 등
174,김제서흥농공단지,(유)에스제이엠,김철민,"전북특별자치도 김제시 서흥공단1길 91 (흥사동, ㈜신기그룹)",10402,식물성 유지 제조업 외 2 종,"식용유, 사료등"
175,김제서흥농공단지,(유)한스,이한웅,전북특별자치도 김제시 하공로 180 (흥사동) 외 2필지,23325,콘크리트 관 및 기타 구조용 콘크리트 제품 제조업 외 3 종,"타일, 맨홀, 콘코리트관, 콘크리트블록, 콘크리트배수관"
176,김제서흥농공단지,(유)현정산업,현송배,"전북특별자치도 김제시 서흥공단2길 84 (흥사동, (유)현정산업)",22212,플라스틱 필름 제조업 외 1 종,차광막
177,김제서흥농공단지,(주)그린우드,김태환,전북특별자치도 김제시 서흥공단1길 101 (흥사동),16212,강화 및 재생 목재 제조업 외 6 종,"합성목재, Cover Cheet"
178,김제서흥농공단지,(주)농협사료 전북지사,정준,"전북특별자치도 김제시 하공로 222 (흥사동, 농협사료 김제공장)",10801,배합 사료 제조업 외 1 종,배합사료
179,김제서흥농공단지,(주)대승,"윤기옥, 정세민, 김장송",전북특별자치도 김제시 서흥공단2길 89(흥사동),30399,그 외 자동차용 신품 부품 제조업 외 3 종,자동차부품
180,김제서흥농공단지,(주)동화,최광현,"전북특별자치도 김제시 서흥공단1길 65 (흥사동, 동화)",13225,직물포대 제조업,포대.콘테이너
181,김제서흥농공단지,(주)디티알,황의홍,"전북특별자치도 김제시 서흥공단2길 60 (흥사동, 베스테크㈜)",25121,산업용 난방보일러 및 방열기 제조업,산업용보일러
182,김제서흥농공단지,(주)미래전기,서지용,전북특별자치도 김제시 서흥공단2길 81(흥사동),28123,배전반 및 전기 자동제어반 제조업 외 5 종,"분전반, 자동제어반, 가로등주, CCTV"
183,김제서흥농공단지,(주)범세,유헌근,전북특별자치도 김제시 서흥공단1길 43 (흥사동),22299,그 외 기타 플라스틱 제품 제조업,플라스틱보빈
184,김제서흥농공단지,(주)삼동화학,김용근,"전북특별자치도 김제시 서흥공단1길 91 (흥사동, ㈜신기그룹)",22212,플라스틱 필름 제조업 외 1 종,비닐
185,김제서흥농공단지,(주)삼정디씨피,이문승,"전북특별자치도 김제시 서흥공단1길 21 (흥사동, 삼정디씨피) (총 2 필지) 외 1필지",22211,"플라스틱 선, 봉, 관 및 호스 제조업 외 2 종","PVC이중벽하수관,이중벽PE하수관,PE수도관"
186,김제서흥농공단지,(주)삼정디씨피 제2공장,이문승,전북특별자치도 김제시 서흥공단1길 91 (흥사동),22211,"플라스틱 선, 봉, 관 및 호스 제조업 외 4 종",상수도용 주철재 부속제조
187,김제서흥농공단지,(주)신아,양영숙,"전북특별자치도 김제시 서흥공단1길 64 (흥사동, S.A㈜신아) (총 2 필지) 외 1필지",19101,코크스 및 관련제품 제조업 외 3 종,"코크스가탄재, 시멘트치환제,석고"
188,김제서흥농공단지,(주)아란,한승용,전북특별자치도 김제시 서흥공단1길 67 (흥사동),23329,그 외 기타 콘크리트 제품 및 유사제품 제조업 외 4 종,인공의 암(암석)
189,김제서흥농공단지,(주)우리에스앤피,김상현,전북특별자치도 김제시 서흥공단2길 81 (흥사동),29199,그 외 기타 일반목적용 기계 제조업 외 1 종,"엔진커버,브라켓"
190,김제서흥농공단지,(주)이엠시스코,이문승,전북특별자치도 김제시 서흥공단1길 91(흥사동),22211,"플라스틱 선, 봉, 관 및 호스 제조업 외 3 종",플라스틱 관 및 이음관
191,김제서흥농공단지,(주)지서산업,김충엽,전북특별자치도 김제시 서흥공단1길 67 (흥사동),25111,"금속 문, 창, 셔터 및 관련제품 제조업 외 5 종","수문, 가동보, 크레인 등"
192,김제서흥농공단지,(주)한영산업,박월수,전북특별자치도 김제시 서흥공단1길 67 (흥사동),25111,"금속 문, 창, 셔터 및 관련제품 제조업 외 5 종","수문, 권양기, 펌프, 밸브, 모터, 크레인, 제진기"
193,김제서흥농공단지,그림길,"배완수, 김미임",전북특별자치도 김제시 서흥공단2길 81 (흥사동),22191,고무패킹류 제조업 외 1 종,바닥식융착제
194,김제서흥농공단지,다복솔식품,고운주,전북특별자치도 김제시 서흥공단2길 6 (흥사동),10711,떡류 제조업 외 2 종,"빵, 떡, 과자류"
195,김제서흥농공단지,변암금속,김현례,"전북특별자치도 김제시 서흥공단2길 69 (흥사동, ㈜비에이메탈)",25924,절삭가공 및 유사처리업 외 1 종,강주물품
196,김제서흥농공단지,비에이메탈(주),김연섭,"전북특별자치도 김제시 서흥공단2길 69 (흥사동, ㈜비에이메탈)",24312,강주물 주조업 외 9 종,산업기계용정밀주조품
197,김제서흥농공단지,삼오전기 주식회사,김은하,"전북특별자치도 김제시 하공로 174, (흥사동 205-40번지) (흥사동)",28123,배전반 및 전기 자동제어반 제조업 외 5 종,"배전반,가로등주,CCTV"
198,김제서흥농공단지,에스케이정밀,이상규,전북특별자치도 김제시 서흥공단2길 84(흥사동),25112,구조용 금속 판제품 및 공작물 제조업 외 4 종,자동차부품
199,김제서흥농공단지,유한회사 금호디자인,강성원,전북특별자치도 김제시 서흥공단2길 81 (흥사동),33910,간판 및 광고물 제조업,간판
200,김제서흥농공단지,유한회사 시원이엔지,박용석,"전북특별자치도 김제시 하공로 174 (흥사동, 금산송주)",26421,방송장비 제조업 외 1 종,"스피커,CCTV"
201,김제서흥농공단지,유한회사 아트윌,김윤오,전북특별자치도 김제시 서흥공단2길 81 (흥사동),22299,그 외 기타 플라스틱 제품 제조업 외 4 종,조형물
202,김제서흥농공단지,유한회사 온광이앤씨,김은희,전북특별자치도 김제시 서흥공단2길 84 (흥사동),28422,일반용 전기 조명장치 제조업 외 3 종,"LED 경관조명, LED 가로등기구, LED 일반조명등, 조명제어반, 가로등주, 공원등주"
203,김제서흥농공단지,정산업,김종관,전북특별자치도 김제시 서흥공단2길 60 (흥사동),25929,그 외 기타 금속가공업,플라즈마 용사코팅
204,김제서흥농공단지,조영산업(주),장욱,전북특별자치도 김제시 흥사동 286-27번지 외 1필지,24229,"기타 비철금속 압연, 압출 및 연신 제품 제조업","pp사, pp밴드,필링사"
205,김제서흥농공단지,주식회사  대온,윤주하,전북특별자치도 김제시 서흥공단2길 56 (흥사동),25111,"금속 문, 창, 셔터 및 관련제품 제조업 외 11 종","액체펌프, 수문, 호이스트, 크레인,제진기, 수문권양기, 교반기, 탈취기"
206,김제서흥농공단지,주식회사 삼부 ,조길봉,전북특별자치도 김제시 서흥공단2길 38 (흥사동),30122,화물자동차 및 특수목적용 자동차 제조업 외 5 종,"쓰리축 장착, 덤프트럭 제조, 곡물수송차 제조"
207,김제서흥농공단지,주식회사 삼부레저텍 ,조길봉,전북특별자치도 김제시 서흥공단2길 22 (흥사동),30201,차체 및 특장차 제조업 외 7 종,"캠핑카, 레저용 트레일러 등 "
208,김제서흥농공단지,주식회사 상진개발,손선은,전북특별자치도 김제시 서흥공단2길 56 (흥사동),28422,일반용 전기 조명장치 제조업,LED 조명
209,김제서흥농공단지,주식회사 제일,허점숙,전북특별자치도 김제시 하공로 174 (흥사동),25999,그 외 기타 분류 안된 금속 가공 제품 제조업 외 3 종,조형물
210,김제서흥농공단지,주식회사 태극전기,왕진호,"전북특별자치도 김제시 하공로 174 (흥사동, 금산송주)",28422,일반용 전기 조명장치 제조업 외 7 종,LED 조명기구
211,김제서흥농공단지,하이스트 주식회사,임병완,전북특별자치도 김제시 서흥공단2길 56 (흥사동),29175,액체 여과기 제조업 외 13 종,"액체여과기, 금속 울타리, 계단, 사다리 등, 육상 금속 골조 구조재, 수문문비, 문틀 등, 농업용 살포차 등, 차체용부품 등, 수문밸브, 배전반 및 전기자동제어반, 수문권양기, 기체여과기, 산업용 송풍기 및  배기장치, 금속탱크 및 저장용기, 벌류트 펌프, 수중펌프 등, 농기계부품 등"
212,김제서흥농공단지,한민산업(주),정혜란,전북특별자치도 김제시 서흥공단2길 81 (흥사동),28123,배전반 및 전기 자동제어반 제조업 외 2 종,"자동제어반, 계장제어장치 등"
213,김제만경농공단지,(유)신성정밀,손성춘,전북특별자치도 김제시 만경읍 만경공단1길 96,30201,차체 및 특장차 제조업,"자동차, 사다리차용접품"
214,김제만경농공단지,(유)예광케미칼,이장희,전북특별자치도 김제시 만경읍 만경공단2길 10,30202,자동차 구조 및 장치 변경업 ,샤시 탑
215,김제만경농공단지,(유)웅진기계,선광주,전북특별자치도 김제시 만경읍 만경공단2길 33 (㈜ 인뉴보텍),29210,농업 및 임업용 기계 제조업,트랙터부착용작업기
216,김제만경농공단지,(유)웅진기계 제2공장,선광주,전북특별자치도 김제시 만경읍 만경공단2길 57 ((유) 웅진기계) 외 1필지,29210,농업 및 임업용 기계 제조업 외 1 종,"농업용기계(무논정지기,직파정지기),도장"
217,김제만경농공단지,(유)주성,김성준,전북특별자치도 김제시 만경읍 만경공단2길 21,30201,차체 및 특장차 제조업,"고소작업차 탑승함, 아웃트리거"
218,김제만경농공단지,(유)주성,김성준,전북특별자치도 김제시 만경읍 만경공단2길 10,30201,차체 및 특장차 제조업,특장차 부품
219,김제만경농공단지,(주)금화인버텍,최운서,전북특별자치도 김제시 만경읍 만경공단2길 54,29230,금속 주조 및 기타 야금용 기계 제조업,"용해로, 전기로"
220,김제만경농공단지,(주)백광아이에스티,최태호,전북특별자치도 김제시 만경읍 만경공단2길 86,25112,구조용 금속 판제품 및 공작물 제조업 외 2 종,"고압가스 저장용기,약품투입기,산업용 송풍기"
221,김제만경농공단지,(주)에스지테크,이은영,"전북특별자치도 김제시 만경읍 만경공단2길 28, 만경읍 몽산리 106-13번지 (㈜ 호룡)",22241,운송장비 조립용 플라스틱제품 제조업 외 2 종,"특장차케빈, 특장차프런트 커버"
222,김제만경농공단지,(주)하림,김홍국 외 1명,전북특별자치도 김제시 만경읍 만경공단1길 25 (㈜ 하림) 외 1필지,10801,배합 사료 제조업 외 1 종,"배합사료, 톱밥"
223,김제만경농공단지,(주)호이스트코리아 제2공장,박수배,전북특별자치도 김제시 만경읍 만경공단2길 28 (㈜ 호룡),30201,차체 및 특장차 제조업 외 1 종,"특장차, 특장부품"
224,김제만경농공단지,(주)휴먼레이저,노진화,"전북특별자치도 김제시 만경읍 만경공단2길 21, (몽산리 106-20)",25932,일반철물 제조업,금속제 브래킷
225,김제만경농공단지,세중산업(주),이명애,전북특별자치도 김제시 만경읍 만경공단2길 40 (세중산업),17221,종이 포대 및 가방 제조업 외 5 종,"포대제조,합사등"
226,김제만경농공단지,신성정밀,손성춘,전북특별자치도 김제시 만경읍 만경공단1길 96,25924,절삭가공 및 유사처리업,"자동차부품(SHAFT, ROLLER)"
227,김제만경농공단지,장보고상사,고미정,전북특별자치도 김제시 만경읍 만경공단2길 74 (장보고 푸드),10402,식물성 유지 제조업,"참기름, 들기름, 볶음참깨"
228,김제만경농공단지,제이앤에스엔지니어링 주식회사,"임순미,이경석",전북특별자치도 김제시 만경읍 만경공단1길 82,13224,"천막, 텐트 및 유사 제품 제조업 외 5 종","막 구조물, 차양 컨테이너하우스,목재덱"
229,김제만경농공단지,주)대동금속스텐공업,홍성일,전북특별자치도 김제시 만경읍 만경공단2길 66 (㈜대동금속스텐공업),25112,구조용 금속 판제품 및 공작물 제조업 외 1 종,"스텐레스파이프,발코니,금속제창,방범창"
230,김제만경농공단지,주식회사 세진씰 김제지점,강수진,전북특별자치도 김제시 만경읍 만경공단2길 54,29241,건설 및 채광용 기계장비 제조업 외 1 종,플로팅 씰
231,김제만경농공단지,주식회사 에코시스텍,김두원,전북특별자치도 김제시 만경읍 만경공단1길 82,27213,"물질 검사, 측정 및 분석기구 제조업 외 6 종",계장제어장치
232,김제만경농공단지,주식회사 팜스토리 서울사료 김제,배수한,전북특별자치도 김제시 만경공단1길 8 (만경읍),10801,배합 사료 제조업 외 1 종,배합사료
233,김제만경농공단지,주식회사 하림,"이문용,김홍국",전북특별자치도 김제시 만경읍 만경공단1길 25 (㈜ 하림),16102,표면 가공 목재 및 특정 목적용 제재목 제조업,톱밥
234,김제만경농공단지,주식회사 협승산업,이용식,전북특별자치도 김제시 만경읍 만경공단2길 10,30201,차체 및 특장차 제조업,사다리운반카
235,김제만경농공단지,주식회사 호룡,박장현,전북특별자치도 김제시 만경읍 만경공단2길 28 (㈜ 호룡),30201,차체 및 특장차 제조업 외 3 종,"고가사다리차,고소작업차,트레일러"
236,김제만경농공단지,주식회사 호룡,박장현,전북특별자치도 김제시 만경읍 만경공단2길 11 (㈜ 호룡),30201,차체 및 특장차 제조업 외 2 종,고가사다리차
237,김제만경농공단지,주식회사 호룡,박장현,"전북특별자치도 김제시 만경읍 만경공단1길 44, 만경읍 몽산리 106-25번지",30201,차체 및 특장차 제조업 외 1 종,"고가사다리차,고소작업차,크레인"
238,김제만경농공단지,주식회사 호룡,박장현,전북특별자치도 김제시 만경읍 만경공단2길 10,30201,차체 및 특장차 제조업 외 1 종,"고가사다리차,고소작업차,크레인"
239,김제만경농공단지,주식회사 호룡,박장현,"전북특별자치도 김제시 만경읍 만경공단2길 73, (몽산리 106-16)",30201,차체 및 특장차 제조업 외 6 종,"고가사다리차, 고소작업차, 크레인"
240,김제만경농공단지,지에스(GS)금속,윤혜란,전북특별자치도 김제시 만경읍 만경공단2길 54,24311,선철주물 주조업 외 1 종,상하수도용 맨홀
241,김제순동일반산업단지,(유)건영산업,이경화,"전북특별자치도 김제시 순동산단1길 70, 대화유리(주) (순동)",25111,"금속 문, 창, 셔터 및 관련제품 제조업 외 12 종","하수처리구성품,펌프,크레인"
242,김제순동일반산업단지,(유)우리테크,김상현,전북특별자치도 김제시 순동산단길 160 (순동),22232,포장용 플라스틱 성형용기 제조업,플라스틱 박스
243,김제순동일반산업단지,(유)평화특장,김승자,"전북특별자치도 김제시 순동산단길 178 (순동, 평화특장)",25122,금속탱크 및 저장용기 제조업 외 1 종,유류탱크
244,김제순동일반산업단지,(주)기웅케미칼,김보근,전북특별자치도 김제시 순동산단길 170-3 (순동),22299,그 외 기타 플라스틱 제품 제조업 외 2 종,플라스틱 제품
245,김제순동일반산업단지,(주)다올이앤씨,김춘옥,전북특별자치도 김제시 순동산단1길 44 (순동),26429,기타 무선 통신장비 제조업,전자통신부품
246,김제순동일반산업단지,(주)도부,박청동,"전북특별자치도 김제시 순동산단길 179 (순동, 일합정공㈜)",29210,농업 및 임업용 기계 제조업,농기계
247,김제순동일반산업단지,(주)메이저스마트건설,황혜경,전북특별자치도 김제시 순동산단길 178 (순동),28111,전동기 및 발전기 제조업 외 1 종,"태양광발전장치, 분전반, 배전반"
248,김제순동일반산업단지,(주)미래브이씨,김연민,"전북특별자치도 김제시 순동산단1길 48 (순동, 미래브이씨㈜)",30392,자동차용 신품 제동장치 제조업,허브및드럼
249,김제순동일반산업단지,(주)미석케미칼,김영민,전북특별자치도 김제시 순동산단길 248 (순동),22212,플라스틱 필름 제조업 외 1 종,"인조대리석, 칩"
250,김제순동일반산업단지,(주)엘리코,임영춘,"전북특별자치도 김제시 순동산단길 205 (순동, 엘리코㈜)",31992,자석및자석제품제조업,소포트페라이트
251,김제순동일반산업단지,(주)엠아이텍 김제지점,곽재오,전북특별자치도 김제시 순동산단1길 27-33 (순동),27112,전기식 진단 및 요법 기기 제조업 외 3 종,"혈당측정기, 혈당측정검사지"
252,김제순동일반산업단지,(주)이노아스팔트에멀전,김병수,"전북특별자치도 김제시 순동산단길 164 (순동, 이노아스팔트에멀젼㈜)",23999,그 외 기타 분류 안된 비금속 광물제품 제조업 외 3 종,아스팔트유제
253,김제순동일반산업단지,(주)이코텍,최병대,"전북특별자치도 김제시 순동산단길 147-28 (순동, 이코텍㈜)",25923,도장 및 기타 피막처리업,자동차부품 도장
254,김제순동일반산업단지,(주)참고을,김윤권,"전북특별자치도 김제시 순동산단1길 28-17 (순동, 참고을)",10402,식물성 유지 제조업 외 2 종,"참기름,볶음참께"
255,김제순동일반산업단지,(주)참고을제2공장,김윤권,"전북특별자치도 김제시 순동산단길 95-17 (순동, 참고을)",10743,장류 제조업 외 1 종,장류
256,김제순동일반산업단지,(주)푸드웨어,신동식,"전북특별자치도 김제시 순동산단1길 28-38 (순동, 푸드웨어㈜) 외 1필지",10751,도시락류 제조업 외 1 종,물만두
257,김제순동일반산업단지,FL(에프엘),김현진,전북특별자치도 김제시 순동산단1길 44 (순동),28423,전시 및 광고용 조명장치 제조업 외 1 종,"크리스마스트리장식, 콘크리트조형물"
258,김제순동일반산업단지,디더블유대원 주식회사,박영길,전북특별자치도 김제시 순동산단길 170-16 (순동),25112,구조용 금속 판제품 및 공작물 제조업 외 1 종,레미콘차부품
259,김제순동일반산업단지,보농 주식회사,장석천,전북특별자치도 김제시 순동산단길 179 (순동),29210,농업 및 임업용 기계 제조업,"축사자동목걸이, 축산기자재"
260,김제순동일반산업단지,우영,유호연,전북특별자치도 김제시 순동산단길 195 (순동),29299,그 외 기타 특수목적용 기계 제조업,내장탑 프레임
261,김제순동일반산업단지,유한회사 대경,김상현,전북특별자치도 김제시 순동산단길 195 (순동),30399,그 외 자동차용 신품 부품 제조업,자동차 알루미늄 휠
262,김제순동일반산업단지,정가네푸드,정진화,전북특별자치도 김제시 순동산단길 151 (순동),10619,기타 곡물 가공품 제조업,누룽지
263,김제순동일반산업단지,제이비씨앤에스 주식회사,백영우,전북특별자치도 김제시 순동산단1길 70(순동),30201,차체 및 특장차 제조업,고소작업차(특장차)
264,김제순동일반산업단지,주식회사 상봉모터스,이제훈,"전북특별자치도 김제시 순동산단1길 28-35 (순동, ESSK)",30310,자동차 엔진용 신품 부품 제조업 외 4 종,"자동차용 배기파이프, 자동차매연저감장치,와이퍼링크"
265,김제순동일반산업단지,주식회사 세니피아 ,박인호,전북특별자치도 김제시 순동산단길 129 (순동),10749,기타 식품 첨가물 제조업,"락스, 초음파 젤"
266,김제순동일반산업단지,주식회사 세원물산,김영선,"전북특별자치도 김제시 순동산단1길 44, 순동960-1 (순동, SNA㈜)",25112,구조용 금속 판제품 및 공작물 제조업 외 2 종,"금속계단,비계용지주"
267,김제순동일반산업단지,주식회사 수영산업,김상은,전북특별자치도 김제시 순동산단길 60(순동),17212,골판지 상자 및 가공제품 제조업 외 1 종,"골판지상자, 수출용자동차부품박스"
268,김제순동일반산업단지,주식회사 에프엔프레시,김성열,전북특별자치도 김제시 순동산단길 216(순동) 외 1필지,10121,가금류 가공 및 저장 처리업 외 2 종,"도계육外(신선가공,양념육,염지 등)"
269,김제순동일반산업단지,주식회사 엔이바이오,신영수,전북특별자치도 김제시 순동산단1길 44 (순동),10749,기타 식품 첨가물 제조업,"발효효소식품, 기타발효식품"
270,김제순동일반산업단지,주식회사 영실,박세환,"전북특별자치도 김제시 순동산단길 195, 순동963-2 (순동, 유천㈜)",30201,차체 및 특장차 제조업 외 1 종,"이동목욕차,매트릭스소독차"
271,김제순동일반산업단지,주식회사 지엠에스바이오,정선,전북특별자치도 김제시 순동산단1길 27-33 (순동),27112,전기식 진단 및 요법 기기 제조업 외 1 종,혈당측정기
272,김제순동일반산업단지,주식회사 투지,김필근,전북특별자치도 김제시 순동산단길 170-3 (순동),22199,그 외 기타 고무제품 제조업,"현관매트, PE메트"
273,김제순동일반산업단지,주식회사 하이호휠,호동철,"전북특별자치도 김제시 순동산단1길 37 (순동, 진원메텍㈜)",30399,그 외 자동차용 신품 부품 제조업 외 3 종,승용차용 알루미늄휠
274,김제순동일반산업단지,태호정밀(주),윤중학,전북특별자치도 김제시 순동산단길 195 (순동),30399,그 외 자동차용 신품 부품 제조업,자동차 부품
275,김제순동일반산업단지,한울푸드,이미순,전북특별자치도 김제시 순동산단길 151(순동),10612,곡물 제분업 외 1 종,"곡류가공품, 누룽지"
276,김제월촌농공단지,(유)광명콘크리트,한상옥,"전북특별자치도 김제시 월촌공단길 101-32 (명덕동, 광명콘크리트)",23325,콘크리트 관 및 기타 구조용 콘크리트 제품 제조업 외 1 종,수로관
277,김제월촌농공단지,(유)삼보정보통신,오진균,전북특별자치도 김제시 월촌공단길 33 (명덕동),26421,방송장비 제조업 외 3 종,"CCTV, 교통신호등, 전광판등, 차량검지기, 무선방송장치, 원격제어장치, 전원제어장치"
278,김제월촌농공단지,(유)세그루,고미경,"전북특별자치도 김제시 월촌공단길 110-45, (유)세그루 (연정동, 금명식품(유))",10402,식물성 유지 제조업 외 1 종,식용유지
279,김제월촌농공단지,(유)시엘디자인,박은상,전북특별자치도 김제시 월촌공단길 174(연정동),33910,간판 및 광고물 제조업 외 5 종,"조형물, 석제품"
280,김제월촌농공단지,(유)에코그린,문정곤,"전북특별자치도 김제시 월촌공단길 33, 3동 (명덕동)",29210,농업 및 임업용 기계 제조업,농축산용 소독장비
281,김제월촌농공단지,(유)케이디엔텍,송기대,전북특별자치도 김제시 월촌공단길 101-9 (명덕동),29175,액체 여과기 제조업 외 9 종,"액체여과기, 케익호파, 슬러지수집기 등"
282,김제월촌농공단지,(유)한빛산업,서은주,"전북특별자치도 김제시 월촌공단길 81, 2호 (명덕동)",25112,구조용 금속 판제품 및 공작물 제조업 외 1 종,울타리 및 옥외용벤치
283,김제월촌농공단지,(주) 자영,박상도,전북특별자치도 김제시 월촌공단길 73-34 (명덕동),20421,계면활성제 제조업 외 2 종,고분자 계면활성제
284,김제월촌농공단지,(주)삼진산업,권태진,전북특별자치도 김제시 연정동 866번지 외 1필지 외 1필지,30320,자동차 차체용 신품 부품 제조업 외 8 종,자동차부품
285,김제월촌농공단지,(주)성도팩 김제지점,손영훈,전북특별자치도 김제시 월촌공단길 81 (명덕동),17223,식품 위생용 종이 상자 및 용기 제조업,종이용기
286,김제월촌농공단지,(주)세강산업,장봉헌,"전북특별자치도 김제시 월촌공단길 101-27 (명덕동, 명원테크)",30320,자동차 차체용 신품 부품 제조업 외 1 종,"엔진콤파트, 휠팬등"
287,김제월촌농공단지,(주)엘림,이준수,"전북특별자치도 김제시 월촌공단길 101-32 (명덕동, 광명콘크리트)",15220,신발 부분품 제조업,중창
288,김제월촌농공단지,(주)우진창호시스템,이동주,"전북특별자치도 김제시 월촌공단길 33, 7동 (명덕동)",25111,"금속 문, 창, 셔터 및 관련제품 제조업",알루미늄 금속제창
289,김제월촌농공단지,(주)타니,김후연,"전북특별자치도 김제시 월촌공단길 33, 1,2동 (명덕동)",28423,전시 및 광고용 조명장치 제조업,LED 전광판
290,김제월촌농공단지,(주)하삼,전봉례,"전북특별자치도 김제시 월촌공단길 73-20 (명덕동, 오성가설사업)",10129,육류 기타 가공 및 저장처리업 (가금류 제외) 외 1 종,가공 돈등뼈
291,김제월촌농공단지,김제금속시설물협동조합,김형문,전북특별자치도 김제시 월촌공단길 174(연정동),23919,기타 석제품 제조업 외 2 종,"조형물, 광고물"
292,김제월촌농공단지,베스트통상,김병숙,전북특별자치도 김제시 월촌공단길 174 (연정동),29210,농업 및 임업용 기계 제조업,"동력엔진분무기, 밀착식모타분무기"
293,김제월촌농공단지,서우벤딩,김태모,전북특별자치도 김제시 월촌공단길 74-29(연정동),25913,자동차용 금속 압형제품 제조업 외 4 종,자동차부품
294,김제월촌농공단지,서진테크INC,임용식,전북특별자치도 김제시 월촌공단길 73-10 (명덕동),25113,육상 금속 골조 구조재 제조업,금속절단 가공품
295,김제월촌농공단지,세원바이오텍,우종건,전북특별자치도 김제시 월촌공단길 74-29(연정동),20321,화학 살균.살충제 및 농업용 약제 제조업,살균제
296,김제월촌농공단지,에코엔텍 주식회사,김준수,전북특별자치도 김제시 월촌공단길 73-34(명덕동),20421,계면활성제 제조업,탄소저감 폴리머
297,김제월촌농공단지,유한회사 가온산업건설,정한별,전북특별자치도 김제시 월촌공단길 74-14 (연정동),25112,구조용 금속 판제품 및 공작물 제조업 외 5 종,"버스승강장, 디자인형 울타리, 이동식 화장실, 옥외용벤치, 금속제 기타울타리, 에어커튼"
298,김제월촌농공단지,유한회사 더원산업,이상철,전북특별자치도 김제시 월촌공단길 74-29(연정동),13219,특수 직물 및 기타 직물 직조업,보형매트
299,김제월촌농공단지,유한회사 태강,"조철인, 백은희",전북특별자치도 김제시 월촌공단길 33 (명덕동),25112,구조용 금속 판제품 및 공작물 제조업 외 4 종,"버스승강장, 자전거보관대, 이동식초소, 흡연부스, 조립식구조물, 기타이동식부스, 쓰레기통, 컨테이너하우스"
300,김제월촌농공단지,이레테크,김예성,전북특별자치도 김제시 월촌공단길 74-29 (연정동),25914,그 외 금속 압형제품 제조업 외 2 종,"특장차 부품, 농기계 로터리"
301,김제월촌농공단지,일신산업(주),정철수,전북특별자치도 김제시 월촌공단길 102(연정동),22212,플라스틱 필름 제조업,P.E 필름
302,김제월촌농공단지,주식회사 구산엘앤디,나정화,"전북특별자치도 김제시 월촌공단길 74-30, 4동 (연정동)",25113,육상 금속 골조 구조재 제조업 외 3 종,"가로등주, 가로등기구"
303,김제월촌농공단지,주식회사 다나퓨쳐,김동필,전북특별자치도 김제시 월촌공단길 74-30 (연정동),25999,그 외 기타 분류 안된 금속 가공 제품 제조업 외 1 종,"LED경관조명기구, 조형물"
304,김제월촌농공단지,주식회사 메이저스마트건설,황혜경,전북특별자치도 김제시 월촌공단길 33 (명덕동),28111,전동기 및 발전기 제조업 외 1 종,"태양광발전설비, 수배전반"
305,김제월촌농공단지,주식회사 명신테크,정순화,"전북특별자치도 김제시 월촌공단길 66 (연정동, ㈜하이랜드)",30399,그 외 자동차용 신품 부품 제조업 외 3 종,리어엑슬 브라켓
306,김제월촌농공단지,주식회사 벧엘산업개발,서대근,전북특별자치도 김제시 월촌공단길 74-14 (연정동),25999,그 외 기타 분류 안된 금속 가공 제품 제조업,도로표지병
307,김제월촌농공단지,주식회사 수호전력,장수지,전북특별자치도 김제시 월촌공단길 74-14 (연정동),25113,육상 금속 골조 구조재 제조업 외 8 종,"금속기둥, 종합폴,  신호등, 전기분전반, LED등기구, 보안등, 가로등, CCTV, 에어커튼, 조립식구조물"
308,김제월촌농공단지,주식회사 엘케이이노텍,이태화,"전북특별자치도 김제시 월촌공단길 110-32 (연정동, 흥농상토)",20112,천연수지 및 나무 화학물질 제조업,바이오차콜
309,김제월촌농공단지,주식회사 오케이라이팅,김진호,"전북특별자치도 김제시 월촌공단길 74-30, 연정동 873번지 (연정동)",25114,수상 금속 골조 구조재 제조업 외 4 종,"LED경관조명기구, LED보안/가로등"
310,김제월촌농공단지,주식회사 제일,허점숙,전북특별자치도 김제시 월촌공단길 74-14 (연정동),33932,전시용 모형 제조업 외 6 종,금속조형물 등
311,김제월촌농공단지,주식회사 천윤,"이석청, 문유선",전북특별자치도 김제시 월촌공단길 81 (명덕동),13225,직물포대 제조업,직물포대(식생토낭)
312,김제월촌농공단지,주식회사 한길,한상윤,전북특별자치도 김제시 월촌공단길 110-45 (연정동),10402,식물성 유지 제조업,"유산균 발효 참기름, 들기름 외"
313,김제월촌농공단지,진성포장,김혜숙,전북특별자치도 김제시 월촌공단길 74-14 (연정동),17211,골판지 제조업 외 1 종,골판지상자
314,김제월촌농공단지,한양특수화학,이재희,전북특별자치도 김제시 월촌공단길 101-9(명덕동),20411,일반용 도료 및 관련제품 제조업 외 2 종,일반용도료 및 관련제품
315,김제황산농공단지,(유)삼광테크,채규룡,전북특별자치도 김제시 황산면 용마로 429-6 (삼광테크),25932,일반철물 제조업 외 1 종,농기계철구조물
316,김제황산농공단지,(유)신포우리식품,박양진,전북특별자치도 김제시 황산면 용마로 429-9 (신포우리식품),10309,기타 과실ㆍ채소 가공 및 저장 처리업 외 3 종,"만두,면,장"
317,김제황산농공단지,(유)신한산업,강명숙,전북특별자치도 김제시 황산면 용마로 429-23 ((유)신한산업),30399,그 외 자동차용 신품 부품 제조업 외 3 종,조향장치
318,김제황산농공단지,(주)일성,정민규,전북특별자치도 김제시 황산면 용마로 469 (㈜일성),20313,유기질 비료 및 상토 제조업 외 1 종,"자동차부품,농기구"
319,김제황산농공단지,금전기업(주),"홍종식, 홍종서",전북특별자치도 김제시 황산면 용마로 429-65 (황산면) 외 1필지,25111,"금속 문, 창, 셔터 및 관련제품 제조업 외 7 종","수문, 펌프, 제진기, 수처리기자재"
320,김제황산농공단지,금전기업(주),"홍종식, 홍종서",전북특별자치도 김제시 황산면 용마로 455-14,25111,"금속 문, 창, 셔터 및 관련제품 제조업 외 15 종","수문,펌프,"
321,김제황산농공단지,금전기업(주),"홍종식, 홍종서",전북특별자치도 김제시 황산면 용마로 455-15 외 1필지,25111,"금속 문, 창, 셔터 및 관련제품 제조업 외 7 종","수문,강관"
322,김제황산농공단지,농업회사법인 (주)세아농산 ,박양상,전북특별자치도 김제시 황산면 용마로 429-55,10301,김치류 제조업 외 1 종,단무지
323,김제황산농공단지,미곡종합포장(주),이상학,전북특별자치도 김제시 황산면 용마로 455 (㈜미곡종합포장),17221,종이 포대 및 가방 제조업,종이포대 및 가방
324,김제황산농공단지,호평중공업주식회사,조강식,전북특별자치도 김제시 금구면 용마로 455-14 (총 2 필지),25111,"금속 문, 창, 셔터 및 관련제품 제조업 외 13 종",　철문
325,김제황산농공단지,호평중공업주식회사,조강식,전북특별자치도 김제시 황산면 용마로 429-41,25111,"금속 문, 창, 셔터 및 관련제품 제조업 외 15 종","수문,강관,교량, 교통표지판 외"
326,김제대동농공단지,(유)대성기업,배인숙,전북특별자치도 김제시 만경읍 대동공단1길 41,25111,"금속 문, 창, 셔터 및 관련제품 제조업 외 14 종","밸브, 하수처리기계, 금속, 펌프 등"
327,김제대동농공단지,(유)동우솔루션,송숭주,전북특별자치도 김제시 백산면 대동공단2길 34-22,29210,농업 및 임업용 기계 제조업,축산사료배합기
328,김제대동농공단지,(유)인데스,고진희,전북특별자치도 김제시 만경읍 대동공단2길 97,30399,그 외 자동차용 신품 부품 제조업,"파이프 밴딩, 열교환기 부품"
329,김제대동농공단지,(유)코리아산업,라경진,전북특별자치도 김제시 만경읍 대동공단1길 32 ((유) 코리아 산업) 외 1필지,30391,자동차용 신품 조향장치 및 현가 장치 제조업,현가장치
330,김제대동농공단지,(유)희진,이재만,전북특별자치도 김제시 만경읍 대동공단2길 51 ((유) 희진),30399,그 외 자동차용 신품 부품 제조업 외 4 종,"자동차부품(머드가드,문턱커버)"
331,김제대동농공단지,(주)강진산업,김완식,전북특별자치도 김제시 백산면 대동공단2길 34-22,29241,건설 및 채광용 기계장비 제조업,버켓
332,김제대동농공단지,(주)광명,현진아,전북특별자치도 김제시 백산면 대동공단2길 34-32,29131,액체 펌프 제조업 외 5 종,"액체펌프, 수문류 등"
333,김제대동농공단지,(주)세영테크,조숙자,"전북특별자치도 김제시 만경읍 대동공단2길 97, (대동리 1134)",30201,차체 및 특장차 제조업 외 1 종,"고소작업차 하브프레임, 특장차 부품"
334,김제대동농공단지,(주)에스제이시스템,나기남,전북특별자치도 김제시 백산면 대동공단2길 34-32,25999,그 외 기타 분류 안된 금속 가공 제품 제조업,아연금속 볼라드
335,김제대동농공단지,(주)울트라2공장,김상도,전북특별자치도 김제시 만경읍 대동공단1길 27 (만경읍),25923,도장 및 기타 피막처리업,"자동차부품도장,머플러,휠(로타리)"
336,김제대동농공단지,(주)유니온기업,홍진표,전북특별자치도 김제시 백산면 대동공단2길 34-32,30399,그 외 자동차용 신품 부품 제조업,배기파이프
337,김제대동농공단지,(주)인후테크,김창인,"전북특별자치도 김제시 백산면 대동공단2길 34-22, B동",30201,차체 및 특장차 제조업,"고소작업차, 사다리차 차체결합용 상/하부 프레임"
338,김제대동농공단지,(주)제다코리아,최호식,전북특별자치도 김제시 만경읍 대동리 1148-1,30201,차체 및 특장차 제조업 외 1 종,특장차
339,김제대동농공단지,(주)코팅코리아,최규호,전북특별자치도 김제시 만경읍 대동공단1길 135 외 3필지,25923,도장 및 기타 피막처리업 외 1 종,"강관부속품코팅, 폴리에틸렌코팅, 폴리에틸렌분체라이닝강관"
340,김제대동농공단지,(주)한국몰드 김제,고일주,전북특별자치도 김제시 백산면 대동공단2길 38 (㈜ 한국몰드),30320,자동차 차체용 신품 부품 제조업 외 5 종,"자동차용조립패널(외장판넬) 차량용문짝(도어),도어스커트"
341,김제대동농공단지,금강기공,최금성,전북특별자치도 김제시 만경읍 대동공단2길 15 (㈜ 평안정공),30399,그 외 자동차용 신품 부품 제조업,액슬하우징
342,김제대동농공단지,대승정밀(주),"정세민, 김장송",전북특별자치도 김제시 백산면 대동공단2길 62,30331,자동차용 신품 동력전달장치 제조업 외 1 종,자동차부품(CON_ROD)
343,김제대동농공단지,대진산업,김용덕,전북특별자치도 김제시 백산면 대동공단2길 34-32,29163,컨베이어장치 제조업 외 2 종,스크류 컨베이어
344,김제대동농공단지,동일레이져,김동학,전북특별자치도 김제시 만경읍 대동공단1길 41,30320,자동차 차체용 신품 부품 제조업,"자동차 부품, 농기계 부픔, 특장차 부품"
345,김제대동농공단지,온누리무인항공,김현중,전북특별자치도 김제시 백산면 대동공단2길 34-32,31311,"유인 항공기, 항공우주선 및 보조장치 제조업 외 6 종",드론
346,김제대동농공단지,용태철망,구진희,전북특별자치도 김제시 만경읍 대동공단1길 41,25944,금속선 가공제품 제조업 외 2 종,"용접철망, 돌망태, 식생매트 등"
347,김제대동농공단지,유한회사 한영산업,한종흥,전북특별자치도 김제시 백산면 대동공단2길 34-32,25929,그 외 기타 금속가공업,"특장차 프레임, 아웃트리거"
348,김제대동농공단지,장인금속(주) 김제지점,강규선,전북특별자치도 김제시 백산면 대동공단2길 34-32,25921,금속 열처리업,"자동차 부품 볼트,밸브"
349,김제대동농공단지,주식회사 더원,정세민,전북특별자치도 김제시 만경읍 대동공단2길 33-14,30320,자동차 차체용 신품 부품 제조업 외 2 종,"파워트랜스퍼유닛, 액티브트랜스퍼유닛"
350,김제대동농공단지,주식회사 더자임,김경용,전북특별자치도 김제시 백산면 대동공단2길 34-32,25111,"금속 문, 창, 셔터 및 관련제품 제조업 외 3 종","금속제울타리, 금속구조용판제품, 교량난간, 볼라드"
351,김제대동농공단지,주식회사 메카토닉,최광일,전북특별자치도 김제시 만경읍 대동공단1길 55,30391,자동차용 신품 조향장치 및 현가 장치 제조업 외 3 종,"제3세대 허브베어링, 베어링, 베어링, 베어링"
352,김제대동농공단지,주식회사 시스템즈(김제지점),전보경,"전북특별자치도 김제시 만경읍 대동공단2길 97, 5동",25112,구조용 금속 판제품 및 공작물 제조업 외 1 종,"철구조물, 스틸그레이팅"
353,김제대동농공단지,주식회사 지티산업,문종구,"전북특별자치도 김제시 백산면 대동공단2길 34-50, 백산면 수록리 968",25991,금속 캔 및 기타 포장용기 제조업,재생드럼
354,김제대동농공단지,티아이에이,김창수,전북특별자치도 김제시 만경읍 대동공단2길 20,13229,기타 직물제품 제조업,마스크
355,김제대동농공단지,평안정공(주),최금성,전북특별자치도 김제시 만경읍 대동공단2길 15,30399,그 외 자동차용 신품 부품 제조업 외 1 종,"액슬하우징,변속기"
356,개별입지, 영농조합법인 지평선비료,"임은성, 임재곤",전북특별자치도 김제시 용지면 용지로 850-90,20312,복합비료 및 기타 화학비료 제조업 외 1 종,가축물퇴비
357,개별입지,(유) 대영중기,이상열,전북특별자치도 김제시 백산면 하공로 433-159 ((유)대영중기) 외 1필지,29241,건설 및 채광용 기계장비 제조업,부품가공기계
358,개별입지,(유) 모던아트,박인수,전북특별자치도 김제시 금구면 풍요로 806 외 4필지,25923,도장 및 기타 피막처리업 외 2 종,"커튼봉,커튼레일, 알루미늄 분체가공"
359,개별입지,(유) 시온영광포장,한기수,전북특별자치도 김제시 백산면 옥정길 128-78 (총 2 필지) 외 1필지,17211,골판지 제조업 외 1 종,골판지 상자
360,개별입지,(유)KMS호남물류증기,이명훈,전북특별자치도 김제시 백구면 번영로 2791,29120,유압기기 제조업,각종 중기 부품
361,개별입지,(유)공감,김경숙,전북특별자치도 김제시 봉남면 대송로 124 외 1필지,16229,기타 건축용 나무제품 제조업,실내벽체 마감패널
362,개별입지,(유)광원기계,"정경수, 김영태",전북특별자치도 김제시 만경로 86 (신곡동),29210,농업 및 임업용 기계 제조업,종자발아기 등 각종 농기계
363,개별입지,(유)금산,김종학,전북특별자치도 김제시 금산면 수류로 277 (총 3 필지) 외 2필지,11129,기타 증류주 및 합성주 제조업,민속주　
364,개별입지,(유)금성엔지니어링,유수앙,전북특별자치도 김제시 백구면 금백로 1183,29171,산업용 냉장 및 냉동 장비 제조업 외 1 종,공기조절장치
365,개별입지,(유)남광,강철석,전북특별자치도 김제시 용지면 금백로 810,23325,콘크리트 관 및 기타 구조용 콘크리트 제품 제조업 외 7 종,콘크리트관
366,개별입지,(유)대명,이상환,전북특별자치도 김제시 공덕면 유강로 33,29210,농업 및 임업용 기계 제조업 외 2 종,농업용트랙터 부착 로우더
367,개별입지,(유)대신 신재생산업,김동수,전북특별자치도 김제시 용지면 석정로 684 ((주)대신신재생산업),33992,"라이터, 연소물 및 흡연용품 제조업 외 1 종","MR, RPF"
368,개별입지,(유)대한철강,안연숙,전북특별자치도 김제시 공덕면 청공로 782-24,25112,구조용 금속 판제품 및 공작물 제조업 외 1 종,"기와강판, PE폼판넬"
369,개별입지,(유)대화가설,이범주,전북특별자치도 김제시 금구면 대화리 260-9번지 외 3필지,25113,육상 금속 골조 구조재 제조업,"가설교량제,비계용지주,금속공작물"
370,개별입지,(유)동남산업,김종선,"전북특별자치도 김제시 봉황로 1232 (오정동, 동남산업) (총 2 필지) 외 1필지",22251,폴리스티렌 발포 성형제품 제조업 외 1 종,건축용보온재
371,개별입지,(유)동민이피에스,김상민,전북특별자치도 김제시 봉황로 1232 (오정동),22251,폴리스티렌 발포 성형제품 제조업 외 1 종,스치로폼 건축단열재 등
372,개별입지,(유)동부산업,최민호,전북특별자치도 김제시 벽골제로 717 (입석동),25111,"금속 문, 창, 셔터 및 관련제품 제조업 외 3 종",수문권양기
373,개별입지,(유)동일산업,"서정옥, 박인섭",전북특별자치도 김제시 순백로 135-18 (순동) 외 1필지,25113,육상 금속 골조 구조재 제조업 외 6 종,철재 난간및 수문
374,개별입지,(유)라이텍,이성의,"전북특별자치도 김제시 백학제길 67 (백학동, (유) 라이텍)",28113,방전램프용 안정기 제조업,전자식안정기
375,개별입지,(유)라인환경기술,장정욱,전북특별자치도 김제시 백구면 영상4길 197,29174,기체 여과기 제조업 외 2 종,"수질,대기 오염방지시설"
376,개별입지,(유)리조,김영민,전북특별자치도 김제시 백구면 유강로 602-33 (황실가구),32019,소파 및 기타 내장가구 제조업,쇼파
377,개별입지,(유)모악철강산업,박민규,전북특별자치도 김제시 용지면 용지로 98,25112,구조용 금속 판제품 및 공작물 제조업 외 1 종,"금속제품 및 조립식 구조재, 금속제품 및 조립식 구조재"
378,개별입지,(유)백제산업,이인재,전북특별자치도 김제시 용지면 용지로 230 ((유)백제산업),28302,기타 절연선 및 케이블 제조업 외 2 종,국방부 야전통신선
379,개별입지,(유)부원철강휀스,이용기,전북특별자치도 김제시 황산면 봉월리 494-5,24199,그 외 기타 1차 철강 제조업 외 2 종,"철재 휀스, 기타 철재 구조물"
380,개별입지,(유)비전기술,김리,전북특별자치도 김제시 금구면 연동길 59-3,25999,그 외 기타 분류 안된 금속 가공 제품 제조업,"주소정보시설(도로명판, 지점번호판 등)"
381,개별입지,(유)비전기술,김리,전북특별자치도 김제시 백산면 소라1길 101,25999,그 외 기타 분류 안된 금속 가공 제품 제조업 외 1 종,주소안내시설물
382,개별입지,(유)삼양세라믹,이정관,전북특별자치도 김제시 용지면 서두길 52,23231,"점토 벽돌, 블록 및 유사 비내화 요업제품 제조업 외 1 종",적벽돌
383,개별입지,(유)삼한식품,한봉수,전북특별자치도 김제시 금구면 봉두로 161,10301,김치류 제조업 외 1 종,김치
384,개별입지,(유)삼흥산업,송기덕,전북특별자치도 김제시 금산면 구성길 192-15 ((유)삼흥산업) 외 8필지,23325,콘크리트 관 및 기타 구조용 콘크리트 제품 제조업,콘크리트관
385,개별입지,(유)삼흥에코그린,송명희,전북특별자치도 김제시 금산면 성계리 438-24번지 외 3필지,13992,부직포 및 펠트 제조업,"종자매트,보행매트"
386,개별입지,(유)서해푸드,최신옥,전북특별자치도 김제시 순동2길 201 (순동),20492,가공 및 정제염 제조업 외 4 종,"죽염,누룽지,죽염된장,닭봉,닭꼬치등"
387,개별입지,(유)성경,이준희,전북특별자치도 김제시 공덕면 유강로 101,23991,아스팔트 콘크리트 및 혼합제품 제조업,아스콘
388,개별입지,(유)성덕냉장,박희만,전북특별자치도 김제시 성덕면 점촌5길 144,11201,얼음 제조업 외 1 종,"얼음, 수산동물냉동"
389,개별입지,(유)세방전기통신,김재실,"전북특별자치도 김제시 화동길 54 (요촌동, 패션쇼핑몰)",26410,유선 통신장비 제조업 외 3 종,폐쇄회로텔레비젼시스템
390,개별입지,(유)세진바이오,김병기,"전북특별자치도 김제시 성덕면 대석리 21-1번지 36-1,36-2",20312,복합비료 및 기타 화학비료 제조업 외 1 종,비료
391,개별입지,(유)솔왕바이오,최성락,"전북특별자치도 김제시 백구면 유강10길 107, (유강리 565-2)",20312,복합비료 및 기타 화학비료 제조업,복합비료(안심100)
392,개별입지,(유)순동육가공공장,박민범,"전북특별자치도 김제시 순동2길 25 (순동, 순동 육가공)",10129,육류 기타 가공 및 저장처리업 (가금류 제외) 외 2 종,"돈.우육포장육,오리포장육,닭포장육."
393,개별입지,(유)신정알앤디,박윤정,전북특별자치도 김제시 효자로 82 (신풍동),25112,구조용 금속 판제품 및 공작물 제조업 외 1 종,우수받이 거름망
394,개별입지,(유)엔씨피플,박경미,"전북특별자치도 김제시 백구면 번영로 2914-5, (영상리 621-1)",25112,구조용 금속 판제품 및 공작물 제조업 외 6 종,"금속울타리, 가로등주, 자전거보관대, 태양광발전세트"
395,개별입지,(유)엔텍코리아,김태명,"전북특별자치도 김제시 백학제길 154, 폴리텍v김제대학 창업보육센타 (백학동)",28123,배전반 및 전기 자동제어반 제조업 외 1 종,마이크로 컨트롤보드외 4종
396,개별입지,(유)여흥농업회사법인,김홍권,전북특별자치도 김제시 부량면 전군길 93-32,10611,곡물 도정업,"쌀, 잡곡"
397,개별입지,(유)연봉두부,박춘식,전북특별자치도 김제시 만경읍 만경로 839-10,10794,두부 및 유사식품 제조업,"두부,연두부,순두부"
398,개별입지,(유)옥정영농,김성용,전북특별자치도 김제시 부량면 죽백로 258 (옥정미곡처리장),10611,곡물 도정업,벼임가공
399,개별입지,(유)종암산업,이강춘,"전북특별자치도 김제시 황산면 봉진로 157, (봉월리53-2)",25113,육상 금속 골조 구조재 제조업 외 1 종,철구조물
400,개별입지,(유)중산현대,김영수,전북특별자치도 김제시 금구면 금백로 428 (㈜중산현대아스콘) 외 1필지,23991,아스팔트 콘크리트 및 혼합제품 제조업,아스콘
401,개별입지,(유)지에스더블유,김문식,전북특별자치도 김제시 순동산단길 74 (순동),30320,자동차 차체용 신품 부품 제조업 외 1 종,알루미늄 휠
402,개별입지,(유)지평선프로폴리스,두정한,"전북특별자치도 김제시 금구면 옥용3길 12-3, (옥성리 산36-3)",10797,건강기능식품 제조업,프로폴리스
403,개별입지,(유)코리아,김진섭,전북특별자치도 김제시 금구면 옥성리 484번지,23322,레미콘 제조업,레미콘
404,개별입지,(유)태양광휀스,이종대,전북특별자치도 김제시 백구면 금백로 1131,25923,도장 및 기타 피막처리업 외 2 종,"태양광휀스, 일반철망 도장 등"
405,개별입지,(유)통일건설,배정석,"전북특별자치도 김제시 콩쥐팥쥐로 305-6 (상동동, (유)통일건설)",25113,육상 금속 골조 구조재 제조업 외 4 종,"반사안전표지판,가드레일,교통표지판,신호등,금속울타리등"
406,개별입지,(유)트인테크,백성욱,"전북특별자치도 김제시 공덕면 청공로 686, (제말리662)",25999,그 외 기타 분류 안된 금속 가공 제품 제조업 외 1 종,"선박용(앙카, 후크, 닻)"
407,개별입지,(유)푸른솔농업회사법인,임대택,전북특별자치도 김제시 만경읍 소토길 59,20312,복합비료 및 기타 화학비료 제조업 외 1 종,부산물비료
408,개별입지,(유)한가람농업회사법인,강성수,전북특별자치도 김제시 여수해4길 1 (용동),10611,곡물 도정업,"쌀, 잡곡"
409,개별입지,(유)한성산업개발,이한규,전북특별자치도 김제시 황산면 진흥리 93-2번지,25113,육상 금속 골조 구조재 제조업 외 3 종,금속가공품
410,개별입지,(유)해냄 ,"이승훈, 박경환",전북특별자치도 김제시 백구면 금백로 1137,25111,"금속 문, 창, 셔터 및 관련제품 제조업 외 6 종",금속창호 및 관련제품(금속제창)
411,개별입지,(유)호남산업,박성순,전북특별자치도 김제시 공덕면 청공로 712,29191,일반저울 제조업,곡물자동계량기
412,개별입지,(유)홍익에너지,장승환,전북특별자치도 김제시 공덕면 유강로 54,20203,혼성 및 재생 플라스틱 소재 물질 제조업,HDPE Pellet
413,개별입지,(유)흥림환경,김영관,전북특별자치도 김제시 용지면 와룡2길 7,16212,강화 및 재생 목재 제조업,우드칩
414,개별입지,(유)희람,김서필,전북특별자치도 김제시 콩쥐팥쥐로 12 (검산동),32021,주방용 및 음식점용 목재가구 제조업,목재가구
415,개별입지,(유)희성이엔텍,유태호,전북특별자치도 김제시 용지면 석정로 763-38,20312,복합비료 및 기타 화학비료 제조업 외 1 종,부산물비료
416,개별입지,(주) 신우알앤씨,"나성수, 나연태",전북특별자치도 김제시 용지면 용지로 149,23322,레미콘 제조업,레미콘
417,개별입지,(주) 신우알앤씨,"나성수, 나연태","전북특별자치도 김제시 용지면 용지로 147, 외 9필지",23325,콘크리트 관 및 기타 구조용 콘크리트 제품 제조업,"콘크리트관,수로관"
418,개별입지,(주) 유경덴탈워크,유경,전북특별자치도 김제시 서암동 377-1번지,27192,정형외과용 및 신체보정용 기기 제조업,인조치아
419,개별입지,(주)거농엔지니어링,고재권,전북특별자치도 김제시 금산면 구성길 524,29171,산업용 냉장 및 냉동 장비 제조업 외 1 종,"냉동기, 공조기"
420,개별입지,(주)경일그린텍,이창훈,전북특별자치도 김제시 백구면 유강10길 107,28422,일반용 전기 조명장치 제조업 외 2 종,"태양광 가로등, 에너지저장장치,스마트폰충전장치"
421,개별입지,(주)그린,안성국,전북특별자치도 김제시 용지면 신정리 580-5번지 외 6필지,20203,혼성 및 재생 플라스틱 소재 물질 제조업,재생플라스틱원료
422,개별입지,(주)그린나래,조찬일,전북특별자치도 김제시 금산면 구성길 224,13992,부직포 및 펠트 제조업,식생매트 및 조경관련자재
423,개별입지,(주)그린판넬,이재웅,전북특별자치도 김제시 백구면 번영로 2309 (㈜ 그린판넬) 외 1필지,25119,기타 구조용 금속제품 제조업,샌드위치판넬
424,개별입지,(주)글로벌백,김성현,전북특별자치도 김제시 금구면 양시로 198,17223,식품 위생용 종이 상자 및 용기 제조업,하드케이스
425,개별입지,(주)금만,남궁준,전북특별자치도 김제시 진봉면 정당길 65 (호산농산),1123,종자 및 묘목 생산업,버선종균
426,개별입지,(주)금산씨알에이,김재우,전북특별자치도 김제시 금산면 금평로 281-177 외 39필지,23325,콘크리트 관 및 기타 구조용 콘크리트 제품 제조업,PHC파일
427,개별입지,(주)금산씨알에이,김재우,전북특별자치도 김제시 금산면 금평로 281-177,23991,아스팔트 콘크리트 및 혼합제품 제조업,아스콘
428,개별입지,(주)금산씨알에이,김재우,"전북특별자치도 김제시 금산면 금평로 281-177, (성계리 358-1)",23322,레미콘 제조업,레미콘
429,개별입지,(주)김정문알로에,최연매,전북특별자치도 김제시 금구면 금백로 459 ((주)김경문알로에),10309,기타 과실ㆍ채소 가공 및 저장 처리업,알로에제품
430,개별입지,(주)김제이피에스,손경선,전북특별자치도 김제시 하흥로 426(흥사동),22251,폴리스티렌 발포 성형제품 제조업,난연 스치로폼
431,개별입지,(주)나인글로벌,박흥용,전북특별자치도 김제시 금구면 봉두로 49-19,13229,기타 직물제품 제조업,마스크
432,개별입지,(주)농협목우촌김제육가공공장,박철진,전북특별자치도 김제시 금산면 구성길 630 ((주) 농협 목우촌 전주지점) 외 23필지,10111,육류 도축업(가금류 제외) 외 3 종,"둔부돈육, 햄소세지, 통조림"
433,개별입지,(주)다인무역,최점석,전북특별자치도 김제시 백구면 학동2길 86-7,23911,건설용 석제품 제조업 외 1 종,석가공품
434,개별입지,(주)대륜,신성환,"전북특별자치도 김제시 일신길 58 (하동, 대륜)",22211,"플라스틱 선, 봉, 관 및 호스 제조업",지중전선관
435,개별입지,(주)대양스치로폴,이재웅,전북특별자치도 김제시 백구면 번영로 2309,22251,폴리스티렌 발포 성형제품 제조업 외 2 종,"스치로폴, 스치로폴, 스치로폴"
436,개별입지,(주)대진,장경선,전북특별자치도 김제시 공덕면 청공로 782-27,25121,산업용 난방보일러 및 방열기 제조업,산업용보일러
437,개별입지,(주)더블유에스,유기상,전북특별자치도 김제시 황산로 81(백학동),20321,화학 살균.살충제 및 농업용 약제 제조업 외 2 종,"살균소독제, 보조사료"
438,개별입지,(주)돔하우스코리아,김미라(폐업),전북특별자치도 김제시 황산면 황산로 518-146,22251,폴리스티렌 발포 성형제품 제조업 외 1 종,EPS패널
439,개별입지,(주)동성정공,송영석,전북특별자치도 김제시 백구면 번영로 2640-74 (㈜ 동성정공),30399,그 외 자동차용 신품 부품 제조업 외 3 종,"MUFFLER,PIPE"
440,개별입지,(주)동아유통군산수협중매인이십육번,신형태,전북특별자치도 김제시 백구면 백구7길 4 (㈜ 동아 유통) (총 2 필지) 외 1필지,10220,수산식물 가공 및 저장 처리업,구운 김
441,개별입지,(주)동우,김미자,전북특별자치도 김제시 봉남로 739(도장동),28519,기타 가정용 전기기기 제조업,환풍기
442,개별입지,(주)들판,박성일,전북특별자치도 김제시 봉남면 봉산로 382 (전북 정농),10121,가금류 가공 및 저장 처리업,육류가공저장처리
443,개별입지,(주)디쏠,정용식 ,전북특별자치도 김제시 용지면 용지로 102,23995,탄소섬유 제조업,탄소섬유
444,개별입지,(주)만수루 미곡처리장,임주영,"전북특별자치도 김제시 제월1길 9, . (제월동) 외 1필지",10611,곡물 도정업,쌀
445,개별입지,(주)모던글라스,노재훈,"전북특별자치도 김제시 하흥로 419 (흥사동, 승화공업사)",23112,안전유리 제조업 외 1 종,복층강화유리
446,개별입지,(주)미래,오민재,전북특별자치도 김제시 황산면 남양2길 333,25999,그 외 기타 분류 안된 금속 가공 제품 제조업,자동차부품파렛트
447,개별입지,(주)미래클,이재환,"전북특별자치도 김제시 공덕면 황경2길 7, (황산리 1236-1)",30201,차체 및 특장차 제조업 외 5 종,"특장차 제조, "
448,개별입지,(주)백산엘앤티,오희수,전북특별자치도 김제시 하동4길 24-3 (하동),28422,일반용 전기 조명장치 제조업 외 1 종,LED 조명등기구
449,개별입지,(주)벤트에어,윤영희,전북특별자치도 김제시 백구면 금백로 1189 (주식회사벤트에어),25112,구조용 금속 판제품 및 공작물 제조업,원형덕트
450,개별입지,(주)부광산업,이재실,전북특별자치도 김제시 진봉면 해학로 775 ((유) 부광산업) (총 3 필지) 외 2필지,10129,육류 기타 가공 및 저장처리업 (가금류 제외) 외 1 종,"우,돈육"
451,개별입지,(주)비앤제이에너지,전혜환,전북특별자치도 김제시 금구면 남산로 428,25130,핵반응기 및 증기보일러 제조업,증기보일러
452,개별입지,(주)살강,조미자,전북특별자치도 김제시 용지면 석정로 712 (㈜살강) (총 3 필지) 외 2필지,16211,"박판, 합판 및 유사 적층판 제조업 외 2 종","PB접착가공합판,주방용목제가구,일반목제"
453,개별입지,(주)삼기엔텍,강성순,전북특별자치도 김제시 성덕면 해학로 631,38321,비금속류 해체 및 선별업 외 4 종,"탄성포장재,우레탄칩,폴리우레탄, 흙콘크리트"
454,개별입지,(주)삼기칼라콘,서민석,전북특별자치도 김제시 성덕면 해학로 631,23321,비내화 모르타르 제조업,콘크리트용 혼합물
455,개별입지,(주)삼진라인,이상환,전북특별자치도 김제시 황산면 풍요로 765-4 (삼진 철강) (총 3 필지) 외 2필지,25944,금속선 가공제품 제조업 외 2 종,"용접철망,수로철망,철근가공제품"
456,개별입지,(주)삼진라인,이상환,전북특별자치도 김제시 황산면 풍요로 765-4 (삼진 철강),25944,금속선 가공제품 제조업,"용접철망, 수로철망"
457,개별입지,(주)삼진콘텍,이정인,전북특별자치도 김제시 황산면 풍요로 744 외 1필지,23325,콘크리트 관 및 기타 구조용 콘크리트 제품 제조업,콘크리트 수로관
458,개별입지,(주)삼한전자,한봉수,전북특별자치도 김제시 용지면 금백로 638 (삼한전자),26121,발광 다이오드 제조업 외 1 종,트렌지스터
459,개별입지,(주)삼호유비,김영태,전북특별자치도 김제시 용지면 금백로 875 (㈜ 삼호유비) (총 5 필지) 외 4필지,20312,복합비료 및 기타 화학비료 제조업 외 1 종,유기질비료
460,개별입지,(주)서로바이오,박건수,전북특별자치도 김제시 효자로 60-5(신풍동),10792,차류 가공업,"분말두부, 두유, 곡물분말"
461,개별입지,(주)서로바이오,박건수,전북특별자치도 김제시 효자로 60-3(신풍동),10792,차류 가공업,"분말두부, 두부, 곡물분말"
462,개별입지,(주)서원산업,장정자,"전북특별자치도 김제시 황산면 콩쥐팥쥐로 444-21, . (㈜서원)",23325,콘크리트 관 및 기타 구조용 콘크리트 제품 제조업 외 1 종,콘크리트맨홀
463,개별입지,(주)서원포장,김대중,전북특별자치도 김제시 성덕면 대목리 504-8번지 외 1필지 외 1필지,17221,종이 포대 및 가방 제조업,종이포대
464,개별입지,(주)서정,이판규,전북특별자치도 김제시 황산면 남양1길 15 (㈜ 서정 육가공),10129,육류 기타 가공 및 저장처리업 (가금류 제외) 외 1 종,"등심,삼겹,갈비,후지원료육"
465,개별입지,(주)서호산기,장창원,"전북특별자치도 김제시 용마로 9 (난봉동, ㈜서호산기) 외 1필지",25913,자동차용 금속 압형제품 제조업 외 1 종,금속용기
466,개별입지,(주)서흥전장,이세훈,전북특별자치도 김제시 황산면 남산로 309 외 3필지,28303,절연 코드세트 및 기타 도체 제조업,자동차배선코드세트
467,개별입지,(주)석화산업,신은숙,전북특별자치도 김제시 백구면 학동2길 29-8 (㈜서화산업),23911,건설용 석제품 제조업 외 1 종,건축용석재
468,개별입지,(주)선태동굴식품,변승숙,전북특별자치도 김제시 금구면 광현1길 84 (㈜선태식품),10211,"수산동물 훈제, 조리 및 유사 조제식품 제조업 외 2 종","양념젓갈,절임마늘,깻잎"
469,개별입지,(주)성우엔지니어링,이정아,"전북특별자치도 김제시 남북2길 25-12, (주)성우엔지니어링 (신풍동)",25113,육상 금속 골조 구조재 제조업 외 5 종,"태양광발전설비, 광고물"
470,개별입지,(주)세진산업,천병철,"전북특별자치도 김제시 금구면 풍요로 867-13, 외4필지",25113,육상 금속 골조 구조재 제조업 외 1 종,철구조물
471,개별입지,(주)솔토,채숙현,전북특별자치도 김제시 진봉면 정당길 65 (호산농산) (총 3 필지) 외 2필지,10713,과자류 및 코코아 제품 제조업,김미과
472,개별입지,(주)스튜디오이공,김진석,전북특별자치도 김제시 금구면 풍요로 867-5,32029,기타 목재가구 제조업,목재가구
473,개별입지,(주)시그널웍스,유형태,전북특별자치도 김제시 백구면 반월리 506번지 외2필지,27216,산업처리공정 제어장비 제조업,자동화라인정밀측정장비
474,개별입지,(주)신의산업,김인경,"전북특별자치도 김제시 금산면 원평10길 105-138, 제1동",23321,비내화 모르타르 제조업 외 1 종,황토가루
475,개별입지,(주)신일기업,이상구,"전북특별자치도 김제시 용마로 10 (난봉동, (유)신일기업)",24132,강관 제조업 외 2 종,이형질이음관
476,개별입지,(주)신한엔터프라이즈,윤두한,전북특별자치도 김제시 순동1길 152-9 (순동),22199,그 외 기타 고무제품 제조업 외 4 종,"체육시설 탄성포장재, 인조단디, 개량마사토 등"
477,개별입지,(주)신흥콘크리트,이근호,전북특별자치도 김제시 금구면 콩쥐팥쥐로 586 (㈜신흥콘크리트),23325,콘크리트 관 및 기타 구조용 콘크리트 제품 제조업 외 1 종,"V.R관,ILP블록,맨홀블록,콘크리트경계석"
478,개별입지,(주)씨와이라이팅,은희채,전북특별자치도 김제시 금산면 봉은길 617-14,28422,일반용 전기 조명장치 제조업,조명기구
479,개별입지,(주)씨케이피,조강표,전북특별자치도 김제시 청하면 청하8길 104,29299,그 외 기타 특수목적용 기계 제조업 외 2 종,"풍동, 풍동, 풍동"
480,개별입지,"(주)아이,디,피",송희원,전북특별자치도 김제시 금구면 하신리 164-11번지,28423,전시 및 광고용 조명장치 제조업 외 4 종,"LED전광판,프린터,간판및광고물,간판후레"
481,개별입지,(주)아이자,김태완,전북특별자치도 김제시 백구면 황토로 977 (아이지㈜),13221,침구 및 관련제품 제조업,"이불,베게"
482,개별입지,(주)아폴로,이용대,전북특별자치도 김제시 승암길 32 (검산동) 외 1필지,29210,농업 및 임업용 기계 제조업,분무기
483,개별입지,(주)알트론 김제공장,유동기,전북특별자치도 김제시 금구면 용복리 82-8번지 외 3필지 외 3필지,30399,그 외 자동차용 신품 부품 제조업 외 3 종,자동차 휠
484,개별입지,(주)알파스틸,이상범,전북특별자치도 김제시 금산면 구성길 579 외 1필지,25113,육상 금속 골조 구조재 제조업 외 1 종,철근가공품
485,개별입지,(주)에스더블유,홍성진,전북특별자치도 김제시 금구면 연동길 96-150,30399,그 외 자동차용 신품 부품 제조업 외 5 종,자동파부품 및 파이프
486,개별입지,(주)에스디비,"김호선, 김성길",전북특별자치도 김제시 성덕면 해학로 631,20202,합성수지 및 기타 플라스틱 물질 제조업,탄성포장재
487,개별입지,(주)에스지테크,김영생,"전북특별자치도 김제시 백구면 공술길 79, (학동리106-1) 외 1필지",29133,"탭, 밸브 및 유사장치 제조업 외 1 종",스텐레스및 금속제품
488,개별입지,(주)에이티랩,김도훈,"전북특별자치도 김제시 봉황로 1140,   (월성동)",20312,복합비료 및 기타 화학비료 제조업 외 1 종,유기농업자재
489,개별입지,(주)예기산업,김무성,전북특별자치도 김제시 백산면 하공로 549,30399,그 외 자동차용 신품 부품 제조업,"자동차부품(에어혼,보조난방기등)"
490,개별입지,(주)옥산석물,이은숙,전북특별자치도 김제시 백구면 학동2길 108,23911,건설용 석제품 제조업 외 1 종,"판석,석제품"
491,개별입지,(주)완수산업아스콘,김완수,전북특별자치도 김제시 용지면 황토로 799,23991,아스팔트 콘크리트 및 혼합제품 제조업,아스콘
492,개별입지,(주)용산화학,김민욱,"전북특별자치도 김제시 모리생길 30 (상동동, (주)용산화학)",20203,혼성 및 재생 플라스틱 소재 물질 제조업,재생합성수지원료
493,개별입지,(주)용신프라임,강지만,전북특별자치도 김제시 백구면 번영로 2914-24 외 2필지,25111,"금속 문, 창, 셔터 및 관련제품 제조업","방화문,핸드레일"
494,개별입지,(주)우수한개발산업 2공장,박혜자,전북특별자치도 김제시 광활면 지평선로 448 외 1필지,10611,곡물 도정업,정맥
495,개별입지,(주)우수한산업개발,박혜자,전북특별자치도 김제시 광활면 옥포리 119번지 외 1필지,10611,곡물 도정업,백미
496,개별입지,(주)유로오토,이수근,"전북특별자치도 김제시 백구면 석담4길 159, (석담리326-3)",29241,건설 및 채광용 기계장비 제조업 외 3 종,건설기계 부품가공
497,개별입지,(주)유로파인디,이용우,전북특별자치도 김제시 성덕면 묘라길 12,25113,육상 금속 골조 구조재 제조업,이중보온관
498,개별입지,(주)유명사,이구,전북특별자치도 김제시 백구면 석담4길 131-9,25913,자동차용 금속 압형제품 제조업 외 27 종,"기계장비부품,자동차부품등"
499,개별입지,(주)은성오엔씨,은희성,전북특별자치도 김제시 용지면 효정1길 56,25112,구조용 금속 판제품 및 공작물 제조업 외 3 종,"금속 판, 금속구조재, 컨테이너"
500,개별입지,(주)인비텍 ,이정훈,전북특별자치도 김제시 금구면 월전리 273-9,22213,플라스틱 시트 및 판 제조업 외 1 종,
501,개별입지,(주)일광비티,이태용,전북특별자치도 김제시 금산면 용산3길 21,20312,복합비료 및 기타 화학비료 제조업 외 1 종,일광휴믹산(액상)
502,개별입지,(주)일광비티,이태용,전북특별자치도 김제시 금산면 용산3길 11,20313,유기질 비료 및 상토 제조업,친환경 유기농자재
503,개별입지,(주)전북스카니아,이기환,전북특별자치도 김제시 백구면 번영로 2493-9 (알파침대 전북 영업소) (총 4 필지) 외 3필지,29241,건설 및 채광용 기계장비 제조업,"유압감속기,차량자동덮개"
504,개별입지,(주)전일우드텍,문연실,전북특별자치도 김제시 백구면 금백로 1162,16101,일반 제재업 외 7 종,"제재목,목재파레트,목재칩"
505,개별입지,(주)정우산업,김상수,전북특별자치도 김제시 성덕면 후리길 34-3,29173,산업용 송풍기 및 배기장치 제조업,환풍기제조
506,개별입지,(주)제일건철,조용기,전북특별자치도 김제시 봉남면 초처로 215-29 (㈜제일철강),24199,그 외 기타 1차 철강 제조업,철가공품
507,개별입지,(주)중앙벽돌,곽재영,전북특별자치도 김제시 용지면 석정로 706,23231,"점토 벽돌, 블록 및 유사 비내화 요업제품 제조업 외 1 종",적연와
508,개별입지,(주)지알씨,나정은,전북특별자치도 김제시 금구면 남양2길 326 (총 3 필지),23312,석회 및 플라스터 제조업 외 1 종,"액상석회, 요소수"
509,개별입지,(주)지티이엔지 김제공장,김명수,전북특별자치도 김제시 금구면 봉은길 683,25924,절삭가공 및 유사처리업,알루미늄 힐
510,개별입지,(주)진솔이엔지,박진성,전북특별자치도 김제시 백산면 대동공단2길 34-79,27213,"물질 검사, 측정 및 분석기구 제조업 외 1 종","시험용치구, 용접구조물, 기계장치, 시험기"
511,개별입지,(주)천양,국종민,전북특별자치도 김제시 황산면 용마로 172 (이스턴 펄 주식회사),29241,건설 및 채광용 기계장비 제조업,　
512,개별입지,(주)청풍피앤피 제1공장,박찬의,전북특별자치도 김제시 갈공동 401-3,22259,기타 플라스틱 발포 성형제품 제조업,플라스틱 발포성형 시트
513,개별입지,(주)케이더블유이앤씨,김은정,전북특별자치도 김제시 금산면 용산리 263-3번지 외 1필지,20499,그 외 기타 분류 안된 화학제품 제조업,요소수(촉매제)
514,개별입지,(주)코리웰,문형대,전북특별자치도 김제시 죽산면 해학로 240-55,22299,그 외 기타 플라스틱 제품 제조업,"보도경계블럭,등산로계단,도로가드레일등"
515,개별입지,(주)코어,송유진,전북특별자치도 김제시 황산로 81 (백학동),16229,기타 건축용 나무제품 제조업,음식물 운반용 목재카트
516,개별입지,(주)큰나래,이대범,전북특별자치도 김제시 금구면 광현1길 162-13,10129,육류 기타 가공 및 저장처리업 (가금류 제외) 외 1 종,"육류 기타, 돈두가공품"
517,개별입지,(주)태산도장건설,이정석,전북특별자치도 김제시 공덕면 유강로 241,23999,그 외 기타 분류 안된 비금속 광물제품 제조업,미끄럼방지포장재
518,개별입지,(주)티에스팜,이상현,전북특별자치도 김제시 백구면 영상3길 121,29210,농업 및 임업용 기계 제조업 외 3 종,회전식 재배장치
519,개별입지,(주)퍼스트,윤재헌,"전북특별자치도 김제시 금구면 정농2길 26, (금구면 하신리 164-8)",28423,전시 및 광고용 조명장치 제조업 외 1 종,"LED TV, 전광판, LED광고, 조명장치 등"
520,개별입지,(주)풍남산업,김창곤,전북특별자치도 김제시 황산면 남산로 315,22251,폴리스티렌 발포 성형제품 제조업 외 1 종,발포지에어캡
521,개별입지,(주)풍림,"전경옥,김태훈",전북특별자치도 김제시 황산면 황산로 639-31 ((주)풍림),16102,표면 가공 목재 및 특정 목적용 제재목 제조업,펄프제조용(우드칩)
522,개별입지,(주)피엘티,최규영,전북특별자치도 김제시 용지로 15 (상동동),25994,금속 표시판 제조업 외 1 종,"발광형 교통표지판, 전광표지판"
523,개별입지,(주)하이테크글로벌,김수철,전북특별자치도 김제시 백산면 지평선산단로 481,20499,그 외 기타 분류 안된 화학제품 제조업,산업용탈취제
524,개별입지,(주)한국건설기술공사,장승환,전북특별자치도 김제시 백구면 수룡귀지길 514 (한국건설기술공사),23321,비내화 모르타르 제조업,황토레미콘
525,개별입지,(주)한삶바이오텍,박창수,"전북특별자치도 김제시 백구면 번영로 2640-147, (석담리 274)",20312,복합비료 및 기타 화학비료 제조업 외 1 종,미생물 토양개량 
526,개별입지,(주)한성산업,이태곤,전북특별자치도 김제시 용지면 부교3길 276 (한성산업주식회사),25113,육상 금속 골조 구조재 제조업 외 1 종,유로폼
527,개별입지,(주)한솔제약,정연주,전북특별자치도 김제시 황산면 봉월5길 41-16,21220,한의약품 제조업,한약재
528,개별입지,(주)향미원,한솔,전북특별자치도 김제시 백구면 공술길 65,10301,김치류 제조업 외 2 종,"참기름,피클"
529,개별입지,(주)현대콘크리트,김영수,전북특별자치도 김제시 금구면 광현1길 54 (현대콘크리트),23322,레미콘 제조업 외 1 종,레미콘
530,개별입지,(주)혜성지테크 김제지점,박혜식,전북특별자치도 김제시 죽산면 죽산로 300-26,20411,일반용 도료 및 관련제품 제조업 외 1 종,시너
531,개별입지,(주)호롱불,유연삼,"전북특별자치도 김제시 공덕면 유강3길 133, 벽성대학교 창업보육센터 205",28422,일반용 전기 조명장치 제조업,LED조명장치
532,개별입지,(주)홍익매트,배진미,전북특별자치도 김제시 금구면 선비로 817,16300,코르크 및 조물제품 제조업,보행매트
533,개별입지,(주)효성엘비데크 김제공장,조장환,"전북특별자치도 김제시 금산면 용산3길 119, 총 4필지",23325,콘크리트 관 및 기타 구조용 콘크리트 제품 제조업,콘크리트제품(교량바닥판)
534,개별입지,J&K데코라,황미숙,전북특별자치도 김제시 금구면 금구리 339-16번지,32021,주방용 및 음식점용 목재가구 제조업,"씽크씽크워크탑, 카운터 인포메이션"
535,개별입지,J.S테크,서정수,전북특별자치도 김제시 백구면 영상리 184번지 외 2필지,30310,자동차 엔진용 신품 부품 제조업 외 1 종,자동차배기가스 저감장치
536,개별입지,JS테크,김경수,전북특별자치도 김제시 금구면 개전2길 7-19,22291,플라스틱 접착처리 제품 제조업,테이프
537,개별입지,SK퍼니처,서삼권,전북특별자치도 김제시 금구면 연동길 47,32021,주방용 및 음식점용 목재가구 제조업,주방가구
538,개별입지,jk테크,김우형,전북특별자치도 김제시 용지면 영상5길 243 외 1필지,32021,주방용 및 음식점용 목재가구 제조업,주방목재가구
539,개별입지,가공조은석재,박종노,전북특별자치도 김제시 백구면 학동2길 86-12,23919,기타 석제품 제조업,석재품
540,개별입지,건강나라퓨리웰,백은숙,"전북특별자치도 김제시 공덕면 유강3길 133, 벽성대학창업보육센터203호",28519,기타 가정용 전기기기 제조업,"손소독기,시약"
541,개별입지,건영공조,김영도,전북특별자치도 김제시 백구면 반월리 669-32번지,25112,구조용 금속 판제품 및 공작물 제조업,닥트
542,개별입지,건탑,김경숙,전북특별자치도 김제시 백구면 석담리 214-1번지 외 4필지 외 4필지,25113,육상 금속 골조 구조재 제조업 외 1 종,유로폼
543,개별입지,건하특장,박병덕,"전북특별자치도 김제시 금구면 용마로 508, (옥성리498-71)",30399,그 외 자동차용 신품 부품 제조업 외 3 종,"고가사다리차 탑승함, 공구함"
544,개별입지,공덕농업협동조합,문용수,"전북특별자치도 김제시 공덕면 공덕7길 6, 외 4필 (공덕면)",10611,곡물 도정업,쌀
545,개별입지,공덕농업협동조합,문용수,전북특별자치도 김제시 공덕면 청공로 421-10,10611,곡물 도정업,도정 보리
546,개별입지,공덕농협 농산물가공사업소,문용수,전북특별자치도 김제시 공덕면 공덕리 113-10,10309,기타 과실ㆍ채소 가공 및 저장 처리업,고구마 앙금
547,개별입지,공덕농협농산물가공사업소,문용수,전북특별자치도 김제시 공덕면 공덕8길 65-1,10711,떡류 제조업 외 1 종,유기농우리쌀떡국떡
548,개별입지,관동종합샤링,이필한,전북특별자치도 김제시 백산면 석정로 53-8 (㈜ 태양 프라스틱),25999,그 외 기타 분류 안된 금속 가공 제품 제조업,가스통 보호망
549,개별입지,광고인기획 유한회사,홍규철,전북특별자치도 김제시 벽성로 474-7 (서암동),28422,일반용 전기 조명장치 제조업 외 1 종,"조명기기, 간판(광고물)"
550,개별입지,광웅식품,윤재원,전북특별자치도 김제시 백산면 조종3길 79,10301,김치류 제조업 외 1 종,단무지
551,개별입지,광원농기계,정경수,"전북특별자치도 김제시 만경로 83 (갈공동, 광원농기계)",29210,농업 및 임업용 기계 제조업,"비료살포기,볕씨발인기,쌀겨펠레기"
552,개별입지,그린공예,정성복,전북특별자치도 김제시 금구면 대송로 388 (총 2 필지) 외 1필지,16291,목재 도구 및 주방용 나무제품 제조업,"교자상,원목다과상,원목쟁반"
553,개별입지,근주식품,조백현,"전북특별자치도 김제시 금산면 구성길 238, 근주",10301,김치류 제조업 외 1 종,단무지
554,개별입지,글로벌코리아(주),김정헌,전북특별자치도 김제시 금구면 광현1길 112,23222,위생용 및 산업용 도자기 제조업,양변기
555,개별입지,금광산업,최대현,전북특별자치도 김제시 용지면 효정2길 38 (금광 산업),25923,도장 및 기타 피막처리업,"도자기,유기가공"
556,개별입지,금남산기,이영배,"전북특별자치도 김제시 백구면 석담4길 87-20, (석담리 381-1) 외 1필지",25119,기타 구조용 금속제품 제조업,"UV살균기, 환경오염방지기기, 금속판 제품"
557,개별입지,금만농업협동조합미곡처리장,최승운,전북특별자치도 김제시 청하면 월현2길 24 (금만 미곡 종합처리장),10611,곡물 도정업,백미
558,개별입지,금모래마당,조성천,전북특별자치도 김제시 금산면 금평로 193-18,10620,전분제품 및 당류 제조업,"엿류, 다류"
559,개별입지,금산기계,김산,"전북특별자치도 김제시 복죽로 542 (연정동, 금산기계) (총 3 필지) 외 2필지",29241,건설 및 채광용 기계장비 제조업,"건설기계, 장비"
560,개별입지,금산농업협동조합,김복남,전북특별자치도 김제시 금산면 구성길 382 (총 5 필지) 외 3필지,10309,기타 과실ㆍ채소 가공 및 저장 처리업,감식초
561,개별입지,금산벽돌,반영곤,전북특별자치도 김제시 금산면 원평로 111,23324,"콘크리트 타일, 기와, 벽돌 및 블록 제조업","벽돌, 브럭"
562,개별입지,금산석재,최유용,전북특별자치도 김제시 금산면 구성7길 6 (금산 석재),23919,기타 석제품 제조업 외 1 종,판석
563,개별입지,금성레이저,"최미옥, 고영석","전북특별자치도 김제시 벽성로 483 (서암동, 금성샤링) 외 1필지",25113,육상 금속 골조 구조재 제조업 외 1 종,"절단,절곡가공품"
564,개별입지,금송식품,이경숙 ,전북특별자치도 김제시 금산면 금산리 425-5번지,10743,장류 제조업,"된장, 간장"
565,개별입지,김제농업협동조합미곡종합처리장,나건찬,"전북특별자치도 김제시 봉황로 1089 (월성동, 김제농협미곡종합처리장)",10611,곡물 도정업,"쌀,보리"
566,개별입지,김제시우리밀영농조합법인,이재병,전북특별자치도 김제시 죽산면 죽백12길 32 (총 2 필지) 외 1필지,10712,빵류 제조업,찐빵
567,개별입지,김제지평선울금(영),오성수,전북특별자치도 김제시 하동4길 24-3 (하동),10796,건강보조용 액화식품 제조업 외 1 종,"울금환,울금액기스"
568,개별입지,김제지평선울금영농조합법인,오성수,전북특별자치도 김제시 하동4길 23-4 (하동) 외 1필지,11111,탁주 및 약주 제조업,울금막걸리
569,개별입지,김제콘크리트,안용복,"전북특별자치도 김제시 하공로 59 (하동, 김제콘크리트)",23324,"콘크리트 타일, 기와, 벽돌 및 블록 제조업","벽돌, 블럭"
570,개별입지,꾸지뽕전문꿈꾸지농장,고한석,전북특별자치도 김제시 봉남면 봉황로 438-57,10792,차류 가공업,꾸지봉 액상차
571,개별입지,나노화인 주식회사,이근호,전북특별자치도 김제시 공덕면 청공로 715,29175,액체 여과기 제조업 외 1 종,"액체여과기,기체여과기"
572,개별입지,나우에스엔씨 주식회사,김병호,전북특별자치도 김제시 용지면 황토로 414-42 외 2필지,25113,육상 금속 골조 구조재 제조업 외 2 종,단열이중보온관
573,개별입지,남부도예기기,강성호,전북특별자치도 김제시 콩쥐팥쥐로 147 (순동),23221,가정용 및 장식용 도자기 제조업,"도자기,화분"
574,개별입지,남영석재,이영순,전북특별자치도 김제시 백구면 학동2길 51 (남영석재) (총 6 필지) 외 5필지,23911,건설용 석제품 제조업 외 1 종,석제품
575,개별입지,남해화학주식회사,하형수,"전북특별자치도 김제시 용지면 용수4길 15, (신정리 52-26번지)",20312,복합비료 및 기타 화학비료 제조업 외 1 종,혼합유기질비료
576,개별입지,내쇼날씨엔디 주식회사,이준,전북특별자치도 김제시 황산면 황산로 518-146,22229,기타 건축용 플라스틱 조립제품 제조업 외 4 종,"관람석 의자, 야외용 벤치, 사계절 썰매, 미니 콜프, 옥외용 벤치"
577,개별입지,네오시스템,김순미,전북특별자치도 김제시 금구면 옥용3길 30,32029,기타 목재가구 제조업,사무용가구
578,개별입지,농업법인 주식회사 우리농촌살리기 공동네트워크,심상준,전북특별자치도 김제시 황산면 남산리 4-1,10730,"면류, 마카로니 및 유사식품 제조업",밀국수
579,개별입지,농업회사법인 (주)나눔,김훈,"전북특별자치도 김제시 만경읍 대장로 284-53, 외 3필",10611,곡물 도정업,"백미,벼"
580,개별입지,농업회사법인 (주)더반,최정운,"전북특별자치도 김제시 용지면 백자1길 86, (부교리87-32) 외 1필지",10799,그 외 기타 식료품 제조업,생강분말
581,개별입지,농업회사법인 (주)사조원,이창우,전북특별자치도 김제시 금산면 구성6길 122 외 8필지,10121,가금류 가공 및 저장 처리업 외 1 종,닭고기 및 육계가공품
582,개별입지,농업회사법인 농협에코아그로 주식회사 호남본부,조영철,전북특별자치도 김제시 용지면 장신2길 33,20312,복합비료 및 기타 화학비료 제조업 외 1 종,부산물비료
583,개별입지,농업회사법인 더고운 주식회사,주성남,전북특별자치도 김제시 효자로 60-5 (신풍동),10612,곡물 제분업,"분말가공식품, 분말소재가공"
584,개별입지,농업회사법인 신벽골제유한회사,배순임,전북특별자치도 김제시 부량면 용골길 16,10611,곡물 도정업,"흑미,백미,찹쌀"
585,개별입지,농업회사법인 우리보리살림협동조합(주),신동수,"전북특별자치도 김제시 성덕면 대석로 100, 석동리 15-18 외 4필지",10612,곡물 제분업,발아보리가루
586,개별입지,농업회사법인 유한회사 새만금유기농꾸지뽕,이정모,전북특별자치도 김제시 금산면 금산사4길 208,11209,기타 비알코올 음료 제조업,구지뽕 즙 및 발효액
587,개별입지,농업회사법인 유한회사 성덕농산,윤상철,전북특별자치도 김제시 부량면 대평리 266-15번지,10611,곡물 도정업,"쌀, 보리"
588,개별입지,농업회사법인 유한회사 케이알브이,유귀석,전북특별자치도 김제시 봉남면 초처로 197,29173,산업용 송풍기 및 배기장치 제조업,농축산용환풍기
589,개별입지,농업회사법인 주식회사 그린농산,박용우,전북특별자치도 김제시 금산면 삼봉리 614-9번지 외 2필지,10309,기타 과실ㆍ채소 가공 및 저장 처리업,가공 무
590,개별입지,농업회사법인 주식회사 성농,황인환,"전북특별자치도 김제시 공덕면 공덕8길 17, (마현리756)",10309,기타 과실ㆍ채소 가공 및 저장 처리업,"고구마말랭이, 냉동고구마"
591,개별입지,농업회사법인 주식회사 쉘바이오텍,최명애,전북특별자치도 김제시 황산로 81 (백학동),20321,화학 살균.살충제 및 농업용 약제 제조업 외 2 종,친환경 미네랄 고칼슘
592,개별입지,농업회사법인 주식회사 씨에프,김철민,전북특별자치도 김제시 금산면 성계리 36-30번지 외 3필지,10403,식용 정제유 및 가공유 제조업,"향미유, 미강유"
593,개별입지,농업회사법인 평화에프앤지(주),정평화,전북특별자치도 김제시 백구면 영상3길 39,10799,그 외 기타 식료품 제조업,"볶음참깨, 혼합21곡"
594,개별입지,농업회사법인(주)사조원 금구공장,이창우,전북특별자치도 김제시 금구면 봉두로 161,10121,가금류 가공 및 저장 처리업,육계가공품
595,개별입지,농업회사법인(주)삼보,박문수,전북특별자치도 김제시 용지면 부교리 194-2번지 외 16필지,10611,곡물 도정업,쌀
596,개별입지,농업회사법인(주)우리농촌살리기공동네트워크,심상준,전북특별자치도 김제시 황산면 봉산로 383,10612,곡물 제분업,"밀가루, 쌀가루"
597,개별입지,농업회사법인(주)태성식품,이강욱,전북특별자치도 김제시 백구면 공술길 65,10759,기타 식사용 가공처리 조리식품 제조업,핫도그
598,개별입지,농업회사법인(주)토리팜,김형열,전북특별자치도 김제시 용지면 사산길 39-2,20313,유기질 비료 및 상토 제조업,"상토2호,유기농업자재"
599,개별입지,농업회사법인(주)한우물,최정운,전북특별자치도 김제시 용지면 백자1길 112 외 4필지,10309,기타 과실ㆍ채소 가공 및 저장 처리업 외 3 종,냉동볶음밥
600,개별입지,농업회사법인주식회사 우리농촌살리기공동네트워크,심상준,전북특별자치도 김제시 봉남면 봉산로 382,10612,곡물 제분업,부침가루
601,개별입지,농업회사법인힘찬농원유한회사,이도윤,전북특별자치도 김제시 신곡2길 117 (신곡동),10309,기타 과실ㆍ채소 가공 및 저장 처리업 외 2 종,"기타가공품(환,분말),액상차,장류"
602,개별입지,농우미생물,이종헌,전북특별자치도 김제시 백구면 월연대길 7,10802,단미 사료 및 기타 사료 제조업,보조사료
603,개별입지,농축산영농조합법인,김성열,전북특별자치도 김제시 만경읍 장산리 362-10번지 외 1필지 외 1필지,20312,복합비료 및 기타 화학비료 제조업 외 1 종,유기질비료
604,개별입지,대경석재,조영식,전북특별자치도 김제시 백구면 학동2길 34 (우금석재),23911,건설용 석제품 제조업 외 1 종,석재품
605,개별입지,대동산업,김선자,전북특별자치도 김제시 만경읍 대동1길 126-16,,,
606,개별입지,대륙석재,김태현,전북특별자치도 김제시 백구면 학동2길 63 (대륙석재),23911,건설용 석제품 제조업 외 1 종,석제품
607,개별입지,대성주조장,임성기,"전북특별자치도 김제시 중앙로 287 (신풍동, 성운마트)",11111,탁주 및 약주 제조업,탁주
608,개별입지,대양화학(주),노진준,전북특별자치도 김제시 용지면 부교리 229-3번지,20202,합성수지 및 기타 플라스틱 물질 제조업,폴리우레탄
609,개별입지,대일경량,김승중,전북특별자치도 김제시 백구면 백구7길 1-8,25113,육상 금속 골조 구조재 제조업 외 1 종,"경량철골,엠바,케링,스터드 등"
610,개별입지,대정기공,정형철,전북특별자치도 김제시 만경읍 화포리 131-1번지,25929,그 외 기타 금속가공업,"탐승함, 운반카"
611,개별입지,대창위탁영농조합법인,김동석,전북특별자치도 김제시 죽산면 해학로 236,10611,곡물 도정업,"현미, 백미 도정"
612,개별입지,대한섬유,한화준,전북특별자치도 김제시 백구면 부용1길 33,13999,그 외 기타 분류 안된 섬유제품 제조업 외 1 종,편조제품
613,개별입지,대한유리공업(주),김철형,전북특별자치도 김제시 백구면 번영로 2640-52 (대한유리공업㈜),23129,기타 산업용 유리제품 제조업 외 6 종,"　에칭유리, 페어유리,온돌마루, 방음벽 및 방음판"
614,개별입지,더 담다,최민정,전북특별자치도 김제시 명덕동 227-3,10619,기타 곡물 가공품 제조업,4종버섯채모음
615,개별입지,더스틸,김윤진,전북특별자치도 김제시 백구면 영상3길 114,25111,"금속 문, 창, 셔터 및 관련제품 제조업",금속 문
616,개별입지,더탑후로아,장희정,전북특별자치도 김제시 성덕면 해학로 631,23999,그 외 기타 분류 안된 비금속 광물제품 제조업,미끄럼방지포장재
617,개별입지,덕진유과,유은희,전북특별자치도 김제시 용지면 구암리 508-2 외 3필지,10713,과자류 및 코코아 제품 제조업,유과
618,개별입지,동김제농협 산지유통센터,최진오,전북특별자치도 김제시 금구면 봉두4길 59-20,10309,기타 과실ㆍ채소 가공 및 저장 처리업,"농산물(양파, 대파)슬라이스, 농산물(양파,대파) 다이스"
619,개별입지,동방기업,문인숙,전북특별자치도 김제시 공덕면 청공로 680-7 (동방화학),22212,플라스틱 필름 제조업 외 1 종,폴리에틸렌필름
620,개별입지,동신산업,최춘선,전북특별자치도 김제시 백구면 석담리 376 번지 외 5필지,25923,도장 및 기타 피막처리업,농기계 부품
621,개별입지,동아식품,김일순,전북특별자치도 김제시 금산면 금산사로 59-8,10619,기타 곡물 가공품 제조업 외 1 종,"뻥튀기, 전병"
622,개별입지,동일농산,최동주,전북특별자치도 김제시 공덕면 동계리 144번지 외 2필지 외 2필지,16300,코르크 및 조물제품 제조업,고공품
623,개별입지,동진강낙농축산업협동조합,김투호,전북특별자치도 김제시 금구면 옥성리 760번지,10801,배합 사료 제조업 외 1 종,TMR배합사료
624,개별입지,두리원,김기곤,전북특별자치도 김제시 용지면 황토로 383-13,10743,장류 제조업,된장
625,개별입지,두지프로바이오틱스(주),장성완,전북특별자치도 김제시 금산면 금평로 281-131,10129,육류 기타 가공 및 저장처리업 (가금류 제외),"생햄, 발효소시지"
626,개별입지,디엠알미늄 주식회사,김정열,전북특별자치도 김제시 벽성로 383 (서암동),25111,"금속 문, 창, 셔터 및 관련제품 제조업",금속문.창.셔터및관련제품제조
627,개별입지,디자인스톤,김민지,전북특별자치도 김제시 백구면 학동2길 72,23911,건설용 석제품 제조업 외 1 종,석재가공품
628,개별입지,리코라이프,이윤서,전북특별자치도 김제시 용지면 금백로 653,16229,기타 건축용 나무제품 제조업,벽패널
629,개별입지,맛있는누룽지준식품,양지연,"전북특별자치도 김제시 순동1길 36 (순동, 지평선 누룽지)",10619,기타 곡물 가공품 제조업,누룽지
630,개별입지,매일두부,박계순,전북특별자치도 김제시 동서12길 40-4 (요촌동),10794,두부 및 유사식품 제조업,두부
631,개별입지,명일기공,서창엽,전북특별자치도 김제시 복죽로 555 (연정동) 외 2필지,25933,비동력식 수공구 제조업 외 1 종,쟁기
632,개별입지,모악산오디영농조합법인,김양섭,전북특별자치도 김제시 금산면 구월1길 17,10309,기타 과실ㆍ채소 가공 및 저장 처리업 외 1 종,"오디엑기스,뽕잎차등"
633,개별입지,미도공업사,이재진,전북특별자치도 김제시 황산면 용마로 426,16292,장식용 목제품 제조업,목재미술도구
634,개별입지,미성제지,한진수,"전북특별자치도 김제시 아리랑로 1944 (순동, 미성제지) (총 2 필지)",17129,기타 종이 및 판지 제조업 외 2 종,.판지.종이
635,개별입지,미소진,곽혜진,전북특별자치도 김제시 백산면 학당길 66,10309,기타 과실ㆍ채소 가공 및 저장 처리업,"도라지정과, 도라지진액"
636,개별입지,민상사,최재성,"전북특별자치도 김제시 금구면 봉두로 173, (월전리592)",32021,주방용 및 음식점용 목재가구 제조업,씽크대
637,개별입지,믿음석재,조병호,전북특별자치도 김제시 백구면 학동2길 99 (백옥석재),23911,건설용 석제품 제조업 외 1 종,석재가공품
638,개별입지,박씨네누룽지 영농조합법인,박종복,전북특별자치도 김제시 금구면 용복리 269-34번지 외 1필지,10619,기타 곡물 가공품 제조업,누룽지
639,개별입지,반석중공업(주),김범중,전북특별자치도 김제시 금구면 풍요로 831,25113,육상 금속 골조 구조재 제조업 외 1 종,철 구조물
640,개별입지,반석피이비(주),김범중,전북특별자치도 김제시 금구면 풍요로 829 외 4필지,25113,육상 금속 골조 구조재 제조업 외 1 종,철 구조물
641,개별입지,발승뚷,신선숙,전북특별자치도 김제시 황산면 용마4길 141,28121,"전기회로 개폐, 보호장치 제조업 외 1 종",태양광모듈 정선박스
642,개별입지,백구농업협동조합미곡종합처리장,장승환,전북특별자치도 김제시 백구면 황토로 1256,10611,곡물 도정업,쌀가공
643,개별입지,백옥석재,김진하,전북특별자치도 김제시 백구면 학동2길 99,23911,건설용 석제품 제조업 외 1 종,석재가공품
644,개별입지,백일도정공장,권경숙,전북특별자치도 김제시 만경로 117-4 (갈공동) 외 1필지,10611,곡물 도정업,"백미, 현미"
645,개별입지,백제산업,최인수,전북특별자치도 김제시 상동로 366 (상동동) 외 1필지,23325,콘크리트 관 및 기타 구조용 콘크리트 제품 제조업 외 1 종,철근콘크리트암거블록
646,개별입지,벤코코리아(주),김정수,"전북특별자치도 김제시 입석로 237 (연정동, ㈜건지)",29210,농업 및 임업용 기계 제조업,"자동급이기, 자동급수설비, 자동난상"
647,개별입지,보드&퍼니피아,이성연,전북특별자치도 김제시 용지면 용수리 407-12번지 외 1필지 외 1필지,29180,사무용 기계 및 장비 제조업 외 3 종,교구용 칠판
648,개별입지,부국보일러,배현녕,"전북특별자치도 김제시 아리랑로 1991 (상동동, 대원오토(유))",25121,산업용 난방보일러 및 방열기 제조업,보일러
649,개별입지,부량농업협동조합,김성모,전북특별자치도 김제시 부량면 대평리 21-11번지 외 8필지,10611,곡물 도정업,건조벼
650,개별입지,부량종합기계,임성택,전북특별자치도 김제시 부량면 금강로 311,34019,기타 일반 기계 및 장비 수리업,"콤바인, 트랙터 수리"
651,개별입지,사회복지법인 애국단체원 대한민국석회사업단,손문엽,전북특별자치도 김제시 금구면 하신리 486-108번지,23312,석회 및 플라스터 제조업,액상석회
652,개별입지,삼광바이오텍(주),이권재,"전북특별자치도 김제시 봉황로 1134, 삼광바이오텍 (월성동)",10801,배합 사료 제조업 외 2 종,동물성단백질 혼합사료
653,개별입지,삼광석재,노찬호,전북특별자치도 김제시 백구면 학동2길 109-5 (삼광석재),23911,건설용 석제품 제조업 외 1 종,석재가공품
654,개별입지,삼광종합상사,박인순,전북특별자치도 김제시 금구면 광현1길 112 (삼광종합상사),17901,문구용 종이제품 제조업,"노트, 도화지, 복사용지,연습장"
655,개별입지,삼성농기,김창곤,전북특별자치도 김제시 황산면 풍요로 713-37 (삼성농기),29210,농업 및 임업용 기계 제조업 외 1 종,"비닐살포기,농업용유압모타"
656,개별입지,삼정가스텍(주),심승일,"전북특별자치도 김제시 아리랑로 1879, . (상동동)",20121,산업용 가스 제조업,산업용가스
657,개별입지,새한기업 주식회사,김종근,전북특별자치도 김제시 만경읍 백석로 371 (㈜ 새한기업),25113,육상 금속 골조 구조재 제조업 외 3 종,H형강
658,개별입지,서광기업,김용덕,전북특별자치도 김제시 황산면 남양2길 243 (서광기업),32029,기타 목재가구 제조업 외 3 종,컴퓨터및사무용책상
659,개별입지,서김제농협쌀조합공동사법인,김상록,전북특별자치도 김제시 광활면 광활로 465 (광활농협) 외 1필지,10611,곡물 도정업,"쌀,보리"
660,개별입지,서김제농협쌀조합공동사업법인,김상록,전북특별자치도 김제시 진봉면 진봉로 480 (미맥공동건조저장처리장) (총 2 필지) 외 1필지,10611,곡물 도정업,"쌀,보리"
661,개별입지,서나루 주식회사,서왕렬,전북특별자치도 김제시 용지면 금백로 651,29210,농업 및 임업용 기계 제조업,"마늘선별기, 컨베어, 전동운반차"
662,개별입지,서릿골식품,전은자,전북특별자치도 김제시 금산면 구성3길 114-20 (서릿골 식품),11209,기타 비알코올 음료 제조업,음료
663,개별입지,서울공업사,박점숙,전북특별자치도 김제시 흥사동 276-2 번지,29241,건설 및 채광용 기계장비 제조업,토목공사및유사용기계장비제조업
664,개별입지,서원산업,송용봉,전북특별자치도 김제시 황산동 12-5번지,23325,콘크리트 관 및 기타 구조용 콘크리트 제품 제조업,.
665,개별입지,서원산업(주),김학방,전북특별자치도 김제시 금구면 애통길 64 (서원 산업㈜),22223,플라스틱 창호 제조업,pvc창호
666,개별입지,서해농기구푸라우,김신영,전북특별자치도 김제시 죽산면 내재2길 9 (서해 농기구),29210,농업 및 임업용 기계 제조업,쟁기
667,개별입지,서호 엔지니어링,이경자,전북특별자치도 김제시 백구면 석담4길 131-57,29223,금속 절삭기계 제조업,농업용 필름 생산기계
668,개별입지,선한바이오,이석우,"전북특별자치도 김제시 공덕면 유강3길 133, 창업보육센터 104호",10801,배합 사료 제조업 외 5 종,"보조사료(생균제), 탈취제"
669,개별입지,세원화학,김성근,"전북특별자치도 김제시 봉남로 711-5 (도장동, 세윤 화학)",,,마스타?S치
670,개별입지,수생태복원주식회사,김흥섭,전북특별자치도 김제시 성덕면 성덕로 10,23324,"콘크리트 타일, 기와, 벽돌 및 블록 제조업 외 3 종","식생수로관, 어도, STRIP옹벽블록, 수처리용여과재"
671,개별입지,승일ENG,조영현,전북특별자치도 김제시 벽성로 505 (요촌동) 외 1필지,25112,구조용 금속 판제품 및 공작물 제조업 외 1 종,"금속판제품, 금속가공품"
672,개별입지,시골전통식품,윤석창,전북특별자치도 김제시 용지면 황토로 383-13 (전통장류시범사업장),10743,장류 제조업,장류
673,개별입지,신강기업(주),양재명,전북특별자치도 김제시 용지면 황토로 308 (유일산업),25122,금속탱크 및 저장용기 제조업 외 1 종,"　산업용탱크,집진기등"
674,개별입지,신선화학,정승용,전북특별자치도 김제시 용지면 금백로 787 (신선화학) (총 2 필지) 외 1필지,22212,플라스틱 필름 제조업 외 2 종,"플라스틱포대,비닐봉투"
675,개별입지,신성기계공업사,배근혁,전북특별자치도 김제시 백산면 지평선산단로 481,29210,농업 및 임업용 기계 제조업,농업용기계(도정기계)
676,개별입지,신영산업,이준영,전북특별자치도 김제시 백구면 학동2길 35,23911,건설용 석제품 제조업 외 1 종,석재가공품
677,개별입지,신일컨테이너하우스,김영식,전북특별자치도 김제시 갈공동 40-8번지 외 1필지 외 1필지,25119,기타 구조용 금속제품 제조업,"컨테이너, 조립식건축물"
678,개별입지,신일테크(주),신관철,전북특별자치도 김제시 백구면 번영로 2475,29250,음ㆍ식료품 및 담배 가공기계 제조업 외 1 종,식품가공기계
679,개별입지,신흥영농조합법인,김지영,전북특별자치도 김제시 용지면 금백로 731-87,20312,복합비료 및 기타 화학비료 제조업 외 1 종,비료(퇴비)
680,개별입지,쌍용석재,홍형득,전북특별자치도 김제시 백구면 학동2길 29-1,23911,건설용 석제품 제조업,바닥용대리석
681,개별입지,쏠라쏠트테크,김태형,전북특별자치도 김제시 백구면 유강로 454,33999,그 외 기타 달리 분류되지 않은 제품 제조업 외 1 종,키워먹는 콩나물
682,개별입지,아람퍼니처,장승호,전북특별자치도 김제시 금구면 연동길 47,32021,주방용 및 음식점용 목재가구 제조업,주방가구
683,개별입지,아름드리영농조합법인,송광석,전북특별자치도 김제시 금구면 산동리 251-15번지 외 1필지,10309,기타 과실ㆍ채소 가공 및 저장 처리업,볶음밥용 야채
684,개별입지,아트팜오스,고건륜,전북특별자치도 김제시 황산면 남산리 365-16,29176,"증류기, 열교환기 및 가스발생기 제조업","친환경농업용수 산소, 오존발생기(ART-5S)"
685,개별입지,에너지엔(주) 김제,"안강일, 정종구",전북특별자치도 김제시 용지면 용지로 147 (에스피씨㈜) (총 2 필지) 외 1필지,29119,기타 기관 및 터빈 제조업 외 16 종,"열교환기,복수기,급수가열기,발전기부품, ㄱ자 선반받침대, 콘트롤패널, 크랭크축, 유압밸브, 버켓, FAN등 "
686,개별입지,에버그린영농조합법인,임형관,전북특별자치도 김제시 공덕면 마현리 833-1번지 2필지,10801,배합 사료 제조업 외 1 종,조사료
687,개별입지,에스에이치피(주),이정재,전북특별자치도 김제시 백구면 황토로 1223-16 외 1필지,25112,구조용 금속 판제품 및 공작물 제조업 외 1 종,"닥트, 금속주방용기"
688,개별입지,에스에이치피(주),이정재,전북특별자치도 김제시 백구면 백구7길 4 외 1필지,25112,구조용 금속 판제품 및 공작물 제조업 외 1 종,"금속판제품, 금속공작물"
689,개별입지,에스엘컴퍼니 (주),유경종,전북특별자치도 김제시 하동 336번지,13219,특수 직물 및 기타 직물 직조업,"타올,소창"
690,개별입지,에이피 텍(AP TECH),황인순,전북특별자치도 김제시 순동1길 11 (검산동),20312,복합비료 및 기타 화학비료 제조업,제4종 복합비료
691,개별입지,역전식품,김순진,"전북특별자치도 김제시 서편길 60 (서암동, 역전담수물)",10219,기타 수산동물 가공 및 저장 처리업,"냉동만두류, 양념류"
692,개별입지,연봉두부,박홍남,전북특별자치도 김제시 만경읍 만경로 839-18,10794,두부 및 유사식품 제조업,두부
693,개별입지,연산글로벌(주),최승재,전북특별자치도 김제시 백구면 번영로 2640-47,30201,차체 및 특장차 제조업,"베어샷시, 레이져가공품"
694,개별입지,영남석재,유용현,전북특별자치도 김제시 백구면 학동2길 58,23911,건설용 석제품 제조업 외 1 종,석제품
695,개별입지,영농조합법인 자연바이오,안우근,"전북특별자치도 김제시 용지면 석정로 746, (용암리19-2) 외 2필지",20312,복합비료 및 기타 화학비료 제조업 외 1 종,비료
696,개별입지,영농조합법인 청하농산,김성관,전북특별자치도 김제시 공덕면 청공로 673 (청하농산),10611,곡물 도정업,찹쌀
697,개별입지,영농조합법인신흥바이오,"임은성, 임재곤",전북특별자치도 김제시 용지면 용지로 850-126,20312,복합비료 및 기타 화학비료 제조업 외 1 종,비료(퇴비)
698,개별입지,영농조합법인용성양계,유병연,전북특별자치도 김제시 용지면 쌍용2길 25,10799,그 외 기타 식료품 제조업,"전란,액란,홀란"
699,개별입지,영농조합법인지평선항공,유장필,전북특별자치도 김제시 벽성로 397(서암동),31312,무인 항공기 및 무인 비행장치 제조업,농업용 드론
700,개별입지,오성푸드,김희자,"전북특별자치도 김제시 금산면 모악5길 84, (261-1, 262-5) (금산면)",10619,기타 곡물 가공품 제조업 외 2 종,"누룽지, 컵누룽지"
701,개별입지,오성푸드,김희자,"전북특별자치도 김제시 금산면 모악5길 84, (392-1, 392-10) (금산면)",10612,곡물 제분업 외 1 종,"밀가루, 약과"
702,개별입지,오성푸드,김희자,"전북특별자치도 김제시 금산면 모악5길 92-7, (392-4, 395)",10619,기타 곡물 가공품 제조업,누룽지
703,개별입지,온누리무인항공,홍영미외 1명,"전북특별자치도 김제시 남북5길 11,   (신풍동)",31312,무인 항공기 및 무인 비행장치 제조업 외 5 종,드론 및 드론 장착 작업기
704,개별입지,온누리황토,배중효,전북특별자치도 김제시 황산면 용마리 43-15 번지 외 2필지 외 2필지,23999,그 외 기타 분류 안된 비금속 광물제품 제조업 외 3 종,황토벽돌
705,개별입지,완전정보통신(주),정현자,전북특별자치도 김제시 황산면 용홍로 66 외 1필지,26421,방송장비 제조업 외 7 종,"방송장비, CCTV, 전광판 등"
706,개별입지,용산화학,김승수,전북특별자치도 김제시 용지면 효정1길 24 (용산화학),20203,혼성 및 재생 플라스틱 소재 물질 제조업,페플라스틱
707,개별입지,우리특장,김천식,전북특별자치도 김제시 봉남면 대송로 138,29241,건설 및 채광용 기계장비 제조업,특장차부품(호파)
708,개별입지,우성 인더스트리,임영규,전북특별자치도 김제시 하흥로 411 (흥사동),30399,그 외 자동차용 신품 부품 제조업 외 1 종,자동차 부품
709,개별입지,우원ENG,김해경,전북특별자치도 김제시 용지면 와룡1길 22-6,25113,육상 금속 골조 구조재 제조업 외 2 종,금속구조재 및 가공제품
710,개별입지,우정공사,우종섭,전북특별자치도 김제시 공덕면 유강로 262 (총 2 필지) 외 1필지,25111,"금속 문, 창, 셔터 및 관련제품 제조업","금속문, 창,셔터"
711,개별입지,우진지게차중기공업,전창해,전북특별자치도 김제시 금구면 정농2길 6,29241,건설 및 채광용 기계장비 제조업,건설기계 장비 및 부품 가공
712,개별입지,우진퍼니쳐,최혜숙,"전북특별자치도 김제시 백구면 번영로 2743-14, (마산리 414-11번지)",32029,기타 목재가구 제조업,사무용가구
713,개별입지,웅진케미칼,김정용,전북특별자치도 김제시 백산면 지평선산단로 481,10620,전분제품 및 당류 제조업,전분제품
714,개별입지,원일석재,서선희,전북특별자치도 김제시 백구면 학동2길 48 (원일석재),23911,건설용 석제품 제조업 외 1 종,석재가공품
715,개별입지,유명스틸,이구,"전북특별자치도 김제시 백구면 석담4길 131-9, (석담리 330-1) 유명스틸",24119,기타 제철 및 제강업 외 5 종,"절단가공철강재, 플랜트, 금속셔링, 고소차 붐"
716,개별입지,유한회사 국도산업개발,김춘만,전북특별자치도 김제시 황산면 황산로 286-5,25944,금속선 가공제품 제조업 외 2 종,"메쉬 휀스, 철망제품"
717,개별입지,유한회사 그린브리즈,최광휴,전북특별자치도 김제시 황산면 황산로 286-12,25111,"금속 문, 창, 셔터 및 관련제품 제조업",알루미늄 루버
718,개별입지,유한회사 김제산업,방옥,전북특별자치도 김제시 만경읍 몽포길 52-3,10611,곡물 도정업,"쌀,보리"
719,개별입지,유한회사 다다벽돌,김철민,"전북특별자치도 김제시 백구면 학동2길 29-4, (학동리581-19)",23911,건설용 석제품 제조업,벽돌타일 석재
720,개별입지,유한회사 다보실업,최중기,전북특별자치도 김제시 성덕면 해학로 860 외 1필지,10129,육류 기타 가공 및 저장처리업 (가금류 제외) 외 1 종,돈육포장육
721,개별입지,유한회사 대진지오텍,김정란,전북특별자치도 김제시 용지면 영상5길 295 (감나무 품종 연구소),25113,육상 금속 골조 구조재 제조업 외 1 종,"철공조립구조재, 플랜트"
722,개별입지,유한회사 동아안전스틸,전성철,전북특별자치도 김제시 백구면 번영로 2640-65,16212,강화 및 재생 목재 제조업 외 2 종,강화마루
723,개별입지,유한회사 성건,박경호,전북특별자치도 김제시 황산면 봉월리 323-1번지 외 2필지,29210,농업 및 임업용 기계 제조업 외 2 종,"농업용 기계, 특장차 및 관련 부품"
724,개별입지,유한회사 성환산업,이성미,전북특별자치도 김제시 백학로 171 (순동),23999,그 외 기타 분류 안된 비금속 광물제품 제조업 외 3 종,점토
725,개별입지,유한회사 소안,서미경,전북특별자치도 김제시 용지면 콩쥐팥쥐로 601-50,13229,기타 직물제품 제조업,마스크(KF94)
726,개별입지,유한회사 신모산업,김연옥,전북특별자치도 김제시 백구면 영상리 585-4번지,25111,"금속 문, 창, 셔터 및 관련제품 제조업","방화문, AL창호, 금속구조재"
727,개별입지,유한회사 신화,신정헌,"전북특별자치도 김제시 황산로 38, 순동196-1 (순동)",10611,곡물 도정업,백미
728,개별입지,유한회사 아이원,박종묵,전북특별자치도 김제시 황산면 남양1길 29,32091,금속 가구 제조업 외 1 종,사무용의자
729,개별입지,유한회사 엘리트푸드,장수광,전북특별자치도 김제시 금구면 금백로 2-6,10129,육류 기타 가공 및 저장처리업 (가금류 제외) 외 1 종,"수제등심돈까스,수제치즈돈까스"
730,개별입지,유한회사 오가네,오창희,전북특별자치도 김제시 벽성로 309-22 (서암동),10619,기타 곡물 가공품 제조업 외 1 종,누룽지
731,개별입지,유한회사 오토플러스,라경진,전북특별자치도 김제시 백구면 번영로 2428-39 (현대모비스 판넬 품목지원센터) (총 2 필지) 외 1필지,17223,식품 위생용 종이 상자 및 용기 제조업 외 2 종,자동차부품포장
732,개별입지,유한회사 정현산업,서현,전북특별자치도 김제시 용지면 용지로 139,25113,육상 금속 골조 구조재 제조업 외 1 종,철구조물
733,개별입지,유한회사 제이와이파워텍,조영규,전북특별자치도 김제시 금구면 옥용3길 33,25113,육상 금속 골조 구조재 제조업 외 1 종,H형강및철판가공업
734,개별입지,유한회사 청정산업,박영식,"전북특별자치도 김제시 백구면 석담3길 206, 형제철강 (백구면) 외 2필지",23329,그 외 기타 콘크리트 제품 및 유사제품 제조업 외 3 종,"고속철도 바닥판(프리캐스트),도로토목제품"
735,개별입지,유한회사 튼튼공조산업,박현규,전북특별자치도 김제시 금구면 선비로 1202-6,29173,산업용 송풍기 및 배기장치 제조업,배기장치 덕트
736,개별입지,유한회사 한영산업,한종흥,전북특별자치도 김제시 공덕면 황경2길 7,25929,그 외 기타 금속가공업,"특장차 프레임, 아웃트리거"
737,개별입지,이레에코그린,박현우,"전북특별자치도 김제시 용지면 금백로 1114, (장신리 415-8) (총 3 필지) 외 2필지",13992,부직포 및 펠트 제조업 외 1 종,"식생매트, 방초매트"
738,개별입지,이수산업,이자영,전북특별자치도 김제시 백구면 유강10길 107,22299,그 외 기타 플라스틱 제품 제조업 외 1 종,"방초캡, 방초캡"
739,개별입지,이스턴펄(주),손창신,전북특별자치도 김제시 황산면 봉월리 93-14번지,23993,비금속광물 분쇄물 생산업,mold flux
740,개별입지,이지페이퍼,정경옥,전북특별자치도 김제시 용지면 장신리 257-7번지 외 2필지,17902,위생용 종이제품 제조업,"화장지(각티슈,점보롤)"
741,개별입지,이택영농조합법인,김왕배,전북특별자치도 김제시 봉남로 998 (황산동),10611,곡물 도정업,"청결미,건조벼"
742,개별입지,이택영농조합법인,김왕배,전북특별자치도 김제시 봉남로 1096 (용동) (총 2 필지) 외 1필지,10611,곡물 도정업,쌀
743,개별입지,이화포장,이종옥,전북특별자치도 김제시 백산면 지평선산단로 481,17212,골판지 상자 및 가공제품 제조업,골판지상자
744,개별입지,인데코,노길환,전북특별자치도 김제시 백구면 백구리 321-1 번지 외 1필지,16221,목재문 및 관련제품 제조업 외 3 종,"목재문, 싱크대, 가구"
745,개별입지,일원,김향,전북특별자치도 김제시 중앙로 51-18 (서암동),10797,건강기능식품 제조업,"경옥고(스틱, 환)"
746,개별입지,자연에 마음,고수미,전북특별자치도 김제시 백구면 유강로 454,10749,기타 식품 첨가물 제조업,"식탁몀, 양치소금"
747,개별입지,자연에마음,고수미,전북특별자치도 김제시 백구면 유강로 460-4,10743,장류 제조업 외 1 종,"엿기름,메주"
748,개별입지,자연영농조합법인,안우근,전북특별자치도 김제시 용지면 석정로 758 외 2필지,20313,유기질 비료 및 상토 제조업,유기질 비료
749,개별입지,재인텍,최현엽,전북특별자치도 김제시 순백2길 172 (순동),29210,농업 및 임업용 기계 제조업,사료작물적재함
750,개별입지,전북한우협동조합,김창희,전북특별자치도 김제시 황산면 쌍감리 636-10번지,10801,배합 사료 제조업 외 1 종,사료
751,개별입지,전일목재산업(주),김병진,전북특별자치도 김제시 백구면 금백로 1138 (전일목재산업㈜) (총 4 필지) 외 3필지,16101,일반 제재업 외 9 종,목재및파렛트
752,개별입지,전주김제완주축산업협동조합,박영준,"전북특별자치도 김제시 죽산면 신흥로 117, 외2필지",10801,배합 사료 제조업 외 1 종,TMR사료
753,개별입지,전주김제완주축산업협동조합,박영준,전북특별자치도 김제시 죽산면 신흥리 718-10번지,10801,배합 사료 제조업 외 1 종,혼합조사료
754,개별입지,전주김제완주축산업협동조합 김제자원순환센터,김창수,전북특별자치도 김제시 백산면 백석로 208 (목우촌 비료사업소),20313,유기질 비료 및 상토 제조업,유기질비료
755,개별입지,제이디아이,이성준,전북특별자치도 김제시 백구면 백구7길 164-18,28114,에너지 저장장치 제조업 외 3 종,"배터리팩, 에너지저장장치,스마트팜제어시스템(물여과)"
756,개별입지,제이에스더컴퍼니주식회사,손정태,전북특별자치도 김제시 용지면 콩쥐팥쥐로 601-52,13229,기타 직물제품 제조업,마스크
757,개별입지,조선콘크리트공업(주),이석근,"전북특별자치도 김제시 선인길 14 (백학동, 조선콘크리트공업) (총 2 필지) 외 1필지",23322,레미콘 제조업,레미콘
758,개별입지,종암산업,이강춘,전북특별자치도 김제시 황산면 봉진로 163,25113,육상 금속 골조 구조재 제조업,"H빔, 철강"
759,개별입지,주식회사 강동레미콘케이제이(KJ),박성용,전북특별자치도 김제시 금구면 광현1길 84-36 (대한환경(유)) (총 4 필지) 외 3필지,23325,콘크리트 관 및 기타 구조용 콘크리트 제품 제조업 외 1 종,콘크리트 흄관
760,개별입지,주식회사 거성비오텍,이동규,전북특별자치도 김제시 황산면 남양2길 205,10802,단미 사료 및 기타 사료 제조업 외 1 종,"보조사료, 토양미생물제제"
761,개별입지,주식회사 광희테크윈,김광화,전북특별자치도 김제시 봉남면 신호1길 9,26410,유선 통신장비 제조업 외 3 종,전광판 CCTV 등
762,개별입지,주식회사 그린어스,"정성하, 이승재",전북특별자치도 김제시 복죽4길 6(복죽동),17223,식품 위생용 종이 상자 및 용기 제조업,종이컵
763,개별입지,주식회사 그린이노텍,김동운,전북특별자치도 김제시 콩쥐팥쥐로 253 (순동),22221,벽 및 바닥 피복용 플라스틱제품 제조업 외 2 종,교통시설물(LED안전유도블럭)
764,개별입지,주식회사 기욱헌,이윤범,전북특별자치도 김제시 백구면 석담4길 179 외 1필지,30201,차체 및 특장차 제조업 외 1 종,"차체 및 트레일러, 적재함"
765,개별입지,주식회사 네오아그로,서관열,전북특별자치도 김제시 금산면 구성6길 5,20312,복합비료 및 기타 화학비료 제조업 외 1 종,"복합비료3종, 복합비료4종"
766,개별입지,주식회사 농기계팜,조경아,전북특별자치도 김제시 하공로 173 (흥사동),29210,농업 및 임업용 기계 제조업,"농약살포무선보트, 적심기"
767,개별입지,주식회사 누리,김금술,"전북특별자치도 김제시 아리랑로 1991, 주식회사 누리 (상동동)",26121,발광 다이오드 제조업 외 1 종,LED
768,개별입지,주식회사 다름에프앤에프,김종철,전북특별자치도 김제시 백구면 백구7길 164-55,10743,장류 제조업,청국장
769,개별입지,주식회사 다름에프앤에프,김종철,전북특별자치도 김제시 금산면 우림로 188-24,10743,장류 제조업,청국장
770,개별입지,주식회사 다산,이성민,전북특별자치도 김제시 백구면 학동2길 119,23911,건설용 석제품 제조업 외 1 종,"석재가공품, 석재가공품"
771,개별입지,주식회사 다산 (김제지점),김수미,전북특별자치도 김제시 백구면 학동2길 86,23911,건설용 석제품 제조업,석재품
772,개별입지,주식회사 대덕미터텍,방병철,전북특별자치도 김제시 금구면 콩쥐팥쥐로 710-19,27214,속도계 및 적산계기 제조업 외 3 종,"수도미터기, 유량계 등"
773,개별입지,주식회사 대송,이남희,전북특별자치도 김제시 대송로 314 (금구면),10121,가금류 가공 및 저장 처리업,"닭부분육,오리포"
774,개별입지,주식회사 대원엔비폴 김제지점,권창희,전북특별자치도 김제시 하흥로 426 (흥사동),22251,폴리스티렌 발포 성형제품 제조업,폴리스티렌 발포 성형제품
775,개별입지,주식회사 대전기업,여운기,"전북특별자치도 김제시 백구면 백구7길 128, 백구리 200-1번지 ((유) 대전 기업)",28111,전동기 및 발전기 제조업 외 2 종,"태양광발전세트, 금속조립제품"
776,개별입지,주식회사 동방(지점),최규현,전북특별자치도 김제시 금구면 월전로 170-53 외 6필지,11202,생수 생산업 외 1 종,먹는샘물(광천음료수)
777,개별입지,주식회사 동우,김미자,전북특별자치도 김제시 하흥로 411 (흥사동),28519,기타 가정용 전기기기 제조업 외 1 종,환풍기
778,개별입지,주식회사 드림퍼니처,배득진,"전북특별자치도 김제시 금구면 봉두로 197-1,",32029,기타 목재가구 제조업,싱크대
779,개별입지,주식회사 디에이치오토넥스,최준용,전북특별자치도 김제시 용지면 용지로 55 (용지면) (총 2 필지),30320,자동차 차체용 신품 부품 제조업 외 1 종,차량용 LPI 용기 외
780,개별입지,주식회사 라이브맥,김병관,전북특별자치도 김제시 백구면 금백로 1143 (㈜ 라이브 맥),29210,농업 및 임업용 기계 제조업,"원형베일러,사각베일러,베일랩핑기,"
781,개별입지,주식회사 만경농산,문지환,전북특별자치도 김제시 만경읍 몽포길 44,10611,곡물 도정업,쌀
782,개별입지,주식회사 바로 ,손용순,전북특별자치도 김제시 금구면 금백로 479,28123,배전반 및 전기 자동제어반 제조업,"수배전반, 전기자동제어반"
783,개별입지,주식회사 방주,배인술,전북특별자치도 김제시 금구면 정농1길 150,25113,육상 금속 골조 구조재 제조업 외 1 종,철구조물
784,개별입지,주식회사 삼광엔시팅 김제지점,김종직,전북특별자치도 김제시 황산면 남산로 196,25929,그 외 기타 금속가공업 외 2 종,"수납식,조립식,고정식,포터블 관람석"
785,개별입지,주식회사 새만금농산 영농조합법인,이익재,전북특별자치도 김제시 죽산면 해학로 363,10611,곡물 도정업 외 1 종,양곡
786,개별입지,주식회사 서주,"권수득,이정혜,이정미",전북특별자치도 김제시 중앙로 79 (요촌동),10501,액상시유 및 기타 낙농제품 제조업 외 1 종,아이스크림
787,개별입지,주식회사 선진클로텍,박해경,전북특별자치도 김제시 황산면 진흥리 74-39번지 외 1필지 외 1필지,13992,부직포 및 펠트 제조업,부직포
788,개별입지,주식회사 성원지엘,유상,전북특별자치도 김제시 백구면 학동리 106-1번지,25924,절삭가공 및 유사처리업 외 1 종,플랜트 자재
789,개별입지,주식회사 세계로,김호칠,전북특별자치도 김제시 공덕면 청공로 623 (총 3 필지),22231,"플라스틱 포대, 봉투 및 유사제품 제조업",에어캡
790,개별입지,주식회사 수영석재,이준영,전북특별자치도 김제시 백구면 학동2길 35,23911,건설용 석제품 제조업 외 1 종,"석재,조경석,토석채취,석공사,골재,경계석"
791,개별입지,주식회사 아이디가구,오대환,전북특별자치도 김제시 금구면 옥용로 27,32029,기타 목재가구 제조업,사무용가구
792,개별입지,주식회사 에코위더스 전북지사,문진호,"전북특별자치도 김제시 공덕면 공덕4길 355, 1동",28511,주방용 전기기기 제조업,주방용전기기기(인덕션)
793,개별입지,주식회사 엔에스테크,허유진,전북특별자치도 김제시 금산면 구성길 579,25929,그 외 기타 금속가공업,금속가공품
794,개별입지,주식회사 영스톤,박상훈,전북특별자치도 김제시 금구면 콩쥐팥쥐로 710-19,32021,주방용 및 음식점용 목재가구 제조업,인조대리석 상판(싱크대용)
795,개별입지,주식회사 옛길,이동섭,"전북특별자치도 김제시 금산면 원평10길 105-138, 제2동",23321,비내화 모르타르 제조업 외 1 종,황토가루
796,개별입지,주식회사 옥동석재산업,이장훈,전북특별자치도 김제시 백구면 학동2길 86-3 (옥동석재),23911,건설용 석제품 제조업 외 1 종,석재가공
797,개별입지,주식회사 와이투엔자임,최영란,전북특별자치도 김제시 용지면 용수5길 126-9,10797,건강기능식품 제조업,"옻나무,엄나무 발효분말 등"
798,개별입지,주식회사 유경덴탈워크,유경,전북특별자치도 김제시 서암4길 29 (서암동),27192,정형외과용 및 신체보정용 기기 제조업,"인조치아, 틀니, 치아용 보철물 등"
799,개별입지,주식회사 유명사,이구,"전북특별자치도 김제시 백구면 석담4길 131-3, 석담리 327-4",25913,자동차용 금속 압형제품 제조업 외 6 종,"기게장비부품, 선박구성부품, 자동차 부품 등"
800,개별입지,주식회사 이엘기업,송흔욱,전북특별자치도 김제시 황산면 진흥6길 9,26299,그 외 기타 전자부품 제조업,누유감지센서
801,개별입지,주식회사 정인,이정아,"전북특별자치도 김제시 금산면 원평10길 105-148, (제1동) 외 2필지",23321,비내화 모르타르 제조업,흙콘크리트
802,개별입지,주식회사 제이엠씨(JMC),"김학기, 김성광",전북특별자치도 김제시 백산면 하공로 549,30399,그 외 자동차용 신품 부품 제조업,자동차부품 및 BLDC모터
803,개별입지,주식회사 제일,허점숙,전북특별자치도 김제시 묘암길 34 (난봉동) 외 1필지,33932,전시용 모형 제조업 외 2 종,전시용 모형
804,개별입지,주식회사 제일철강,강병욱,"전북특별자치도 김제시 봉남면 초처로 215-29, 회성리 6-16 (㈜제일철강)",24199,그 외 기타 1차 철강 제조업,철근가공품
805,개별입지,주식회사 주상산업,장우태,전북특별자치도 김제시 황산면 남산리 359-13번지,25112,구조용 금속 판제품 및 공작물 제조업 외 3 종,금속판제품 및 금속제품
806,개별입지,주식회사 창운기전,윤선아,전북특별자치도 김제시 백구면 백구7길 164-78 외 1필지,30392,자동차용 신품 제동장치 제조업 외 15 종,"하네스 와이어링커넥터,CCTV, 수배전반, 태양광발전장치, 가로등주, 안내표지판 등"
807,개별입지,주식회사 청솔푸드,서문석,전북특별자치도 김제시 금산면 구성8길 5,10742,천연 및 혼합조제 조미료 제조업 외 1 종,고추가루
808,개별입지,주식회사 케이마린, 정혜숙,전북특별자치도 김제시 공덕면 황경2길 76,31112,합성수지선 건조업 외 1 종,"태양광보트, 공기부양정, 전기추진보트"
809,개별입지,주식회사 태백,임환택,전북특별자치도 김제시 백구면 석담4길 155 (총 5 필지),30201,차체 및 특장차 제조업 외 2 종,"크레인, 탱크로리, 자동사다리,더덤프"
810,개별입지,주식회사 트인(김제지점),이주희,전북특별자치도 김제시 공덕면 청공로 686,25999,그 외 기타 분류 안된 금속 가공 제품 제조업,"조형물,앵커(닻)"
811,개별입지,주식회사 티에스엠팩토리,임헌범 ,전북특별자치도 김제시 금구면 남양2길 312,25111,"금속 문, 창, 셔터 및 관련제품 제조업","금속난간대, 그 외 금속가공품"
812,개별입지,주식회사 한길,김지안,"전북특별자치도 김제시 금산면 원평10길 105-148, (제2동) 외 1필지",23321,비내화 모르타르 제조업 외 1 종,"흙콘크리트, 인쇄물"
813,개별입지,주식회사 한남글라스,"김은철, 김제성",전북특별자치도 김제시 백구면 번영로 2640-53 (㈜ 한남글라스),23112,안전유리 제조업 외 1 종,"강화유리,복층유리"
814,개별입지,주식회사 한성,진현숙,전북특별자치도 김제시 백구면 황토로 1162-57 외 3필지,29210,농업 및 임업용 기계 제조업 외 2 종,"농산물건조기, 농산물세척기"
815,개별입지,주식회사 한신,고재필,"전북특별자치도 김제시 백구면 번영로 2640-83, (주2동)",30201,차체 및 특장차 제조업 외 1 종,용접구조물/특장차조립
816,개별입지,주식회사 황등석재 1공장,전득준,전북특별자치도 김제시 백구면 학동2길 109-2,23911,건설용 석제품 제조업 외 1 종,"석가공품, 석가공품"
817,개별입지,주식회사 황등석재 2공장,이만식,전북특별자치도 김제시 백구면 학동2길 96,23911,건설용 석제품 제조업,석제품
818,개별입지,주식회사 효성,"조규대, 유영훈",전북특별자치도 김제시 금산면 용산3길 119,23325,콘크리트 관 및 기타 구조용 콘크리트 제품 제조업,교량 콘크리트 데크
819,개별입지,주식회사 희성산업 김제지점,유태호,"전북특별자치도 김제시 용지면 석정로 781-26, 외 3필",20312,복합비료 및 기타 화학비료 제조업 외 1 종,유기질비료
820,개별입지,중부철강산업(주),황주희,"전북특별자치도 김제시 황산면 남산로 393, 중부철강산업(주)",25113,육상 금속 골조 구조재 제조업,SK판넬 및 철구조물
821,개별입지,중앙석재,권이석,전북특별자치도 김제시 백구면 학동2길 22,23911,건설용 석제품 제조업 외 1 종,석재가공품
822,개별입지,중앙하우징,송영이,전북특별자치도 김제시 금구면 하신리 164-4번지,25111,"금속 문, 창, 셔터 및 관련제품 제조업",알루미늄 중문
823,개별입지,지성금속,허효길,전북특별자치도 김제시 백구면 백구7길 164-39,29294,주형 및 금형 제조업 외 1 종,"특장차 부품 생산용 프레스 금형, 특장차 개조용 부품"
824,개별입지,지엘콘 주식회사,정종용,전북특별자치도 김제시 금구면 옥용3길 30,20202,합성수지 및 기타 플라스틱 물질 제조업,폴리우레아수지도막방수재
825,개별입지,지평선누룽지농업회사법인유한회사,정미란,전북특별자치도 김제시 순동1길 44 (순동),10619,기타 곡물 가공품 제조업,누룽지
826,개별입지,지평선조경원예,전찬만,전북특별자치도 김제시 용지면 봉의2길 125-2,29172,공기 조화장치 제조업 외 1 종,바이오월(화분)
827,개별입지,지평선티엠알영농조합법인,진성욱,전북특별자치도 김제시 황산면 황산로 518-146,10801,배합 사료 제조업 외 1 종,사료
828,개별입지,진FOOD,임윤경,전북특별자치도 김제시 성덕면 점촌5길 152,10402,식물성 유지 제조업 외 1 종,참기름. ?씬
829,개별입지,진항공시스템,김성진,전북특별자치도 김제시 진봉면 정당4길 30,31311,"유인 항공기, 항공우주선 및 보조장치 제조업 외 1 종",
830,개별입지,차유식품,차상묵,전북특별자치도 김제시 봉남면 신호1길 9,10742,천연 및 혼합조제 조미료 제조업,고추가루
831,개별입지,천금,김미자,전북특별자치도 김제시 연정동 492-1번지 외 1필지,25113,육상 금속 골조 구조재 제조업,철근 가공품
832,개별입지,청운석재,최순열,전북특별자치도 김제시 공덕면 동계리 735번지 외 3필지 외 3필지,23911,건설용 석제품 제조업 외 1 종,석재가공품
833,개별입지,청춘목장,심재원,전북특별자치도 김제시 백구면 학동로 56-5,10501,액상시유 및 기타 낙농제품 제조업,"발효유, 치즈"
834,개별입지,초원식품,송문자,전북특별자치도 김제시 봉남면 종덕리 448-5번지,10219,기타 수산동물 가공 및 저장 처리업,
835,개별입지,친환경 농업미생물사업소,박준배,전북특별자치도 김제시 동서로 34 (옥산동),20312,복합비료 및 기타 화학비료 제조업 외 3 종,"미생물비료,보조사료"
836,개별입지,카스디지탈,윤명석,전북특별자치도 김제시 금구면 남산로 428,27219,"기타 측정, 시험, 항해, 제어 및 정밀기기 제조업","트럭스케일, 플렛폼스케일"
837,개별입지,칼리코,이남승,"전북특별자치도 김제시 아리랑로 1991 (상동동, 대원오토(유))",22199,그 외 기타 고무제품 제조업 외 1 종,"고무차수판, 신축줄눈재"
838,개별입지,케이씨,김영신,전북특별자치도 김제시 검산3길 49 (검산동),10802,단미 사료 및 기타 사료 제조업,"사료첨가제, 보조사료"
839,개별입지,케이아이테크 주식회사,고명현,전북특별자치도 김제시 금구면 연동길 20,25113,육상 금속 골조 구조재 제조업 외 2 종,"철구조물, 열교환기"
840,개별입지,코엔에프 유한회사,김민강,"전북특별자치도 김제시 금구면 봉두로 148-22, 외 6필 (금구면)",10620,전분제품 및 당류 제조업 외 2 종,"과채음료, 액상차류, 기타 가공품"
841,개별입지,코엔원,이준일,"전북특별자치도 김제시 백학제길 154, 한국폴리텍창업보육센터204호 (백학동)",28121,"전기회로 개폐, 보호장치 제조업 외 1 종",서지보호기
842,개별입지,클래식어닝,김성훈,전북특별자치도 김제시 용지면 금백로 1089 외 1필지,25111,"금속 문, 창, 셔터 및 관련제품 제조업 외 2 종","고정식 어닝, 접이식 어닝"
843,개별입지,태광농기계,조태석,전북특별자치도 김제시 벽지산로 255-1(교동),34019,기타 일반 기계 및 장비 수리업,농기계 수리
844,개별입지,태왕테크,허기호,전북특별자치도 김제시 백구면 백구7길 164-39,30201,차체 및 특장차 제조업 외 1 종,특장차 부품
845,개별입지,태풍산업개발,이승재,전북특별자치도 김제시 황산면 남산로 275 (태풍실업) 외 1필지,23324,"콘크리트 타일, 기와, 벽돌 및 블록 제조업 외 2 종","도자기질타일시멘트, 접착제"
846,개별입지,태호바이오,이용철,전북특별자치도 김제시 백구면 공술길 65,10802,단미 사료 및 기타 사료 제조업,유산균 이유식
847,개별입지,토우세라믹,박종진,전북특별자치도 김제시 황산면 남산로 425 (토우세라믹) 외 1필지,23231,"점토 벽돌, 블록 및 유사 비내화 요업제품 제조업 외 1 종",적벽돌
848,개별입지,티에스팜,이상현,전북특별자치도 김제시 백구면 영상3길 109-2,29210,농업 및 임업용 기계 제조업 외 3 종,농기계부품
849,개별입지,팔봉도자기공방,박광철,전북특별자치도 김제시 죽산면 화초로 2 외 1필지,23221,가정용 및 장식용 도자기 제조업,도자기
850,개별입지,평장ENG,최세미,전북특별자치도 김제시 백구면 금백로 1137 외 2필지,22223,플라스틱 창호 제조업 외 1 종,"알루미늄창호, PVC창호"
851,개별입지,평장산업개발,이장은,전북특별자치도 김제시 백구면 금백로 1197 (총 5 필지) 외 4필지,23112,안전유리 제조업 외 1 종,판유리 가공 및 판유리 도장품
852,개별입지,평화플라스틱,최희정,"전북특별자치도 김제시 용마로 18 (난봉동, 동명우드(유)) (총 3 필지) 외 2필지",22211,"플라스틱 선, 봉, 관 및 호스 제조업",EPL전선관
853,개별입지,풍남기공,백영화,전북특별자치도 김제시 백구면 석담4길 131-88 (총 3 필지) 외 2필지,25122,금속탱크 및 저장용기 제조업 외 2 종,유류저장탱크
854,개별입지,하나 목토시,김용담,전북특별자치도 김제시 남북2길 8(신풍동),13229,기타 직물제품 제조업,목토시 마스크
855,개별입지,하나농산,"신철균, 임순화","전북특별자치도 김제시 공덕면 저동길 155, (동계리 963-6번지)",10611,곡물 도정업,백미
856,개별입지,학동석재,모용순,전북특별자치도 김제시 백구면 학동2길 66,23911,건설용 석제품 제조업 외 1 종,석재가공품
857,개별입지,한국엔지니어링,윤석운,"전북특별자치도 김제시 황산면 용마로 470,",25999,그 외 기타 분류 안된 금속 가공 제품 제조업,엔빌
858,개별입지,한미오앤에프(주),이관형,전북특별자치도 김제시 죽산면 옥성로 60 (한미조사료) 외 4필지,10801,배합 사료 제조업 외 3 종,"단미사료, 혼합유박"
859,개별입지,한삼코라(주),조민수,전북특별자치도 김제시 금산면 구성길 364 (한삼코라㈜) (총 6 필지) 외 5필지,29175,액체 여과기 제조업 외 2 종,"자동칼키주입장치,자동정수처리장치,여과기금속탱크"
860,개별입지,한성기업 주식회사,장윤석,전북특별자치도 김제시 금산면 성계리 331-9번지 외 11필지,23322,레미콘 제조업,레미콘
861,개별입지,한신특장,고재필,"전북특별자치도 김제시 백구면 번영로 2640-83, 외 (222-3)",30201,차체 및 특장차 제조업 외 1 종,고소작업차
862,개별입지,한일석재,유해연,전북특별자치도 김제시 백구면 학동2길 34,23919,기타 석제품 제조업,석재품제조
863,개별입지,한지박물관,송제천,전북특별자치도 김제시 금산면 금산사로 205-22,17122,인쇄용 및 필기용 원지 제조업 외 2 종,한지류
864,개별입지,해풍친환경 영농조합법인,한강희,전북특별자치도 김제시 청하면 관상리 732-22번지,10713,과자류 및 코코아 제품 제조업,과자
865,개별입지,현대포리마,박현식,전북특별자치도 김제시 청하면 백산로 798,22251,폴리스티렌 발포 성형제품 제조업 외 1 종,용기 포장류
866,개별입지,형제콘크리트,송영기,"전북특별자치도 김제시 금산면 원평로 174, 성계리 389-3 (총 2 필지) 외 1필지",23324,"콘크리트 타일, 기와, 벽돌 및 블록 제조업","벽돌, 블럭"
867,개별입지,형통산업,최광필,전북특별자치도 김제시 입석5길 107 (입석동),25933,비동력식 수공구 제조업,"지그, 다이"
868,개별입지,혜명산업,최경애,전북특별자치도 김제시 황산면 남양2길 263 (혜명산업),30331,자동차용 신품 동력전달장치 제조업 외 4 종,"로필라,엔진마운팅,베이커탱크 등"
869,개별입지,혜성화학,오진석,"전북특별자치도 김제시 아리랑로 1991 (상동동, 대원오토(유))",22212,플라스틱 필름 제조업 외 1 종,폴리에틸렌 필름
870,개별입지,호이스트코리아크레인,박정배,전북특별자치도 김제시 백구면 석담4길 131-6 (총 3 필지),29169,기타 물품 취급장비 제조업 외 2 종,"천장 호이스트크레인, 국기게양대"
871,개별입지,환희식품,이주훈,"전북특별자치도 김제시 금산면 구성길 248,",10129,육류 기타 가공 및 저장처리업 (가금류 제외) 외 1 종,"순대,족발,내장"
872,개별입지,황성공업주식회사,윤이경,전북특별자치도 김제시 백구면 번영로 2640-37 (황성 공업주식회사),30320,자동차 차체용 신품 부품 제조업 외 3 종,자동차부품
