순번,회사명,대표자명,공장대표주소(도로명),공장대표주소(지번),전화번호,생산품,데이터기준일자
1,(사)성원근로장애인협회 교육관,백성구,"대전광역시 동구 태전로 87, 1층 (삼성동)",대전광역시 동구 삼성동 283-2번지 1층,042-624-0924,인쇄물,2025-07-11
2,(사)한국장애인문화협회부설인쇄사업본부,안중원,"대전광역시 동구 태전로 52, 272-9 (삼성동)",대전광역시 동구 삼성동 272-9번지 은호빌딩 272-9,042-627-0789,"인쇄물, 출판물",2025-07-11
3,(사)한국장애인사진콘텐츠협회,김지환,"대전광역시 동구 새울로 41, 2층 203호 (판암동) 2층 203호",대전광역시 동구 판암동 239-2 2층 203호 2층 203호,042-271-5580,"인쇄물, 볼라드",2025-07-11
4,(주) 렌텍,배병훈,대전광역시 동구 산내로 458 (하소동),대전광역시 동구 하소동 48번지,042-484-2131,"비료,아스콘첨가물",2025-07-11
5,(주) 루미원,이승주,"대전광역시 동구 대전천북로 38, 2층 (삼성동)",대전광역시 동구 삼성동 312-6 2층,042-719-7751,LED조명,2025-07-11
6,(주) 미즈,인미영,대전광역시 동구 동대전로248번길 11 (가양동),대전광역시 동구 가양동 650-17번지,042-625-2210,"유니품, 간호복, 가운 등",2025-07-11
7,(주) 아몬텍,전덕관,대전광역시 동구 석천로 23-3 (낭월동),대전광역시 동구 낭월동 867번지,042-583-8851,"비접촉3차원측정기, CCTV",2025-07-11
8,(주) 아이디플렉스,조자룡,"대전광역시 동구 대전천동로 600, 8층 2호 (중동)",대전광역시 동구 중동 47-18 8층 2호,042-222-0038,가정용 전기기기,2025-07-11
9,(주) 안전가설산업,곽준섭,대전광역시 동구 이사로 68-59(이사동) 외 1필지,대전광역시 동구 이사동 23 외 1필지,042-822-8746,"안전발판, 써포트",2025-07-11
10,(주) 어울림디자인,강익하,,대전광역시 동구 구도동359,042-271-4759,주방가구,2025-07-11
11,(주) 에이스산업,전영인,대전광역시 동구 산내로 320 (하소동) 외 1필지,대전광역시 동구 하소동 432-1번지 외 1필지,042-283-0885,방화문 프레임,2025-07-11
12,(주) 이십일세기시상품,남상견,"대전광역시 동구 대전천동로 600, 중동타워 1층 (중동)",대전광역시 동구 중동 47-18번지 중동타워 1층,042-221-4461,"크리스탈 기념패, 현수막, 금속부식 인쇄",2025-07-11
13,(주) 제너럴나인,원유숙,"대전광역시 동구 대흥로 204, 2층 203호 (인동)",대전광역시 동구 인동 11-1번지 2층 203호,070-8869-2888,"이불커버,커튼,텐트,체육복,작업복,내의,티셔츠,손수건,배낭류,정복,군복,모자,장갑",2025-07-11
14,(주) 현대이지아이,최명철,대전광역시 동구 산내로 308 (하소동),대전광역시 동구 하소동 425-1번지,042-273-2263,"농산물건조기, 홍삼가공장비",2025-07-11
15,(주) 호수조명,김보현,대전광역시 동구 동서대로 1588 (성남동),대전광역시 동구 성남동 508-4번지,042-626-1633,"LED, 조명, 스텐드, 호롱, 손전등, 방등, 거실등",2025-07-11
16,(주)KMC테크놀러지,이석재,"대전광역시 동구 새울로 41, 판암아파트형공장 103호 (판암동)",대전광역시 동구 판암동 239-2번지,042-273-7921,고주파저항,2025-07-11
17,(주)가원테크,오세웅,"대전광역시 동구 우암로 352-21, 한국폴리텍IV대학 학생관 401호 (가양동)",대전광역시 동구 가양동 91-2번지 한국폴리텍IV대학 학생관 401호,042-538-0443,"가로등주, 경관조명(LED조명), 가로등기구",2025-07-11
18,(주)굿모닝F&D,금영락,대전광역시 동구 산내로 1288-8 (낭월동),대전광역시 동구 낭월동 644번지,042-286-5115,"소스,식육제품,수산물제품",2025-07-11
19,(주)그린팜,김중곤,"대전광역시 동구 산내로474번길 87 (상소동, 그린팝(주))",대전광역시 동구 상소동 386-1번지,042-274-5886,농업용 끈,2025-07-11
20,(주)김설영패션,이종혁,"대전광역시 동구 흥룡로 60, 지하1층 (가양동)",대전광역시 동구 가양동 52-2번지 지하1층,042-624-1930,각종의류,2025-07-11
21,(주)대덕따슴이,최창연,"대전광역시 동구 곤룡로 68-12 (낭월동, 대덕솔라이트에너지)",대전광역시 동구 낭월동 12-15번지,042-271-8447,콤프레서에어탱크.심야전기보일러,2025-07-11
22,(주)대원,김재철,"대전광역시 동구 계족로438번길 7 (용전동, (주)대원)",대전광역시 동구 용전동 134-4번지,042-632-9700,나무상자,2025-07-11
23,(주)대전계기,박만서,"대전광역시 동구 대전로 713 (인동, 은하전기조명)",대전광역시 동구 인동 27-2번지,042-282-6006,계량기수리제작,2025-07-11
24,(주)대주엔시스,박동기,"대전광역시 동구 옛신탄진로55번길 17-27 (홍도동, 대주전업)",대전광역시 동구 홍도동 175-20번지,042-628-0675,"CCTV, 방송장비, 태양열, 태양광 등",2025-07-11
25,(주)대청기와건설,정상인,"대전광역시 동구 산내로1287번길 81-18, 529 (낭월동)",대전광역시 동구 낭월동 529번지 529,042-273-8989,"물받이, 물홈통 등",2025-07-11
26,(주)도성산업,이재민,대전광역시 동구 안골로28번길 15-14 (구도동),대전광역시 동구 구도동 394-16번지,042-331-7260,"PLUS7 THIN SLEEVE, 크롤러가이드 등",2025-07-11
27,(주)동양산기,김두수,대전광역시 동구 구도동 394-6번지,대전광역시 동구 구도동 394-6번지,,금속제품 제조,2025-07-11
28,(주)두성프라즈마,류봉하,대전광역시 동구 대전로1020번길 14 (홍도동),대전광역시 동구 홍도동 847-3번지,042-627-9100,"철구조물,특장차기계부품",2025-07-11
29,(주)디앤씨컴퍼니,김준성,대전광역시 동구 중앙로193번길 85 (중동),대전광역시 동구 중동 1-70,1877-7034,"인쇄물, 금속가공물, 실크인쇄물",2025-07-11
30,(주)디앤씨컴퍼니,김준성,"대전광역시 동구 선화로 197, 1층 (삼성동)",대전광역시 동구 삼성동 276-6번지 1층,1877-7034,"인쇄물, 금속가공물, 실크인쇄물",2025-07-11
31,(주)디자인새로미,박근석,"대전광역시 동구 대전천동로 630, 3층(삼성동)",대전광역시 동구 삼성동 280-12 3층,042-632-7007,"인쇄물, 현수막",2025-07-11
32,(주)디제이커뮤니케이션즈,장원익,"대전광역시 동구 대전로867번길 46, 2층(삼성동)",대전광역시 동구 삼성동 125-2 2층,042-636-5484,"간판, 현수막",2025-07-11
33,(주)마하에너지,이해자,"대전광역시 동구 산내로1305번길 25, 1동 (낭월동)",대전광역시 동구 낭월동 542번지 1동,042-273-0815,미량요소복합 토지개량및 작물생육용 비료,2025-07-11
34,(주)무궁화용사촌에프엔씨 가양지점,이상길,"대전광역시 동구 매봉로 18, 2층 6호(가양동, 가양시장)",대전광역시 동구 가양동 434 가양시장 2층 6호,042-585-1998,"정복, 근무복, 전투복, 잠바 등 의류 ",2025-07-11
35,(주)미스터베이커리,이병대,대전광역시 동구 우암로 319-1 (가양동),대전광역시 동구 가양동 87-10번지,042-637-8999,"빵류, 과자류",2025-07-11
36,(주)미연,박민선,대전광역시 동구 우암로109번길 16 (삼성동),대전광역시 동구 삼성동 105-20번지,042-633-8877,교통안전표지판,2025-07-11
37,(주)볼텍스인더스트리얼,권유미,"대전광역시 동구 옛신탄진로 15 (삼성동, 우협다방)",대전광역시 동구 삼성동 304-35 번지,042-673-1197,투명흡음형방음판,2025-07-11
38,(주)부성모모산업,이화형,대전광역시 동구 대전천동로 610(삼성동),대전광역시 동구 삼성동 278-8,042-625-5600,의류,2025-07-11
39,(주)서일종합건설,구존회,대전광역시 동구 산내로1287번길 10-19(낭월동),대전광역시 동구 낭월동 569,042-624-4120,"금속문, 창, 셔터",2025-07-11
40,(주)선진유통,김기선,대전광역시 동구 구도동 394-18번지,대전광역시 동구 구도동 394-18번지,042-673-7827,휴대폰 액세서리,2025-07-11
41,(주)선진유통,김기선,"대전광역시 동구 안골로28번길 25, 1층 (구도동)",대전광역시 동구 구도동 394-18번지 1층,042-673-7827,휴대폰 다이어리 케이스,2025-07-11
42,(주)성오스텐레스파이프,정갑환,"대전광역시 동구 산내로 518 (상소동, 성오산업)",대전광역시 동구 상소동 1061-4번지,042-274-1248,스테인레스가공,2025-07-11
43,(주)성진이엔씨,안상복,대전광역시 동구 물류로14번길 73-2 (구도동),대전광역시 동구 구도동 385번지,042-223-8424,"에어컨 조인트 박스, 냉매배관",2025-07-11
44,(주)세대지업,윤석주,대전광역시 동구 우암로 69 (삼성동),대전광역시 동구 삼성동 284-10 번지,042-636-0006,"인쇄용지(아트, 스노, 모조 등)",2025-07-11
45,(주)세종육가공,강득춘,대전광역시 동구 산내로1305번길 61 (낭월동),대전광역시 동구 낭월동 471번지,042-533-8440,돈육(삼겹살)외 진공포장육,2025-07-11
46,(주)세종테크,박유승,대전광역시 동구 산내로 314-3 (하소동),대전광역시 동구 하소동 444-2,042-716-4916,"건설기계부품, 크레인 및 특장차",2025-07-11
47,(주)세한사이메드,김현옥,대전광역시 동구 산내로1287번길 10-8 (낭월동),대전광역시 동구 낭월동 604번지,042-623-0896,"시약장(약품장, 냉장약품장, 혈액냉장고)",2025-07-11
48,(주)소어베드,백창현,"대전광역시 동구 우암로 352-21, 한국폴리텍Ⅳ대학 창업보육센타학생관 415호 (가양동)",대전광역시 동구 가양동 91-2 번지 한국폴리텍Ⅳ대학 창업보육센타학생관 415호,042-639-6681,의료기기 관련 에어실린더,2025-07-11
49,(주)스카이망,김상봉,대전광역시 동구 대전천동로 172 (가오동),대전광역시 동구 가오동 374-8 번지,041-833-5859,알루미늄방충망,2025-07-11
50,(주)신도어패럴,김진수,"대전광역시 동구 선화로196번길 59, 15-4 (중동)",대전광역시 동구 중동 15-4번지,042-252-6538,"와이셔츠, 블라우스",2025-07-11
51,(주)신우씨앤에스,박장식,대전광역시 동구 산내로1305번길 36-13 (낭월동),대전광역시 동구 낭월동 401번지,042-548-9983,"보안용카메라, 영상감시장치, 차량번호판독기, 음향장치",2025-07-11
52,(주)아미셀,김래진,"대전광역시 동구 계족로 480, 2층 (용전동)",대전광역시 동구 용전동 123-18번지 2층,042-632-6992,화장품,2025-07-11
53,(주)아이디피시스템,최용락,"대전광역시 동구 용운로151번길 82 (용운동, 캠퍼스영화감상실)",대전광역시 동구 용운동 174-18번지,070-8699-0760,무정전전원장치,2025-07-11
54,(주)아진라이텍,최재한,"대전광역시 동구 판암로62번길 20, 180-1 (판암동)",대전광역시 동구 판암동 180-1번지 180-1,042-862-8053,가로등기구 외,2025-07-11
55,(주)어울림디자인,강익하,대전광역시 동구 물류로14번길 73-1 (구도동),대전광역시 동구 구도동 385-3번지,042-271-4759,일반 목재가구,2025-07-11
56,(주)에바다목초,정영산,"대전광역시 동구 삼성시장1길 33 (삼성동, (주)한국목초) 외 1필지",대전광역시 동구 삼성동 110-1 번지 외 1필지,042-639-1851,건강용품(시트),2025-07-11
57,(주)에스엔아이,정세영,대전광역시 동구 산내로1305번길 43 (낭월동),대전광역시 동구 낭월동 475번지,042-544-1644,방송통신기자재,2025-07-11
58,(주)영기획,윤여홍,"대전광역시 동구 옛신탄진로 10-10, 1층(A동) (삼성동)",대전광역시 동구 삼성동 302-127번지 1층(A동),042-525-8730,간판제작,2025-07-11
59,(주)우노코스,이수정,"대전광역시 동구 우암로 59, 2층 (삼성동)",대전광역시 동구 삼성동 283-32번지 2층,,수제비누,2025-07-11
60,(주)원일산업,박춘우,대전광역시 동구 우암로 83 (삼성동),대전광역시 동구 삼성동 290-7번지,042-631-4173,시력보정용광학렌즈포장재,2025-07-11
61,(주)원풍제지,최순주,대전광역시 동구 대전천동로 116-5 (대성동),대전광역시 동구 대성동 165-4번지,042-282-4566,초배지,2025-07-11
62,(주)위럭스,김영철,"대전광역시 동구 삼성시장1길 33, 110-1외1필지 지하1층 (삼성동)",대전광역시 동구 삼성동 110-1번지 (주)한국목초 110-1외1필지 지하1층,031-702-3971,LED조명,2025-07-11
63,(주)유선애드플랜,정유선,대전광역시 동구 선화로 199-14 (삼성동),대전광역시 동구 삼성동 274-10번지,042-632-3007,인쇄물,2025-07-11
64,(주)이너그린,최승호,"대전광역시 동구 동서대로1503번길 8, 1층 (삼성동)",대전광역시 동구 삼성동 361-5번지 1층,042-633-7153,"스마트팜 시스템, 식물공장 시스템, 벽면녹화 시스템 ",2025-07-11
65,(주)이지글로벌푸드 대전지점,정정웅,대전광역시 동구 옛신탄진로 12 (삼성동),대전광역시 동구 삼성동 302-8번지,042-624-7377,냉동수산물,2025-07-11
66,(주)이편한자동화기술,박찬배,대전광역시 동구 안골로28번길 15-4 (구도동),대전광역시 동구 구도동 394-20,042-284-7779,AI 안전장치,2025-07-11
67,(주)자연들,한의선,"대전광역시 동구 판암로62번길 31 (판암동, 삼부크리치)",대전광역시 동구 판암동 171-2 번지,042-282-8958,과일건조식품 및 음료,2025-07-11
68,(주)정원엔지니어링,김종엽,대전광역시 동구 홍도로33번길 3 (홍도동),대전광역시 동구 홍도동 72-13번지,042-636-4777,전동기,2025-07-11
69,(주)정원엔지니어링,김종엽,"대전광역시 동구 계족로457번길 68 (용전동, 대림산업)",대전광역시 동구 용전동 198-34번지,042-636-4778,전동기,2025-07-11
70,(주)제릭스,홍향숙,"대전광역시 동구 동구청로 117, 2층,(주)제릭스 (가오동)",대전광역시 동구 가오동 561-1번지,070-4820-3000,안광학기기 및 주변기기제조,2025-07-11
71,(주)제이앤비라이팅,정홍범,"대전광역시 동구 산내로1305번길 39, (주)제이앤비라이팅(낭월동)",대전광역시 동구 낭월동 476 (주)제이앤비라이팅,042-286-2663,전기조명장치,2025-07-11
72,(주)제일,안중민,"대전광역시 동구 대흥로 204, 2층 (인동)",대전광역시 동구 인동 11-1 2층,042-472-5001,운동복,2025-07-11
73,(주)좋은소리,이재관,"대전광역시 동구 계족로 497-1, 42-9 (용전동)",대전광역시 동구 용전동 42-9번지,042-625-8711,"마이크, CCTV",2025-07-11
74,(주)충남전기이엔지,이윤희,대전광역시 동구 대전로 974 (삼성동),대전광역시 동구 삼성동 370-9번지,042-633-1385,동력전달장치,2025-07-11
75,(주)케이티아이,백영자,대전광역시 동구 대전로542번길 80-57 (천동),대전광역시 동구 천동 514번지,,담배잎정량주입기,2025-07-11
76,(주)태양전업공사,김학형,"대전광역시 동구 대전로1020번길 42 (홍도동, 태양전업공사)",대전광역시 동구 홍도동 110-3번지,042-622-8004,교통신호기,2025-07-11
77,(주)태창산업,우병윤,대전광역시 동구 산내로 1396-26 (대성동),대전광역시 동구 대성동 315-1번지,042-525-5568,"작업복, 운동복,의류",2025-07-11
78,(주)파인트리코리아,손민정,"대전광역시 동구 동대전로110번길 164, 2층(대동)",대전광역시 동구 대동 1-35 2층,042-628-6779,"led조명기기, 조명용제어장치",2025-07-11
79,(주)플라이쿱,김기선,"대전광역시 동구 대흥로 204, 2층 (인동)",대전광역시 동구 인동 11-1 2층,02-742-7539,의류제조,2025-07-11
80,(주)픽스쳐패브리케이션,김경오,"대전광역시 동구 매봉로 18 (가양동, 가양시장) 2층 제1호",대전광역시 동구 가양동 434-0 가양시장 2층 제1호,070-8230-3566,"셔츠 및 블라우스, 방호복",2025-07-11
81,(주)하나월드정보통신,김제수,"대전광역시 동구 동서대로1730번길 43, 2호 (가양동)",대전광역시 동구 가양동 429-10 번지 2호,042-632-2003,보안용카메라,2025-07-11
82,(주)한밭주조,최경호,"대전광역시 동구 옛신탄진로 44-23 (홍도동, 술익는마을)",대전광역시 동구 홍도동 164-1번지,,"약주,탁주",2025-07-11
83,(주)한빛씨에이치씨,조철회,대전광역시 동구 산내로513번길 24 (상소동),대전광역시 동구 상소동 665-1번지,,산업용 냉장/냉동제조업,2025-07-11
84,(주)한울이엔지,송호형,대전광역시 동구 대전로542번길 8 (천동),대전광역시 동구 천동 76-165 번지,042-286-1097,"자동화 시스템, 자동화 제어반",2025-07-11
85,(주)한일라벨,김창남,"대전광역시 동구 현암로30번길 24 (삼성동, 한일라벨)",대전광역시 동구 삼성동 378-7번지,042-633-0734,종이컵. 상표,2025-07-11
86,(주)한일인쇄진아출판사,이봉호,"대전광역시 동구 대전천북로 60, 315-4 (삼성동)",대전광역시 동구 삼성동 315-4번지,042-626-6415,교재및 시험문제지,2025-07-11
87,(주)현웅디자인,이명화,"대전광역시 동구 매봉로 18, 2층 제6호(가양동, 가양시장)",대전광역시 동구 가양동 434 가양시장 2층 제6호,02-922-5561,의류,2025-07-11
88,(주)현웅디자인,이명화,"대전광역시 동구 대흥로 204, 2층 (인동)",대전광역시 동구 인동 11-1 2층,02-922-5561,"남자용 겉옷, 여자용 겉옷, 셔츠,블라우스, 근무복,작업복, 가죽의복, 유아 의복, 기타 봉제의복, 편조의복 액세서리, 모자, 악세서리, 가방,보호용케이스",2025-07-11
89,(주)홍삼단,신명곤,"대전광역시 동구 백룡로 59 (자양동, 우송정보대학동캠퍼스)",대전광역시 동구 자양동 17-2번지,042-630-9741,홍삼농축액환,2025-07-11
90,(주)화성에어토탈,박호균,대전광역시 동구 옻밭5길 159 (판암동),대전광역시 동구 판암동 569-17번지,042-273-9005,"기상관측장비, 일산화탄소 측정기, 풍향풍속계, 원격전원장비, CCTV장비, 모바일뱅크",2025-07-11
91,OK LEDS,박종희,대전광역시 동구 산내로 550 (상소동),대전광역시 동구 상소동 486-4번지,042-286-3888,"일반용 전기조명장치, LED조명기구, 가로등주",2025-07-11
92,가나롤스크린,최연진,"대전광역시 동구 중앙로200번길 99, 메가프라자 3층29호 (원동)",대전광역시 동구 원동 42-1번지 메가프라자 3층29호,042-222-2353,"롤스크린, 바티칼",2025-07-11
93,가보식품,나성희,대전광역시 동구 물류로14번길 91-16 (구도동),대전광역시 동구 구도동 384-1,042-347-4300,닭발 및 부산물,2025-07-11
94,강문인쇄사,"박천균, 김경옥",대전광역시 동구 태전로114번길 32 (삼성동),대전광역시 동구 삼성동 309-32번지,042-226-4722,"인쇄, 제본",2025-07-11
95,거북이보호작업장,박해영,"대전광역시 동구 보문로 4, 2층 202호 (효동, 효동플러스크리닉)",대전광역시 동구 효동 253-1번지 효동플러스크리닉 2층 202호,042-283-8070,커피점토,2025-07-11
96,거성상사,김용희,"대전광역시 동구 대전로 576, 1층 (천동)",대전광역시 동구 천동 115 1층,042-283-9737,야외운동기구,2025-07-11
97,건우,임현덕,대전광역시 동구 안골로28번길 15-28 (구도동),대전광역시 동구 구도동 394-11번지,042-526-1225,"파티클보드, 엠디에프, 원목, 인조대리석, 스텐",2025-07-11
98,경인화학,신봉식,대전광역시 동구 산서로 1604-32 (대별동),대전광역시 동구 대별동 88-6번지,042-222-2391,설비보호제(카트린 K-20) 부식억제제(식품첨가물),2025-07-11
99,계룡전기,이영돈,"대전광역시 동구 은어송로 26 (가오동, 계룡전기)",대전광역시 동구 가오동 373-10번지,042-271-9086,"전기수배전반,계장제어반",2025-07-11
100,고려산업,송치호,"대전광역시 동구 산내로513번길 31 (상소동, 고려산업)",대전광역시 동구 상소동 676번지,042-282-9004,플라스틱도시락,2025-07-11
101,광고타운그린,박근기,대전광역시 동구 우암로50번길 9 (삼성동),대전광역시 동구 삼성동 281-4번지,042-627-5461,간판제작,2025-07-11
102,광성테크,최성준,"대전광역시 동구 대전로340번길 17-4 (대성동, 광명산업)",대전광역시 동구 대성동 51-4번지,042-286-7666,"수,배전반,전기판넬,정보통신기구물",2025-07-11
103,광흥제면,최광식,"대전광역시 동구 솜2길 35 (신안동, 광흥제면솜공장)",대전광역시 동구 신안동 282-16번지,042-673-0033,이불솜,2025-07-11
104,국성기업,김영이,"대전광역시 동구 산내로273번길 8 (하소동, 국성기업)",대전광역시 동구 하소동 477-2번지,042-274-5050,파이프연결관,2025-07-11
105,굿트리,강동우,대전광역시 동구 이사로 13-74 (대별동),대전광역시 동구 대별동 213-3번지,042-286-7873,"인테리어소품, 소가구",2025-07-11
106,금강문화사,김명희,"대전광역시 동구 태전로104번길 10-2, 1층, 2층(삼성동)","대전광역시 동구 삼성동 286-39 1층, 2층",042-526-0311,책자,2025-07-11
107,금화건설(주),김만수,"대전광역시 동구 대전천동로 504, 1층 (원동)",대전광역시 동구 원동 85-47번지 1층,042-253-1211,블라인드 등,2025-07-11
108,나래기획,권희경,대전광역시 동구 선화로 220 (정동),대전광역시 동구 정동 39-57번지,042-226-2568,"서적, 책자",2025-07-11
109,나루,"유영주, 민광식","대전광역시 동구 산내로 255, 1층 (하소동)",대전광역시 동구 하소동 463-1 1층,02-323-1193,"조형물, 전시모형, 조형물",2025-07-11
110,남광사무용가구,백성현,"대전광역시 동구 모암로 128-6, 남광사무용가구 (이사동)",대전광역시 동구 이사동 290-2번지 남광사무용가구,042-283-0501,사무용가구,2025-07-11
111,농업회사법인 다모아식품 주식회사,한재득,대전광역시 동구 물류로14번길 91-29 (구도동),대전광역시 동구 구도동 383-1번지,042-224-1800,"육개장, 덮밥, 소스 외",2025-07-11
112,농업회사법인 웰앤뷰 주식회사,주민선,대전광역시 동구 산내로1315번길 6-41 (낭월동),대전광역시 동구 낭월동 391번지,042-222-3222,웰앤뷰 디톡막걸리 파우더,2025-07-11
113,농업회사법인 주식회사 왕도,정구민,"대전광역시 동구 태전로114번길 22, 1층 (삼성동)",대전광역시 동구 삼성동 309-26번지 1층,1855-2715,"미량요소복합비료, 제4종복합비료 외",2025-07-11
114,누리식품,김영철,대전광역시 동구 천동 118-23번지,대전광역시 동구 천동 118-23번지,042-282-9734,팥.호박앙금,2025-07-11
115,다한비,최태성,"대전광역시 동구 대흥로 204, 202호 (인동)",대전광역시 동구 인동 11-1 202호,02-2224-0928,,2025-07-11
116,대규정밀,김광섭,"대전광역시 동구 대전로906번길 57-7 (삼성동, 대규정밀)",대전광역시 동구 삼성동 299-15 번지,042-622-5634,"사출금형, 성형",2025-07-11
117,대덕정밀,김명순,"대전광역시 동구 옛신탄진로 44-25, 164-8 (홍도동)",대전광역시 동구 홍도동 164-8번지 164-8,,타이어제조기계부품,2025-07-11
118,대림종합식품,서홍원,"대전광역시 동구 산내로1299번길 54, 480 (낭월동)",대전광역시 동구 낭월동 480번지 480,042-636-4183,"가공식품, 튀김식품",2025-07-11
119,대성F&D,이순자,대전광역시 동구 산내로 951 (삼괴동),대전광역시 동구 삼괴동 156-5번지,042-273-0611,"냉면, 국수",2025-07-11
120,대성금속,신영철,대전광역시 동구 대전로 447-14 (가오동),대전광역시 동구 가오동 388-14번지,042-272-7792,"씽크대.작업대,건조기",2025-07-11
121,대성식품,이순자,"대전광역시 동구 산내로 947-1, 1층 (삼괴동)",대전광역시 동구 삼괴동 261-1번지,042-273-0611,냉면 및 양념장,2025-07-11
122,대성테크 주식회사,김효진,대전광역시 동구 산내로 518 (상소동),대전광역시 동구 상소동 1061-4,042-632-8330,"간판 및 지주간판, 조형물,매대,이동식부스, 조형물, 흙먼지털이기, 기타미분류가구/매대, 안내판, 표지판",2025-07-11
123,대성플라스틱주식회사,장덕영,"대전광역시 동구 산내로560번길 26 (상소동, 대성플라스틱)",대전광역시 동구 상소동 459번지,042-274-0100,밧데리케이스,2025-07-11
124,대웅식품,홍동후,대전광역시 동구 산내로1315번길 26 (낭월동),대전광역시 동구 낭월동 425번지,042-286-8030,"후지포장육, 등심,안심,지방절단포장육 등",2025-07-11
125,대윤케미칼 주식회사,박진욱,"대전광역시 동구 대학로 62, 산학협력관 226호(용운동, 대전대학교)",대전광역시 동구 용운동 96-3 대전대학교 산학협력관 226호,042-272-7499,"살균제, 탈취제",2025-07-11
126,대일기공주식회사,김대중,대전광역시 동구 창조2길 28 (원동),대전광역시 동구 원동 101-2번지,042-273-1536,실험기,2025-07-11
127,대전수산시장(주),김성문,대전광역시 동구 삼성동 109-1.7번지,대전광역시 동구 삼성동 109-1.7번지,042-622-7743,생선보관(저장),2025-07-11
128,대전실업,김명진,"대전광역시 동구 선화로196번길 59, 2, 3층 (중동)","대전광역시 동구 중동 15-4 2, 3층",042-222-0507,"와이셔츠,블라우스(교복), 와이셔츠(기사복)",2025-07-11
129,대한참전유공자환경봉사단,전병권,"대전광역시 동구 동대전로110번길 164, 2층 (대동)",대전광역시 동구 대동 1-35번지 2층,042-282-0455,LED 조명기기,2025-07-11
130,대한특수강,김우섭,대전광역시 동구 대전로 975-1 (삼성동),대전광역시 동구 삼성동 371-4번지,042-625-9956,"철강재(환봉, 각재) 1차 절단가공",2025-07-11
131,대흥사,김대흥,대전광역시 동구 대전로815번길 84 (삼성동),대전광역시 동구 삼성동 112-2번지,042-638-0700,"지류, 판촉물, 잡화",2025-07-11
132,더워터솔루션 주식회사 ,박현석,대전광역시 동구 산내로1337번길 24(낭월동),대전광역시 동구 낭월동 321,042-639-0005,축산분뇨발효기,2025-07-11
133,데일라이프 백,고병수,"대전광역시 동구 동대전로 295, 지하 (가양동)",대전광역시 동구 가양동 420-10 지하,,가방,2025-07-11
134,동남커텐,임익성,대전광역시 동구 중교로 130-14 (원동),대전광역시 동구 원동 46-12번지,042-221-3679,커텐류,2025-07-11
135,동방내추럴,손종현,대전광역시 동구 이사로 119 (이사동),대전광역시 동구 이사동 53-2번지,042-274-7424,"식품가공기계, 중탕기, 추출기, 유압기, 탈취제, 방향제",2025-07-11
136,동부라이팅,김문호,대전광역시 동구 산내로1327번길 6-33 (낭월동),대전광역시 동구 낭월동 358,042-271-9447,일반용 전기조명장치제조,2025-07-11
137,동우산업,김성우,대전광역시 동구 태전로 101-8 (삼성동),대전광역시 동구 삼성동 313-7번지,042-222-6730,PVC 비닐케이스 등,2025-07-11
138,동인문화사,이정현,"대전광역시 동구 태전로131번길 2 (삼성동, 동인문화사)",대전광역시 동구 삼성동 323-19번지,042-631-4164,"교육용인쇄지,팜프렛",2025-07-11
139,두원기획,윤양수,대전광역시 동구 선화로 198 (중동),대전광역시 동구 중동 3-1번지,042-252-1085,"현수막, 의류인쇄",2025-07-11
140,드림데코,이순덕 외 1명,대전광역시 동구 산내로1299번길 54 (낭월동),대전광역시 동구 낭월동 481,042-625-6581,"베게, 이불, 쿠션류",2025-07-11
141,디고잉(DIGOing),여다은,"대전광역시 동구 우암로 58, 3층 (삼성동)",대전광역시 동구 삼성동 282-48 3층,070-7954-7330,"카달로그, 책자 등 인쇄물",2025-07-11
142,디딤,정석순,대전광역시 동구 판암로 73 (판암동),대전광역시 동구 판암동 148-1번지,,"교구장, 상하수도배관자재",2025-07-11
143,디자인 범신,임순심,"대전광역시 동구 대전로839번길 56, 1층 (중동)",대전광역시 동구 중동 1-33번지 1층,042-254-8737,"보고서, 책자, 브로셔",2025-07-11
144,라라컴테그,강철순,"대전광역시 동구 중앙로193번길 80, 1층 (중동)",대전광역시 동구 중동 1-61번지 1층,042-538-1826,"인쇄물, 서식지",2025-07-11
145,라움퍼니처,표석연,대전광역시 동구 물류로14번길 91-5(구도동),대전광역시 동구 구도동 384-5,042-637-3380,"주방용가구, 사무용가구",2025-07-11
146,로만기업,박양순,대전광역시 동구 산내로574번길 75-8 (상소동),대전광역시 동구 상소동 266번지,042-273-2363,브라인드 커튼,2025-07-11
147,루디아기획,엄진남,"대전광역시 동구 우암로50번길 43, 282-30 (삼성동)",대전광역시 동구 삼성동 282-30번지,042-673-7797,"책자, 인쇄, 기획",2025-07-11
148,리얼쫀득,한영수,대전광역시 동구 송촌남로11번길 103(용전동),대전광역시 동구 용전동 14-12,070-4120-8823,"과자류(커피쫀드기, 댓잎쫀드기)",2025-07-11
149,리틀리커피,이시아,"대전광역시 동구 계족로 495-1, B1층 (용전동)",대전광역시 동구 용전동 42-11 B1층,1660-0367,원두커피,2025-07-11
150,링컴넷,문승일,"대전광역시 동구 우암로 352-21, 한국폴리텍IV대학 창업보육센터 신관동 203호 (가양동)",대전광역시 동구 가양동 91-2번지 한국폴리텍IV대학 창업보육센터 신관동 203호,042-622-8090,유전체 필터,2025-07-11
151,맥산기업,김효식,"대전광역시 동구 선화로 197, 2층 (삼성동)",대전광역시 동구 삼성동 276-6번지 2층,042-624-6521,"열쇠고리, 핸드폰줄, 어깨 및 휘장, 기념품, 트로피, 안내판",2025-07-11
152,메가테크(주),이기현,대전광역시 동구 옛신탄진로55번길 8 (홍도동),대전광역시 동구 홍도동 140-19번지,042-936-5400,의료용기기,2025-07-11
153,명성정공사,김명진,대전광역시 동구 대전천동로 388 (효동),대전광역시 동구 효동 268-7번지,042-284-3749,기계부속,2025-07-11
154,명승정밀,서명옥,대전광역시 동구 산내로386번길 29-7 (하소동),대전광역시 동구 하소동 320-7번지,042-274-2829,"샤프트, 열처리롤러, 콘베이어 등",2025-07-11
155,모든CTP출력센터,김진숙외 1명,"대전광역시 동구 우암로50번길 58, 2층 (삼성동)",대전광역시 동구 삼성동 278-16번지 2층,042-626-7563,옵셋인쇄판출력 등 인쇄 출판,2025-07-11
156,모든인쇄문화사,구자빈,"대전광역시 동구 우암로50번길 58 (삼성동, 동아기획)",대전광역시 동구 삼성동 278-16번지,042-632-0308,"칼라책자,카달로그",2025-07-11
157,문광인쇄정보,정병양,대전광역시 동구 중앙로203번길 59 (정동),대전광역시 동구 정동 31-22 번지,042-224-5778,정부간행물 및 각종인쇄,2025-07-11
158,문성프라스틱,허창곤,"대전광역시 동구 대전로 635 (효동, 문성프라스틱)",대전광역시 동구 효동 267-2번지,042-271-6322,"농기계, 인력분무기",2025-07-11
159,미광사,"황선하, 원상순",대전광역시 동구 선화로192번길 33 (중동),대전광역시 동구 중동 32-6번지,042-253-5875,"인쇄물, 인쇄물",2025-07-11
160,미성체육사,최복용,"대전광역시 동구 계족로 254, 1층 미성체육사 (소제동, 삼화페인트)",대전광역시 동구 소제동 299-328번지 삼화페인트 1층 미성체육사,042-283-0300,체육복,2025-07-11
161,미스터베이커리(주),이향숙,대전광역시 동구 안골로28번길 15-5 (구도동),대전광역시 동구 구도동 394-2번지,042-637-8999,"빵류, 과자류, 기타식품류",2025-07-11
162,베스트로,채수진,대전광역시 동구 대전천동로 596 (중동),대전광역시 동구 중동 47-26번지,042-252-4577,"상패, 기념품, 휘장, 표찰 등",2025-07-11
163,보라교구산업,백남진,"대전광역시 동구 산내로 365-15 (하소동, 광일제재소)",대전광역시 동구 하소동 370-2번지,042-256-2526,조립식목재가구,2025-07-11
164,빅픽쳐스 주식회사,김종민,대전광역시 동구 계족로 151 (대동) 대전지식산업센터 305호,대전광역시 동구 대동 115-2 대전지식산업센터 305호,070-4209-4773,건설기계 실습교육 가상현실 시뮬레이터,2025-07-11
165,사단법인 한국장애인사진콘텐츠협회,김지환,"대전광역시 동구 새울로 41, 2층 203 (판암동)",대전광역시 동구 판암동 239-2번지 2층 203,042-274-5581,"책자,리플렛,카다록,옵셑물",2025-07-11
166,사회복지법인애국단체원방송통신사업단,손문엽,"대전광역시 동구 대학로 62, 212호, 25호관 산학협력관 (용운동, 대전대학교)","대전광역시 동구 용운동 96-3번지 대전대학교 212호, 25호관 산학협력관",042-286-9313,유선통신장비 및 무선통신장비 등,2025-07-11
167,삼부크러치(주),이탁무,"대전광역시 동구 옥천로106번길 315 (판암동, 신호공업)",대전광역시 동구 판암동 166-8번지,042-282-8955,정형외과용의료기(목발),2025-07-11
168,삼성디자인기획,유근명,"대전광역시 동구 대전로815번길 29 (정동, 중앙인쇄사)",대전광역시 동구 정동 31-74번지,042-221-3111,상업인쇄물,2025-07-11
169,삼성디지털인쇄,정종탁,"대전광역시 동구 선화로186번길 29 (중동, 정호프로세서)",대전광역시 동구 중동 51-21번지,042-226-4475,"책자, 서식등(일반옵세인쇄)",2025-07-11
170,삼영유리창호산업,채복희,대전광역시 동구 산내로 518 (상소동),대전광역시 동구 상소동 1061-4,042-286-9005,복층유리,2025-07-11
171,삼일주방산업,송정섭,대전광역시 동구 충무로209번길 53 (인동),대전광역시 동구 인동 13-4번지,042-222-0251,"싱크대,작업대",2025-07-11
172,삼호정밀기계,김광수,"대전광역시 동구 산서로 1644-33 (대별동, 삼호정밀)",대전광역시 동구 대별동 175-1번지,042-283-6417,식품기계제조,2025-07-11
173,상도식품,민병식,대전광역시 동구 안골로28번길 139 (구도동),대전광역시 동구 구도동 385-5번지,042-624-1171,농수산물 냉동 저장처리,2025-07-11
174,샤인미디어,고영수,"대전광역시 동구 계족로 312, 2층 (성남동)",대전광역시 동구 성남동 55-2 2층,070-8282-0727,LED디스플레이,2025-07-11
175,샤인엔지니어링 주식회사,김정주,대전광역시 동구 우암로255번길 7 (가양동),대전광역시 동구 가양동 413-8번지,,"CCTV카메라, 불법주정차단속시스템",2025-07-11
176,서로 유한책임회사,이영희,"대전광역시 동구 중앙로200번길 99, 2층 5호 (원동)",대전광역시 동구 원동 42-1번지 2층 5호,,"사무용 봉제가구, 사무용 봉제가구, 사무용 봉제가구",2025-07-11
177,서진마스타,홍중기,"대전광역시 동구 태전로 24-1, 외1번지 1층 (중동)",대전광역시 동구 정동 31-71번지,042-252-2320,인쇄물,2025-07-11
178,선숙 농업회사법인(주),주용순,대전광역시 동구 대전천동로 104-4 (대성동),대전광역시 동구 대성동 99-1 번지,042-282-2353,"된장,고추장,절임류",2025-07-11
179,선일주방산업,전영완,"대전광역시 동구 물류로14번길 73-16, 선일주방산업(구도동)",대전광역시 동구 구도동 385-13 선일주방산업,042-282-3459,"업소용 작업대, 업소용 세정대, 업소용 주방후드",2025-07-11
180,성 인터내셔날,이병수,"대전광역시 동구 산서로1092번길 56, 293-1 (장척동)",대전광역시 동구 장척동 293-1번지,042-638-0852,목재가구(싱크대 등),2025-07-11
181,성광인쇄,최지연,대전광역시 동구 태전로 66-4 (삼성동),대전광역시 동구 삼성동 125-7번지,042-633-4034,오프셋 인쇄물,2025-07-11
182,성도교역,최계영,"대전광역시 동구 대흥로 204, 0 (인동)",대전광역시 동구 인동 11-1 0,02-306-2353,"방탄조끼, 전투조끼, 운동복, 근무복, 기동복, 정복, 작업복, 외투, 잠수복, 신발, 스타킹, 커튼, 가죽의복, 구두, 유아용 의복",2025-07-11
183,성도종합주방설비,이강석,대전광역시 동구 동산초교로45번길 45 (홍도동),대전광역시 동구 홍도동 168-2번지,042-625-2955,"상업용씽크대, 주방기구소독기, 상업용조리대, 플랫폼트럭",2025-07-11
184,성아패키지 주식회사,류지현,대전광역시 동구 물류로14번길 105 (구도동),대전광역시 동구 구도동 383-3번지,042-634-7618,종이용기 등,2025-07-11
185,성화패션,김숙희,"대전광역시 동구 흥룡로 60, 204호 (가양동, 동부프라자)",대전광역시 동구 가양동 52-2번지 동부프라자 204호,,"남녀정장, 단체복",2025-07-11
186,세광인쇄출판사,이봉용,"대전광역시 동구 우암로 73 (삼성동, 세광출판)",대전광역시 동구 삼성동 284-6번지,042-624-8567,"옵셋인쇄, 경인쇄 등 각종인쇄물",2025-07-11
187,세일양조장,박환서,"대전광역시 동구 대전로 312-25 (대성동, 세일양조장)",대전광역시 동구 대성동 233-3번지,042-283-4204,막걸리,2025-07-11
188,세진정공,양선욱,"대전광역시 동구 옥천로96번길 62-1 (판암동, 세진정밀)",대전광역시 동구 판암동 430-1번지,042-284-9941,금속절삭가공기계,2025-07-11
189,세풍지업상사,"정헌화외2인(정지수, 박미란)",대전광역시 동구 태전로 56-9 (삼성동),대전광역시 동구 삼성동 269-11,042-627-8333,"미색지, 백상지, 옵셋인쇄용지, 필기도화용지, 아트지, 중질지, 신문용지, 크라프트지, 복사지",2025-07-11
190,셀나노텍,유현희,"대전광역시 동구 대전로 764, 21-12 2층 (원동)",대전광역시 동구 원동 21-12번지 제일양복점 21-12 2층,042-242-0188,LED조명기기,2025-07-11
191,수로보틱스(SOOROBOTICS),이제원,"대전광역시 동구 계족로443번길 54, 지하 수로보틱스(용전동, 프랜드빌)",대전광역시 동구 용전동 175-13 프랜드빌 지하 수로보틱스,070-7532-9970,멀티콥터,2025-07-11
192,수영개발산업 주식회사,최별규,대전광역시 동구 동서대로 1505 (삼성동) 2층 201호 (삼성동),대전광역시 동구 삼성동 361-3 2층 201호 (삼성동),042-673-5300,"대중방송장비, 영상장비, 보안용카메라",2025-07-11
193,스쿨뱅크,우덕명,"대전광역시 동구 대성길 14, 2층 (가양동)",대전광역시 동구 가양동 579-14번지 2층,042-637-8722,"교복, 학생복",2025-07-11
194,시원유압,서기성,"대전광역시 동구 산내로474번길 105, 외1필지 (상소동)",대전광역시 동구 상소동 383-2번지,,"실린더, 버켓",2025-07-11
195,시큐솔,류일영,대전광역시 동구 대전천동로 574 (중동),대전광역시 동구 중동 51-53번지,,"기타인쇄물, 보안잉크 등",2025-07-11
196,신정보개발주식회사,홍명숙,"대전광역시 동구 대전천동로 172, 1층 (가오동)",대전광역시 동구 가오동 374-8 1층,041-856-9082,"수배전반, 자동제어반, 분전반, 전동기제어반",2025-07-11
197,신중앙포장,김홍락,"대전광역시 동구 산서로1660번길 176 (대별동, 중앙포장)",대전광역시 동구 대별동 9-2번지,042-286-7179,비닐포대,2025-07-11
198,신진기획인쇄사,박인수,대전광역시 동구 태전로 74-21 (삼성동),대전광역시 동구 삼성동 114-6번지,042-638-7887,각종인쇄품,2025-07-11
199,아이아트기획,"백새연, 정인숙","대전광역시 동구 태전로 70-34, 2층 (삼성동)",대전광역시 동구 삼성동 123-1 2층,042-226-9897,"교재,정기간행물,팜플릿, 기타인쇄물, 포스터",2025-07-11
200,알리다그룹(주),김종익,대전광역시 동구 동서대로 1566 (성남동),대전광역시 동구 성남동 229번지,,"옥외광고물, 실사출력",2025-07-11
201,알파플러스,오세진,대전광역시 동구 이화로 48 (대동) 외 1필지,대전광역시 동구 대동 61-6 외 1필지,042-934-0764,"LED 전구류, 세대유닛",2025-07-11
202,알프스상사,박종민,"대전광역시 동구 창조1길 48, 31-1 (원동)",대전광역시 동구 원동 31-1번지 공장 31-1,043-854-5395,"등짐펌프, 소방기기",2025-07-11
203,애드모아,박한진,대전광역시 동구 태전로 66-28 (삼성동),대전광역시 동구 삼성동 126-14번지,042-222-6880,인쇄물,2025-07-11
204,애림흑판사,송재학,대전광역시 동구 대전로 610-2 (효동),대전광역시 동구 효동 132-18번지,042-282-6403,"백,청판 및 게시판",2025-07-11
205,야곱산업,안유배,대전광역시 동구 산서로1604번길 37-8 (대별동) 외 2필지,대전광역시 동구 대별동 76-2번지 외 2필지,042-273-0400,"목재, 철재, 주방가구",2025-07-11
206,양지그린산업(주),김재성,"대전광역시 동구 산내로1327번길 6-28, 350 (낭월동)",대전광역시 동구 낭월동 350번지,042-274-8232,수목식재용 퇴비봉,2025-07-11
207,에너스마텍,송영환,대전광역시 동구 이사로 110-6 (이사동),대전광역시 동구 이사동 145-1번지,070-4107-6007,전기온풍기,2025-07-11
208,에스지아이(SGI),박만용,"대전광역시 동구 산내로1327번길 6-26, 349 (낭월동)",대전광역시 동구 낭월동 349번지 349,042-632-7667,"금형, 밀링, 산업기계",2025-07-11
209,에이스바텍,정옥임,대전광역시 동구 산서로 1646 (대별동),대전광역시 동구 대별동 181-1번지,042-283-6885,방화문 프레임,2025-07-11
210,에이스테크(주),김병식,대전광역시 동구 계족로392번길 138-3 (가양동),대전광역시 동구 가양동 449-1번지,070-4247-7521,스피커,2025-07-11
211,에이지티 주식회사,김경태,"대전광역시 동구 대학로 62, 204호, 산학협력관(창업보육센터)(용운동, 대전대학교)","대전광역시 동구 용운동 96-3 대전대학교 204호, 산학협력관(창업보육센터)",,보조사료(미생물제),2025-07-11
212,에코푸드 주식회사,편병천,대전광역시 동구 물류로14번길 73-23 (구도동),대전광역시 동구 구도동 385-15번지,042-282-7090,과자,2025-07-11
213,엔티에스(N.T.S),차정우,"대전광역시 동구 계족로 151, 4층 405호(대동, 대전지식산업센터) 4층 405호",대전광역시 동구 대동 549 대전지식산업센터 4층 405호 4층 405호,042-625-0946,"슬롯다이, 슬롯다이 코터",2025-07-11
214,엘에이치(LH)공공미술연구소,황혜진,"대전광역시 동구 옥천로 349, 정인빌딩(삼정동)",대전광역시 동구 삼정동 97-15 정인빌딩,042-273-5210,금속조형물,2025-07-11
215,엣지아이랩,박정석,"대전광역시 동구 대학로 62, 산학협력관 206호 (용운동, 대전대학교)",대전광역시 동구 용운동 96-3번지 대전대학교 산학협력관 206호,,마이크로프로세서 교육실습장비 외,2025-07-11
216,영선산업,김영선,대전광역시 동구 우암로246번길 9-16 (가양동),대전광역시 동구 가양동 408-7번지,042-632-4441,"넥타이 등, 가방, 정장, 근무복,작업복",2025-07-11
217,영신산업,반채학,"대전광역시 동구 산내로 556 (상소동, 영신산업)",대전광역시 동구 상소동 486-2번지,042-271-1669,"종량제봉투,농공업용비닐",2025-07-11
218,영창당인쇄사,이상준,"대전광역시 동구 태전로 74-25 (삼성동, 영상당인쇄사)",대전광역시 동구 삼성동 114-5번지,042-626-7888,각종양식.팜플렛,2025-07-11
219,영풍,김승덕,대전광역시 동구 물류로14번길 91-39 (구도동),대전광역시 동구 구도동 383-4,042-335-1533,큐비클,2025-07-11
220,예광기업사,이은우,"대전광역시 동구 태전로 66-24 (삼성동, 세풍지업상사)",대전광역시 동구 삼성동 126-12번지,042-625-0202,출판업,2025-07-11
221,온세계정보통신(주),박미경,대전광역시 동구 태전로147번길 9 (삼성동),대전광역시 동구 삼성동 361-6,042-639-3400,"대중방송장비, 영상장비, 보안용카메라",2025-07-11
222,우경가구,양경숙,대전광역시 동구 안골로28번길 15-35 (구도동),대전광역시 동구 구도동 394-3번지,042-286-9598,가구제품제조,2025-07-11
223,우일타올공업사,정연상,대전광역시 동구 계족로368번길 102(가양동),대전광역시 동구 가양동 508-23,,타올,2025-07-11
224,우진디지털인쇄사,"장근영, 이동희",대전광역시 동구 대전로839번길 51 (중동),대전광역시 동구 중동 5-1번지,042-226-7540,인쇄,2025-07-11
225,웃고문화사,윤종우,"대전광역시 동구 대전로867번길 42, 1층 (삼성동)",대전광역시 동구 삼성동 125-10 1층,042-625-5515,"교재, 연감, 정기간행물 , 팸플릿, 기타인쇄물",2025-07-11
226,원목조경,송순범,대전광역시 동구 산내로474번길 24 (상소동),대전광역시 동구 상소동 1028-2 번지,042-526-0500,"조경시설물(벤치,파고라외)",2025-07-11
227,월드시스템,양현열,"대전광역시 동구 옛신탄진로55번길 18-10, 1층 (홍도동)",대전광역시 동구 홍도동 140-9번지 1층,042-824-9124,실험용 장치,2025-07-11
228,웰가람,최충기,대전광역시 동구 산내로 1412-11 (대성동),대전광역시 동구 대성동 289번지,042-284-7401,"떡류, 빵류 등",2025-07-11
229,위더스,김천순,"대전광역시 동구 계족로438번길 7, 2층 (용전동)",대전광역시 동구 용전동 134-4 2층,070-4409-7505,"남자정복, 남성용외투, 여자정복, 여성용외투, 여자작업복, 여자근무복, 여성용운동복, 야광조끼, 소방기동복, 산불진화복, 남자작업복, 남자근무복, 남성용운동복, 기동복, 가죽의복, 유아용 의복, 야광조끼, 산불진화복, 전투복, 군용근무복, 군용비행복",2025-07-11
230,유성섬유공업사,류진환,대전광역시 동구 옻밭2길 86 (판암동),대전광역시 동구 판암동 553-8번지,042-282-5322,체육복,2025-07-11
231,유정식품,송문영,"대전광역시 동구 가양로68번길 7, 1층 (가양동)",대전광역시 동구 가양동 293-6 1층,,칼국수,2025-07-11
232,유한안전산업,조선희,대전광역시 동구 산내로474번길 85 (상소동),대전광역시 동구 상소동 386-3,042-273-0462,논슬립,2025-07-11
233,은성산업(주),육수영,"대전광역시 동구 이사로 56 (대별동, 은성산업)",대전광역시 동구 대별동 231-1번지,042-273-9478,"교통표지판,도로표지판,안내판 등",2025-07-11
234,은성정밀,조외연,대전광역시 동구 판암로 75 (판암동),대전광역시 동구 판암동 148-2번지,,사출 금형,2025-07-11
235,이강주식회사,한정민,"대전광역시 동구 물류로14번길 91-23, 1동(구도동)",대전광역시 동구 구도동 383 1동,042-272-8888,닭발 외,2025-07-11
236,이레테크,우시혁,대전광역시 동구 이사로166번길 105 (이사동),대전광역시 동구 이사동 321-2번지,042-627-9609,"오토클레이브,진공오븐",2025-07-11
237,이비오 주식회사,윤진원,대전광역시 동구 물류로14번길 73-19 (구도동),대전광역시 동구 구도동 385-8,042-823-0772,목재재단,2025-07-11
238,인쇄나라,장영주,대전광역시 동구 태전로 101-2 (삼성동),대전광역시 동구 삼성동 313-4번지,042-632-1192,"마스터 인쇄물(양식, 봉투,명함,전단, 엽서,청첩장 등",2025-07-11
239,일광제과,이민복,"대전광역시 동구 새둑길 30 (대동, 일광제과)",대전광역시 동구 대동 288-20번지,042-623-1947,과자(쿠키),2025-07-11
240,자연담 주식회사,박동희,대전광역시 동구 산내로513번길 41 (상소동),대전광역시 동구 상소동 681-2,042-320-8511,"건강보조식품, 기타가공식품",2025-07-11
241,장미,김태동,"대전광역시 동구 충정로 115-5, 1층 (자양동)",대전광역시 동구 자양동 173-4 1층,042-623-2413,침구류,2025-07-11
242,재경실업,진소연,"대전광역시 동구 한밭대로 1229-11, 2층 (용전동)",대전광역시 동구 용전동 11-4 2층,042-282-5486,"군용외투, 군용정복, 남성용외투, 남자정복, 여성용외투, 여자정복, 군용근무복, 군용비행복, 기동복, 남성용운동복, 남자근무복, 남자작업복, 소방기동복, 안전용덧옷, 야광조끼, 여성용운동복, 여자근무복, 여자작업복, 전투복, 안전용덧옷, 야광조끼, 장갑(편직제외)",2025-07-11
243,재경실업,진소연,대전광역시 동구 옻밭5길 105 (판암동),대전광역시 동구 판암동 559-6,042-282-5486,피복류,2025-07-11
244,재경실업,진소연,"대전광역시 동구 송촌남로11번길 167, 지하1층 (용전동)",대전광역시 동구 용전동 12-1 지하1층,042-282-5486,의류,2025-07-11
245,정농원연식품,한일석,"대전광역시 동구 동부로33번길 1 (판암동, 한일연식품공사)",대전광역시 동구 판암동 524번지,042-282-3566,두부,2025-07-11
246,제이에이산업(주),김규봉,"대전광역시 동구 대성동 104-3, 4번지","대전광역시 동구 대성동 104-3, 4번지",042-283-1472,"간판, 표지판",2025-07-11
247,제이엠,구자명,"대전광역시 동구 동서대로 1711, 3층 (용전동)",대전광역시 동구 용전동 111-9번지 3층,042-863-2258,"LED등(공장등, 가로등, 보안등 외)",2025-07-11
248,주)텍코드,최영규,"대전광역시 동구 대전로 887, 지하1층 (삼성동, 대일빌딩)",대전광역시 동구 삼성동 294-8번지 대일빌딩 지하1층,042-221-0015,수동식 의약품 주입펌프,2025-07-11
249,주식회사 가오식품,황효진,"대전광역시 동구 산내로1299번길 61-13, 1, 2층 (낭월동)","대전광역시 동구 낭월동 490 1, 2층",042-283-6874,두부,2025-07-11
250,주식회사 건성,이도길,대전광역시 동구 옛신탄진로55번길 10 (홍도동),대전광역시 동구 홍도동 140-18,042-636-0729,"수문 , 수문밸브 , 권양기, 흡수식냉온수기, 공기청정기, 하수처리장치및구성품, 공조관련제품, 주철제보일러 ",2025-07-11
251,주식회사 경인개발,박정용,대전광역시 동구 구도동 383번지,대전광역시 동구 구도동 383번지,,건축자재제품제조(P.C),2025-07-11
252,주식회사 계룡전기,이상필,"대전광역시 동구 대전로 421-9, 1층 (가오동)",대전광역시 동구 가오동 374-61번지 1층,042-271-9086,배전반,2025-07-11
253,주식회사 굿페이퍼,박미화,대전광역시 동구 태전로 56-14 (삼성동),대전광역시 동구 삼성동 270-15번지,042-627-8335,인쇄용 원지 필기용 원지,2025-07-11
254,주식회사 그리닉스,신충교,"대전광역시 동구 계족로 151, 6층 608호 (대동, 대전지식산업센터) 6층 608호",대전광역시 동구 대동 549 대전지식산업센터 6층 608호 6층 608호,042-862-2070,온실가스 저감제,2025-07-11
255,주식회사 글루업,박경준,"대전광역시 동구 계족로140번길 191-5, 101호(용운동)",대전광역시 동구 용운동 432-6 101호,02-6405-8419,건조 된 고구마말랭이,2025-07-11
256,주식회사 나도식품,"민혜란, 진유정",대전광역시 동구 옥천로 313 (삼정동),대전광역시 동구 삼정동 118-4번지,042-586-2220,복합 조미식품,2025-07-11
257,주식회사 더큰도시락,변기환,"대전광역시 동구 안골로28번길 139, 1층 (구도동)",대전광역시 동구 구도동 385-5 1층,042-825-9682,도시락,2025-07-11
258,주식회사 디엘컴퍼니,이용석,대전광역시 동구 옛신탄진로 52-2 (홍도동),대전광역시 동구 홍도동 167-3,042-625-9760,절임식품,2025-07-11
259,주식회사 디엘피,김환희,대전광역시 동구 계족로 235 (소제동) 1층,대전광역시 동구 소제동 301-1 1층,042-623-0535,베이글,2025-07-11
260,주식회사 미래신소재,박은봉,"대전광역시 동구 산내로1257번길 80, 1층 (낭월동)",대전광역시 동구 낭월동 535 1층,,"방염복, 내화소화용파이프",2025-07-11
261,주식회사 미르 팩토리,김대희,"대전광역시 동구 매봉로 18, 1층 (56호, 57호, 58호)(가양동, 가양시장)","대전광역시 동구 가양동 434 가양시장 1층 (56호, 57호, 58호)",042-626-8097,댕댕슈즈,2025-07-11
262,주식회사 반야테크,김성자,대전광역시 동구 산내로 465 (하소동),대전광역시 동구 하소동 143-8 번지,042-822-8061,"마루틀(체육관,교실,헬스장,박물관)",2025-07-11
263,주식회사 보라커텐시스템,"한인희, 박서윤",대전광역시 동구 산내로1305번길 49 (낭월동),대전광역시 동구 낭월동 474-0,042-636-8877,커텐/블라인드,2025-07-11
264,주식회사 복사꽃사람들,박종범,"대전광역시 동구 대전로867번길 46, 2층(삼성동)",대전광역시 동구 삼성동 125-2 2층,042-672-6822,인쇄물,2025-07-11
265,주식회사 부러쉬라인,이정곤,대전광역시 동구 우암로 93-21 (삼성동),대전광역시 동구 삼성동 292-4,042-637-2804,"치실, 실리콘치실, 치간칫솔, 칫솔외",2025-07-11
266,주식회사 비비드,유란숙,대전광역시 동구 대전로1002번길 7 (홍도동),대전광역시 동구 홍도동 136-23번지,,"LED, 조명기구",2025-07-11
267,주식회사 비엠에스티,김기현,"대전광역시 동구 대학로 62, 212호 산학협력단(창업보육센터)(용운동, 대전대학교)",대전광역시 동구 용운동 96-3 대전대학교 212호 산학협력단(창업보육센터),,훈증소독시스템,2025-07-11
268,주식회사 사모스,송인옥,대전광역시 동구 산서로1604번길 37-8 (대별동) 외 2필지,대전광역시 동구 대별동 76-2번지 외 2필지,042-271-8212,가구,2025-07-11
269,주식회사 삼보,민병직,대전광역시 동구 안골로28번길 15-20 (구도동),대전광역시 동구 구도동 394-14번지,,"자동화기계, 기계부품",2025-07-11
270,주식회사 삼보테크,민병주,대전광역시 동구 안골로28번길 15-20 (구도동),대전광역시 동구 구도동 394-14번지,042-368-4040,"안경몰드 테이핑기계, 안경렌즈 포장기계",2025-07-11
271,주식회사 삼환바이오우드,신동창,대전광역시 동구 판암로62번길 27 (판암동),대전광역시 동구 판암동 171-7번지,042-625-5060,나무제품,2025-07-11
272,주식회사 선광패브릭,최덕수,"대전광역시 동구 대흥로 197-7, 85-43 (원동)",대전광역시 동구 원동 85-43번지,042-222-2148,"이불, 베개, 침장류",2025-07-11
273,주식회사 선우라이팅,이덕예,대전광역시 동구 산내로1287번길 24 (낭월동),대전광역시 동구 낭월동 586번지,042-625-4155,전기조명장치(LED조명기구),2025-07-11
274,주식회사 선정퍼니처,이선정,대전광역시 동구 판암로62번길 23 (판암동),대전광역시 동구 판암동 170번지,042-537-7175,"씽크대, 신발장, 붙박이장등",2025-07-11
275,주식회사 선정퍼니처,강나연,대전광역시 동구 대별로 5 (대별동),대전광역시 동구 대별동 132-2번지,042-537-7172,주방용 가구 및 일반용가구,2025-07-11
276,주식회사 성수바이오텍,안성수,대전광역시 동구 산내로1257번길 67 (낭월동),대전광역시 동구 낭월동 734번지,042-320-8002,"내추럴에너미, 모파리플러스, 크린업, 에어프레",2025-07-11
277,주식회사 성수바이오텍,안성수,대전광역시 동구 산내로513번길 53 (상소동) 외 1필지,대전광역시 동구 상소동 681-3번지 외 1필지,042-320-8511,"내추럴에너미, 에스바이오킬라, 바퀴에어로솔, 과산화수소수, 소독용에탄올",2025-07-11
278,주식회사 성원스틸,홍성학,대전광역시 동구 구도동 384번지,대전광역시 동구 구도동 384번지,043-732-0602,건축부자재(칼라강판),2025-07-11
279,주식회사 세진플랜트엔에어텍,이홍수,대전광역시 동구 안골로28번길 15-39 (구도동),대전광역시 동구 구도동 394-4번지,042-636-7761,"세척기, 중숙기 외 스테인레스가공",2025-07-11
280,주식회사 시원산업개발,강철원,대전광역시 동구 산내로474번길 105 (상소동),대전광역시 동구 상소동 383-2,,"디자인형울타리, 창살형울타리, 금속제기타울타리, 차양 등",2025-07-11
281,주식회사 신흥정보,정종화,"대전광역시 동구 새울로 41, 204호 (판암동)",대전광역시 동구 판암동 239-2 204호,042-285-5981,무인교통감시장치,2025-07-11
282,주식회사 씨엘와이,백송학,대전광역시 동구 역전4길 39 (정동),대전광역시 동구 정동 4-17번지,042-622-0080,"시험기기, 자동제어, 프로그래밍",2025-07-11
283,주식회사 아보네,이재용,"대전광역시 동구 대학로 62, 대전대학교 산학협력단 307호 (용운동, 대전대학교)",대전광역시 동구 용운동 96-3번지 대전대학교 대전대학교 산학협력단 307호,042-286-8602,그림자 조명 시스템,2025-07-11
284,주식회사 아보네,이재용 외 1명,대전광역시 동구 동부로 99 (용운동),대전광역시 동구 용운동 317-4번지,070-4685-2390,그림자 광고 시스템,2025-07-11
285,주식회사 아보네,이재용,대전광역시 동구 동부로 105 (용운동),대전광역시 동구 용운동 317-3번지,,그림자 광고 시스템,2025-07-11
286,주식회사 아신정보기술,이현규,대전광역시 동구 이사로 4 (대별동),대전광역시 동구 대별동 126-3번지,042-271-9865,유무선통신장비 등,2025-07-11
287,주식회사 아이빌,지명근,대전광역시 동구 물류로14번길 91-15 (구도동),대전광역시 동구 구도동 384-7,042-273-8112,"유압시스템, 유압제어장치",2025-07-11
288,주식회사 아튼,강희준,"대전광역시 동구 우암로85번길 35, 2층 (삼성동)",대전광역시 동구 삼성동 287-1번지 2층,070-4408-9977,"주차관제,CCT,방송,출입통제설비,전광판",2025-07-11
289,주식회사 안심동국당 (ANSIM DONGGOOK DANG INC.),도영복,"대전광역시 동구 중앙로203번길 13-1, 1층 (중동)",대전광역시 동구 중동 63-1 1층,042-253-4252,건강보조용 액화식품,2025-07-11
290,주식회사 애플퍼니쳐,서진원,대전광역시 동구 옛신탄진로55번길 14(홍도동),대전광역시 동구 홍도동 140-8,,가구 제조,2025-07-11
291,주식회사 에드코스,김성진,대전광역시 동구 충정로 21 (가양동) 창업보육센터 4204호,대전광역시 동구 가양동 77-3 창업보육센터 4204호,070-4334-2233,화장품,2025-07-11
292,주식회사 에스투라인,박재기,대전광역시 동구 계족로438번길 7 (용전동),대전광역시 동구 용전동 134-4번지,042-625-3144,"방역복, 보호복, 근무복",2025-07-11
293,주식회사 에어라파,김덕수,"대전광역시 동구 대전천동로 632, 에어라파(삼성동)",대전광역시 동구 삼성동 280-7 에어라파,042-622-1500,에어라파 안개 분무기,2025-07-11
294,주식회사 에어웍스,김한수,"대전광역시 동구 대학로 62, 산학협력관 311호(용운동, 대전대학교)",대전광역시 동구 용운동 96-3 대전대학교 산학협력관 311호,042-272-2014,"대기오염측정기, 다중가스검출기",2025-07-11
295,주식회사 에이아이테크놀로지,최지섭,대전광역시 동구 안골로28번길 15-4 (구도동),대전광역시 동구 구도동 394-20,042-284-7779,AI 안전용품,2025-07-11
296,주식회사 에코그린플러스,조병옥,"대전광역시 동구 대전로 930, 4층 401호 (삼성동)",대전광역시 동구 삼성동 302-11번지 4층 401호,042-628-7573,"매연저감기, 연료절감기",2025-07-11
297,주식회사 엠케이파트너,강선미,"대전광역시 동구 매봉로 18, 61~63, 65~75, 84, 86~89, 95호(가양동, 가양시장)","대전광역시 동구 가양동 434 가양시장 61~63, 65~75, 84, 86~89, 95호",1644-8767,"일회용베드커버, 콜드체인박스및기타가방, 일회용부직포가운, 유니폼 및 의류, 근무복, 담요",2025-07-11
298,주식회사 온리원푸드,박홍철,대전광역시 동구 산서로 1593 (대별동),대전광역시 동구 대별동 119,,편육,2025-07-11
299,주식회사 우린코리아,차재원,대전광역시 동구 물류로14번길 91-21 (구도동) 제2동 제1층 제101호,대전광역시 동구 구도동 384 제2동 제1층 제101호,042-485-9354,일회용마스크,2025-07-11
300,주식회사 우성어패럴,신재환,"대전광역시 동구 계족로438번길 7, 3층 (용전동)",대전광역시 동구 용전동 134-4 3층,042-522-4223,"셔츠, 바지, 남자정장, 여자정장, 근무복 외 다수",2025-07-11
301,주식회사 우인,황혜진,대전광역시 동구 역전5길 3 (정동),대전광역시 동구 정동 3-181번지,042-273-5210,조형물,2025-07-11
302,주식회사 원광테크,전영옥,대전광역시 동구 산내로 465 (하소동),대전광역시 동구 하소동 143-8,,특수 마루틀 자재,2025-07-11
303,주식회사 원더메이크,정용남,대전광역시 동구 산내로1315번길 52 (낭월동),대전광역시 동구 낭월동 398-0,070-4234-3635,"헬스보충제, 식사대용쉐이크 등",2025-07-11
304,주식회사 위더스어패럴,김천순,"대전광역시 동구 계족로438번길 7, 2층 (용전동)",대전광역시 동구 용전동 134-4 2층,042-522-4223,"남자정복, 남성용외투, 여성용외투, 여자작업복, 여자근무복, 여성용운동복, 야광조끼, 야광조끼, 소방기동복, 산불진화복, 산불진화복, 남자작업복, 남자근무복, 남성용운동복, 기동복, 군용비행복, 군용근무복, 전투복, 가죽의류, 유아용의류",2025-07-11
305,주식회사 윙킬라이프,이응도,"대전광역시 동구 계족로 151, 306호(대동, 대전지식산업센터)",대전광역시 동구 대동 549 대전지식산업센터 306호,042-626-7090,무공해날벌레살충기,2025-07-11
306,주식회사 유신당,유정열,대전광역시 동구 대전로815번길 29 (정동),대전광역시 동구 정동 31-74,042-620-6051,"책자, 전단인쇄, 명함,스티커",2025-07-11
307,주식회사 의성방화문,우순이,대전광역시 동구 안골로28번길 15-41 (구도동) 외 1필지,대전광역시 동구 구도동 394-10 외 1필지,042-271-0689,방화문,2025-07-11
308,주식회사 이비에프(EBF),김상진,"대전광역시 동구 산내로450번길 68, 제B동호 (하소동)",대전광역시 동구 하소동 62-1번지 제B동호,070-8125-0155,혼합미생물사료,2025-07-11
309,주식회사 이엔텍,최의택,"대전광역시 동구 합내로 35, 지하1층 (가양동)",대전광역시 동구 가양동 443-38번지 지하1층,042-226-2114,절수기,2025-07-11
310,주식회사 인큐버스,"임윤수, 조성진","대전광역시 동구 대전로 731, 1층 (인동)",대전광역시 동구 인동 74-8 1층,042-478-6697,주차주제어장치,2025-07-11
311,주식회사 인텍,김규환,대전광역시 동구 계족로512번길 77 (용전동),대전광역시 동구 용전동 51-21번지,042-721-9100,"통합배선반, CCTV, 방송장비, 출입통제 ",2025-07-11
312,주식회사 인포비정보기술,유중욱,"대전광역시 동구 태전로114번길 53, 102호(삼성동)",대전광역시 동구 삼성동 305-7 102호,042-483-6572,IoT디바이스,2025-07-11
313,주식회사 재경에너지,조현수,대전광역시 동구 대전천동로 28 (대성동),대전광역시 동구 대성동 282-14,042-622-6893,기타철강금속제품,2025-07-11
314,주식회사 제이앤비라이팅,"정홍범, 정용석",대전광역시 동구 산내로1305번길 39(낭월동),대전광역시 동구 낭월동 476,042-286-2663,LED 등기구,2025-07-11
315,주식회사 제이앤씨시스템,백익호,"대전광역시 동구 산내로1257번길 59, 3층 (낭월동)",대전광역시 동구 낭월동 736 3층,042-863-3113,"CCTV용 카메라, 안내전광판, 기상전광판, 교통정보전광판",2025-07-11
316,주식회사 준바이오,이상준,대전광역시 동구 산내로1327번길 6-29 (낭월동),대전광역시 동구 낭월동 359번지,070-4388-2886,칼슘강화찹쌀 외 7종,2025-07-11
317,주식회사 진 솔루션,김용구,"대전광역시 동구 계족로 490, 3층 (용전동)",대전광역시 동구 용전동 123-11번지 3층,042-628-6800,"영상, CCTV, 영상감시장치, 방송장비, 유선통신장비, 배전반 및 전기 자동제어반",2025-07-11
318,주식회사 짚핑코리아,도태구,대전광역시 동구 대전천동로 388 (효동),대전광역시 동구 효동 268-7,041-753-8713,도르래 및 짚라인(챌린지) 시설제품,2025-07-11
319,주식회사 천연살균의학처,김승룡,대전광역시 동구 산내로1287번길 59-17 (낭월동),대전광역시 동구 낭월동 526-0,042-282-0300,"살균제, 탈취제, 증발냉방장치",2025-07-11
320,주식회사 청명온더페이퍼,김재준,대전광역시 동구 대전로839번길 56 (중동),대전광역시 동구 중동 1-33,042-255-0445,주문 인쇄물,2025-07-11
321,주식회사 케이아이티,최애자,"대전광역시 동구 우암로 160, 2층 3호 (성남동)",대전광역시 동구 성남동 52-18번지 2층 3호,042-621-0310,카메라 및 파워앰프,2025-07-11
322,주식회사 케이앤케이,김미연,대전광역시 동구 안골로28번길 15-25 (구도동),대전광역시 동구 구도동 394-5번지,042-271-2998,"실험장비,이화학기기, 산업용 냉장 및 냉동장비, 철도관련 부품",2025-07-11
323,주식회사 큰손,한문희,"대전광역시 동구 우암로 234, 288-6 2층 (가양동)",대전광역시 동구 가양동 288-6번지,1588-5199,"현수막, 후렉스",2025-07-11
324,주식회사 파마식스,이명지,"대전광역시 동구 대학로 62, 산학협력관 217호(용운동, 대전대학교)",대전광역시 동구 용운동 96-3 대전대학교 산학협력관 217호,070-8211-2286,"화장품, 농업복합비료, 양어용보조사료",2025-07-11
325,주식회사 프로셀컴퍼니,김좌진,대전광역시 동구 충정로 21 (가양동) 대전보건대학 창업보육센터 4105호,대전광역시 동구 가양동 77-3 대전보건대학 창업보육센터 4105호,042-624-4827,반료동물 사료 (베러펫 간식),2025-07-11
326,주식회사 피씨씨,조명래,"대전광역시 동구 한밭대로 1241, 3층 (용전동)",대전광역시 동구 용전동 13-23번지 3층,070-7862-5002,"프린터기 소모품, 카드프린터기",2025-07-11
327,주식회사 피에스코리아,최필선,대전광역시 동구 산내로 550 (상소동),대전광역시 동구 상소동 486-4,042-226-5940,"오토앵커, 슬라이딩브라켓, 보트윈치, 각종 보트용품",2025-07-11
328,주식회사 한빛엠디,이두용,"대전광역시 동구 백룡로 59, O동 지하1층, 1층, 2층(자양동, 우송정보대학동캠퍼스)","대전광역시 동구 자양동 17-2 우송정보대학동캠퍼스 O동 지하1층, 1층, 2층",042-488-2200,"수액세트, 의약품주입기",2025-07-11
329,주식회사 해피데이,박범순,대전광역시 동구 동대전로 332 (가양동),대전광역시 동구 가양동 423-1번지,070-4788-1700,마스크,2025-07-11
330,주식회사 현농에프앤씨,김용옥,대전광역시 동구 산내로1305번길 61 (낭월동) 1층,대전광역시 동구 낭월동 471-0 1층,042-628-5525,쌀국수/면류,2025-07-11
331,주식회사 현우기술대전지점,정영삼,대전광역시 동구 대전천동로 72 (대성동),대전광역시 동구 대성동 171-1번지,042-528-6160,건물번호판(도로시설물),2025-07-11
332,주식회사 휴스,이성배,"대전광역시 동구 계족로 151, 609호(대동, 대전지식산업센터)",대전광역시 동구 대동 549 대전지식산업센터 609호,,기능성 투명수지 장식품,2025-07-11
333,주안씨에스,김태영,"대전광역시 동구 중앙로200번길 99, 3층 303호 (원동)",대전광역시 동구 원동 42-1번지,070-4412-9584,"커튼 , 롤스크린, 홈패션",2025-07-11
334,중앙인쇄사,유근호,"대전광역시 동구 선화로186번길 19 (중동, 중앙애드피아)",대전광역시 동구 중동 46-4번지,042-256-9533,인쇄물,2025-07-11
335,중원산업,최금주,대전광역시 동구 대전천동로 116-5 (대성동),대전광역시 동구 대성동 395-2번지,042-272-4956,부직포 다겹가공,2025-07-11
336,지성디자인,이종승,"대전광역시 동구 대흥로206번길 54, 102동 B101호(인동, 한울아파트)",대전광역시 동구 인동 73-1 한울아파트 102동 B101호,,기타철강금속제품,2025-07-11
337,지엠애드,지용배,"대전광역시 동구 대전로815번길 75, 1층 (정동)",대전광역시 동구 정동 39-8 1층,042-823-5358,간판,2025-07-11
338,진광에스엔씨(주),이종진,대전광역시 동구 대전로 288-48 (대성동) 1층,대전광역시 동구 대성동 214-0 1층,042-272-4555,"교통안전시스템(보행신호음성보조장치, 바닥형 보행신호등 보조장치), 통합배선반",2025-07-11
339,창조라이팅,"황복순, 황의순",대전광역시 동구 옛신탄진로67번길 4 (홍도동),대전광역시 동구 홍도동 134-4번지,042-626-0442,"LED조명기구, LED전광판, LED간판",2025-07-11
340,창진사,조남수,"대전광역시 동구 매봉로 18, 지하 10호 (가양동, 가양시장)",대전광역시 동구 가양동 434번지 가양시장 지하 10호,,군복 등,2025-07-11
341,청림이엔씨,이미영,"대전광역시 동구 옥천로96번길 92-26, 1층(판암동)",대전광역시 동구 판암동 431-12 1층,042-551-3789,"디자인형울타리, LED경관조명기구",2025-07-11
342,청림이엔지(ENG),전상훈,대전광역시 동구 이사로166번길 105 (이사동),대전광역시 동구 이사동 321-2,042-301-9371,"유량조절장치, 악취가림막 등, 제4종복합 화초용 비료",2025-07-11
343,추가참옻식품,추찬홍,"대전광역시 동구 계족로358번길 36, 지1층 (성남동)",대전광역시 동구 성남동 9-170번지,042-621-6457,참옻식품,2025-07-11
344,케이디(주) 대전공장,안태일,"대전광역시 동구 새울로 41, 5,6층 (판암동)",대전광역시 동구 판암동 239-2번지,042-272-9821,PCB검사 임가공,2025-07-11
345,코스모하우스,심우열,대전광역시 동구 계족로 460 (용전동),대전광역시 동구 용전동 128-9번지,,"버티컬, 커튼, 커튼봉 외",2025-07-11
346,큐테크,김소영,대전광역시 동구 판암로 75 (판암동),대전광역시 동구 판암동 148-2번지,042-272-4920,플라스틱 사출금형,2025-07-11
347,타향골 1979,조병근,"대전광역시 동구 물류로14번길 91-23, 1동 101호 (구도동)",대전광역시 동구 구도동 383 1동 101호,1566-7570,따귀탕,2025-07-11
348,탄탄재활작업장,이미정,대전광역시 동구 산내로 1396-37 (대성동),대전광역시 동구 대성동 322,042-285-0084,커피원두,2025-07-11
349,탐나,김운환,대전광역시 동구 옥천로 130 (판암동),대전광역시 동구 판암동 452-3번지,,"침구, 매트리스",2025-07-11
350,태우식품,강현기,대전광역시 동구 산내로513번길 31(상소동),대전광역시 동구 상소동 676,,흑마늘,2025-07-11
351,태웅미디어 (주),한기선,"대전광역시 동구 계족로475번길 2, 3층 (용전동) 외 1필지",대전광역시 동구 용전동 160-19번지 3층 외 1필지,042-635-8900,"CCTV카메라, 영상저장장치, 영상컨틀러, 방송장비, 출입통제설비",2025-07-11
352,테라스틸 주식회사,강대신,대전광역시 동구 산서로1586번길 67 (대별동),대전광역시 동구 대별동 74-8번지,042-271-0689,방화문,2025-07-11
353,폴리스카이,이재권,대전광역시 동구 물류로14번길 91-11 (구도동),대전광역시 동구 구도동 384-6번지,,건축용 케노피 ,2025-07-11
354,풍안ANT,배양섭,"대전광역시 동구 대학로 62, 산학협력관 창업보육센터 224호 (용운동, 대전대학교)",대전광역시 동구 용운동 96-3번지 대전대학교 산학협력관 창업보육센터 224호,042-623-5235,동물용 보조사료,2025-07-11
355,프로조명,양석,대전광역시 동구 산내로1287번길 24 (낭월동),대전광역시 동구 낭월동 586,042-622-5971,LED조명기구,2025-07-11
356,피니사르대전 유한회사,매리배츠마틴,"대전광역시 동구 새울로 41, 101호, 102호 (판암동)","대전광역시 동구 판암동 239-2번지 101호, 102호",042-284-0332,액정디바이스,2025-07-11
357,피씨랜정보 주식회사,이종화,"대전광역시 동구 동서대로1730번길 43, 1호 (가양동)",대전광역시 동구 가양동 429-10번지 1호,042-622-2003,물관리시스템,2025-07-11
358,필컴문화사,남미수,대전광역시 동구 대전로 843(정동),대전광역시 동구 정동 9-4,042-252-7743,"보고서, 회의록, 백서, 팜플릿 등",2025-07-11
359,하나어페럴,배대식,대전광역시 동구 용운로205번길 31 (용운동),대전광역시 동구 용운동 280-5번지,042-282-6801,"스포츠의류,다운자켓",2025-07-11
360,한국비닐,김병수,"대전광역시 동구 대흥로 208, 한국비닐 (인동)",대전광역시 동구 인동 10-12번지 한국비닐,042-283-1550,"비닐봉투,플라스틱봉투",2025-07-11
361,한국테크,유인자,대전광역시 동구 석천로 3-19 (낭월동),대전광역시 동구 낭월동 846번지,042-633-0406,"승강기 제어반, 배전반 및 자동제어반",2025-07-11
362,한마당식품,박미숙 외 1명,"대전광역시 동구 물류로14번길 91-32 (구도동) 1,2층","대전광역시 동구 구도동 384-2 1,2층",042-271-8888,"사골육수, 도가니탕 등",2025-07-11
363,한마음국악사,이성제,대전광역시 동구 안골로28번길 15-21 (구도동),대전광역시 동구 구도동 394-9번지,042-272-2445,"장구, 북",2025-07-11
364,합동기계제작소,이창환,대전광역시 동구 대동천좌안3길 115 (대동),대전광역시 동구 대동 317-9번지,042-282-5857,염색기계부품,2025-07-11
365,합자회사 보광전기,박희근,대전광역시 동구 신기로 157 (가오동),대전광역시 동구 가오동 67번지,042-284-4636,전기배전반,2025-07-11
366,해오름에프앤디,이남철,대전광역시 동구 신기로 38 (가오동),대전광역시 동구 가오동 403-10번지,042-636-9366,가금류 부위별 진공수축 포장육,2025-07-11
367,해인산업,정혜옥,"대전광역시 동구 안샘2길 12, 2층 (천동, 천동어린이집)",대전광역시 동구 천동 12-5번지 천동어린이집 2층,042-271-0814,송풍기 자재 및 부품,2025-07-11
368,협성구두솔,이동기,대전광역시 동구 대전로 553 (천동),대전광역시 동구 천동 502-3번지,042-282-1864,"구두솔,합성수지명찰",2025-07-11
369,협성기계제작소,송재관,대전광역시 동구 가양동 122-1번지,대전광역시 동구 가양동 122-1번지,042-625-3288,밀링선반,2025-07-11
370,협성문화사,염형영,"대전광역시 동구 대전천북로 20 (삼성동, 협성문화사)",대전광역시 동구 삼성동 309-12번지,042-627-8893,책자,2025-07-11
371,혜성신기술,김현숙 외 1명,"대전광역시 동구 대학로 62, 2층 208호 창업보육센터 (용운동, 대전대학교)",대전광역시 동구 용운동 96-3번지 대전대학교 2층 208호 창업보육센터,042-282-8858,"하수유량조절장치, 하수관거 가림막",2025-07-11
372,화이젠(주)대전지점,임재홍,대전광역시 동구 산내로 458 (하소동),대전광역시 동구 하소동 48번지,042-822-4864,"미량요소복합비료, 식생기반매트",2025-07-11
373,화이트 씽크대,최종호,대전광역시 동구 안골로28번길 15-8(구도동),대전광역시 동구 구도동 394,,주방가구,2025-07-11
374,회상사,박병호,대전광역시 동구 선화로192번길 15 (중동),대전광역시 동구 중동 35-11,042-253-9881,"족보, 고서, 문집",2025-07-11
375,효성FRP사업,김동수,"대전광역시 동구 대별로 60-5 (대별동, 효성기업)",대전광역시 동구 대별동 315번지,042-283-8912,물탱크,2025-07-11
376,흥화엔지니어링,안병원,대전광역시 동구 대전로906번길 89 (삼성동),대전광역시 동구 삼성동 301-9번지,042-625-7858,톱날,2025-07-11
