연번,회사명,주소,전화번호,팩스번호,업종,생산품,대표명,데이터기준일자
1,(주)한성테크,충청남도 금산군 군북면 가목길 33,041-754-0641,041-754-0640,기타기계 및 장비,"소맥분 연속 증자기, 당화솥, 제국기 외 제조설비",(주)한성테크,2026-01-26
2,램테크놀러지(주),충청남도 금산군 군북면 군북로 1056,041-754-6470,041-754-6472,화학물질 및 화학제품;의약품제외,"화합물, 홈페이지 게시 반대MP, 순수 정제 인산 및 구연산 세정액",램테크놀러지(주),2026-01-26
3,대덕지관산업,충청남도 금산군 군북면 군북로 1083,041-752-1986,,펄프 종이 및 종이제품,지관(종이파이프),대덕지관산업,2026-01-26
4,삼중테크(주),충청남도 금산군 군북면 군북로 1087,02-3468-2312,02-569-1795,금속가공제품;기계 및 가구제외,승강장 안전문,삼중테크(주),2026-01-26
5,(주)금풍,충청남도 금산군 군북면 군북로 1090 외 1필지,041-750-7800,041-754-7683,펄프 종이 및 종이제품,종이포대 등,(주)금풍,2026-01-26
6,(주)씨앤제이,충청남도 금산군 군북면 군북로 530,041-751-8330,041-751-8331,금속가공제품;기계 및 가구제외,태양광지지대,(주)씨앤제이,2026-01-26
7,농업회사법인 ㈜케이진바이오,충청남도 금산군 군북면 군북로 530,041-751-1613,,식료품,"가공 소금, 곡류 가공품",농업회사법인 ㈜케이진바이오,2026-01-26
8,대동고려삼(주)제2공장,충청남도 금산군 군북면 군북로 586 외 1필지,041-753-8803,041-422-2248,식료품,"발효홍삼농축액, 홍삼농축액분말",대동고려삼(주)제2공장,2026-01-26
9,대동고려삼(주),충청남도 금산군 군북면 군북로 586 외 6필지,041-753-8803,041-422-2248,식료품,"홍삼, 태극삼, 홍삼농축액, 홍삼분말",대동고려삼(주),2026-01-26
10,(주)아주,충청남도 금산군 군북면 군북로 892,043-731-0458,042-367-0626,금속가공제품;기계 및 가구제외,"철파레트, 금속 구조물",(주)아주,2026-01-26
11,(주)태영에프앤아이,충청남도 금산군 군북면 군북로 934,041-751-1611,,식료품,홍삼액,(주)태영에프앤아이,2026-01-26
12,금산준수인삼,충청남도 금산군 군북면 금산로 1705,,,식료품,홍삼액,금산준수인삼,2026-01-26
13,금산지황영농조합법인,충청남도 금산군 군북면 백운길 192,041-751-7607,,식료품,"홍삼액, 착즙",금산지황영농조합법인,2026-01-26
14,주신제약(주),충청남도 금산군 군북면 부말길 58-5,041-754-0005,041-754-0006,의료용물질 및 의약품,"녹용,녹각 한약재",주신제약(주),2026-01-26
15,자연과사람영농조합법인,충청남도 금산군 군북면 부말길 62,041-751-0300,,식료품,"홍삼액,인지환",자연과사람영농조합법인,2026-01-26
16,햇빛마을,충청남도 금산군 군북면 부말길 81-18,,,식료품,사과생즙,햇빛마을,2026-01-26
17,(주)삼원파우텍,충청남도 금산군 군북면 산꽃로 536,,,식료품,칼슘파우더,(주)삼원파우텍,2026-01-26
18,동미산업기계,충청남도 금산군 군북면 산덕길 22,,,기타기계 및 장비,산업기계,동미산업기계,2026-01-26
19,유한회사 화진산업,충청남도 금산군 군북면 송림길 96,041-751-7985,070-7966-5967,고무제품 및 플라스틱제품,직물포대,유한회사 화진산업,2026-01-26
20,금산군 임업협동조합(목재집하장),충청남도 금산군 군북면 어필각로 123,041-754-4019,041-0754-4015,목재 및 나무제품;가구제외,제재,금산군 임업협동조합(목재집하장),2026-01-26
21,대륙산업,충청남도 금산군 군북면 어필각로 181-15,041-751-3065,041-751-3062,고무제품 및 플라스틱제품,"고무통, 화분, 플라스틱 제품",대륙산업,2026-01-26
22,(주)에이케이지,충청남도 금산군 군북면 어필각로 181-6,041-754-6101,041-754-6102,화학물질 및 화학제품;의약품제외,열경화성 수지 제품,(주)에이케이지,2026-01-26
23,대웅타올,충청남도 금산군 군북면 어필각로 201,041-754-4112,,섬유제품;의복제외,타올,대웅타올,2026-01-26
24,(주)장원포장산업,충청남도 금산군 군북면 어필각로 211,041-753-3700,041-752-2468,펄프 종이 및 종이제품,"골판지박스, 칼라박스, 골판지 부속품",(주)장원포장산업,2026-01-26
25,농업회사법인 보성파니피카(주) 금산공장,충청남도 금산군 군북면 어필각로 227-3 외 1필지,041-752-0061,041-752-0064,식료품,"빵, 과자",농업회사법인 보성파니피카(주) 금산공장,2026-01-26
26,우리들,충청남도 금산군 군북면 어필각로 227-8,041-751-5181,041-751-4181,기타기계 및 장비,축산기자재 등,우리들,2026-01-26
27,금산수삼영농조합법인 제2공장,충청남도 금산군 군북면 외부길 16,041-753-5251,041-753-5216,식료품,"홍삼제품, 수삼 1차 가공",금산수삼영농조합법인 제2공장,2026-01-26
28,신광바둑,충청남도 금산군 군북면 원두두길 2 외 1필지,041-752-1688,041-752-1682,기타제품,바둑알,신광바둑,2026-01-26
29,벧엘 FOOD,충청남도 금산군 군북면 일흔이재로 17-29,,,식료품,건삼 등 농산물 약제 식품,벧엘 FOOD,2026-01-26
30,아리항,충청남도 금산군 군북면 일흔이재로 203,041-753-7558,,식료품,"홍삼액상차,홍삼액기스",아리항,2026-01-26
31,(주)유신,충청남도 금산군 군북면 일흔이재로 443,041-751-7856,041-751-7859,고무제품 및 플라스틱제품,"고무패킹, 실리콘 관련 제품",(주)유신,2026-01-26
32,건영건업,충청남도 금산군 군북면 일흔이재로 461,,041-752-7898,금속가공제품;기계 및 가구제외,건축용철구조물,건영건업,2026-01-26
33,건영산업,충청남도 금산군 군북면 일흔이재로 461,041-752-7898,041-752-7898,금속가공제품;기계 및 가구제외,H빔,건영산업,2026-01-26
34,(주)현일코프레이션,충청남도 금산군 군북면 일흔이재로 467,041-752-9302,041-753-3120,고무제품 및 플라스틱제품,"합성고무, 고무관련 제품",(주)현일코프레이션,2026-01-26
35,금산홍삼랜드,충청남도 금산군 금산읍 구름고개길 28,041-752-9800,041-752-8520,식료품,"홍삼액, 홍삼정과, 홍삼정환, 도라지배즙 등",금산홍삼랜드,2026-01-26
36,(주)고려홍삼진흥공사,충청남도 금산군 금산읍 군청5길 56 (더셀크리닉의원),,,식료품,인삼가공,(주)고려홍삼진흥공사,2026-01-26
37,유정인삼한과,충청남도 금산군 금산읍 금산로 1281 (유정인삼한과),041-751-3000,,식료품,"한과세트, 인삼한과, 찹살한과",유정인삼한과,2026-01-26
38,국제상역(주)(U홈페이지 게시 반대I),충청남도 금산군 금산읍 금산천2길 51 ((주)유엔아이),041-751-3331,,식료품,인삼식품,국제상역(주)(U홈페이지 게시 반대I),2026-01-26
39,불로초홍삼,충청남도 금산군 금산읍 금산천2길 65,,,식료품,홍삼,불로초홍삼,2026-01-26
40,대경식품,충청남도 금산군 금산읍 도곡로 66,041-752-3809,,식료품,"홍삼액, 홍삼정과",대경식품,2026-01-26
41,금산수삼시장닷컴,충청남도 금산군 금산읍 동산1길 4,041-754-3343,,식료품,홍삼액,금산수삼시장닷컴,2026-01-26
42,(유)다함,충청남도 금산군 금산읍 뒷담말4길 24 102~103호,042-335-9092,,전자부품 컴퓨터 영상 음향 및 통신장비,"방송장비, 통신장비",(유)다함,2026-01-26
43,금강차광망,"충청남도 금산군 금산읍 무금로 2181, (신대리 141-7) (금강차광망)",041-753-9995,041-753-8883,섬유제품;의복제외,"차광망(인삼용, 제초용, 하우스용)",금강차광망,2026-01-26
44,금산인삼명가,충청남도 금산군 금산읍 무금로 2256,041-752-2142,041-754-9877,식료품,"인삼식품, 홍삼 등",금산인삼명가,2026-01-26
45,백신백작소,충청남도 금산군 금산읍 무금로 2258-31,,,식료품,"백삼, 백미삼",백신백작소,2026-01-26
46,금산양조장,충청남도 금산군 금산읍 밭가운데길 48 (금산토종막걸리공장),041-754-3880,,음료,"탁주(인삼막걸리, 생쌀막걸리)",금산양조장,2026-01-26
47,인삼명가,충청남도 금산군 금산읍 삼풍로 211 (인삼명가),041-751-3489,,식료품,벌꿀,인삼명가,2026-01-26
48,금산홍삼플러스,충청남도 금산군 금산읍 삼풍로 93 (홍삼플러스) 외 1필지,041-754-8935,,식료품,홍삼액,금산홍삼플러스,2026-01-26
49,(주)스마트씨엔티,충청남도 금산군 금산읍 상리 333,070-8801-4045,,의료 정밀 광학기기 및 시계,"자동제어반, 중앙감시제어장치",(주)스마트씨엔티,2026-01-26
50,(주)승진테크,충청남도 금산군 금산읍 신대리 141-2 번지,041-751-5016,,기타기계 및 장비,산업용송풍기,(주)승진테크,2026-01-26
51,종수인삼사,충청남도 금산군 금산읍 신대리 502 번지,041-754-6852,,식료품,홍삼정과,종수인삼사,2026-01-26
52,자영홍삼식품,충청남도 금산군 금산읍 신대리 504 번지,041-754-8564,,식료품,홍삼액등,자영홍삼식품,2026-01-26
53,농업회사법인 (주)글로벌금산진생,충청남도 금산군 금산읍 신대리 569번지 외 4필지,041-751-6555,,식료품,"홍삼액,인삼정과",농업회사법인 (주)글로벌금산진생,2026-01-26
54,백삼백작소,충청남도 금산군 금산읍 신대리 662-22 번지,,,식료품,인삼식품,백삼백작소,2026-01-26
55,(주)금산인삼가공,충청남도 금산군 금산읍 신학동1길 6 (금산인삼가공공장),041-752-3535,041-753-2060,식료품,태극홍삼,(주)금산인삼가공,2026-01-26
56,금산인삼가공(주),충청남도 금산군 금산읍 신학동1길 6 (금산인삼가공공장),041-752-3535,041-0753-2060,식료품,"홍삼, 태극삼",금산인삼가공(주),2026-01-26
57,(주)한수도로산업,충청남도 금산군 금산읍 양화길 61,042-823-6890,042-823-6893,비금속광물제품,도로포장보수재(스피드로포켓),(주)한수도로산업,2026-01-26
58,(주)금산몰,충청남도 금산군 금산읍 범재길 5,041-753-0222,041-752-9988,식료품,"홍삼정과, 홍삼절편, 홍삼농축액 등",(주)금산몰,2026-01-26
59,홍삼랜드,충청남도 금산군 금산읍 와정길 58 (청정인삼),,,식료품,"홍삼정과, 홍삼액",홍삼랜드,2026-01-26
60,농업회사법인(주)청정인삼,충청남도 금산군 금산읍 와정길 58 (청정인삼),041-752-7103,041-752-5836,식료품,"인삼정과,홍삼 농축액, 홍삼진액, 홍삼스틱, 홍삼절편 등",농업회사법인(주)청정인삼,2026-01-26
61,(주)휴온스푸디언스 금산3공장,충청남도 금산군 금산읍 인삼광장로 19,041-753-4291,041-751-4298,식료품,"홍삼농축액, 홍삼환, 홍삼액, 홍삼당절임",(주)휴온스푸디언스 금산3공장,2026-01-26
62,소담,충청남도 금산군 금산읍 인삼로 227 외 2필지,,,식료품,홍삼액,소담,2026-01-26
63,초당농산,충청남도 금산군 금산읍 장동2길 51,041-751-0879,041-751-0880,식료품,"다류인삼제조(둥굴레차, 뽕잎차 외 티백차제품/도라지환, 익모초 외 환제품/ 쌀분말, 여주분말 외 분말제품)",초당농산,2026-01-26
64,금산인삼사랑 영농조합법인,충청남도 금산군 금산읍 장동길 52,041-754-1532,041-754-1533,식료품,"홍삼액,정과",금산인삼사랑 영농조합법인,2026-01-26
65,금산인삼협동조합,충청남도 금산군 금산읍 중도리 18-22,041-751-0989,041-754-7300,식료품,"홍삼추출액, 홍삼가공제품",금산인삼협동조합,2026-01-26
66,(주)로토텍 금산지점,충청남도 금산군 금산읍 진악로 685,041-754-1077,041-751-1078,고무제품 및 플라스틱제품,"놀이시설, 저장탱크 등 플라스틱 사출품",(주)로토텍 금산지점,2026-01-26
67,금산행운식품,충청남도 금산군 금산읍 진악로 774-14,041-751-4266,,식료품,"홍삼액, 홍삼정과",금산행운식품,2026-01-26
68,하늘비 홍삼원,충청남도 금산군 금산읍 진악로 774-30,,,식료품,"홍삼, 백삼",하늘비 홍삼원,2026-01-26
69,금강자연황토,충청남도 금산군 금산읍 진악로 781,,,비금속광물제품,황토벽돌,금강자연황토,2026-01-26
70,(주)원익양행 금산공장,충청남도 금산군 금산읍 진악로 869 ((주)원익양행),041-751-1594,,식료품,홍삼제품,(주)원익양행 금산공장,2026-01-26
71,(주)성윤에프엔지,충청남도 금산군 금산읍 진악로 909,041-751-7377,041-751-7375,식료품,"인삼절편, 홍삼액",(주)성윤에프엔지,2026-01-26
72,인삼코리아,충청남도 금산군 금산읍 진악로 961 (인삼코리아),041-751-4477,041-751-4466,식료품,인삼식품,인삼코리아,2026-01-26
73,(주)휴온스푸디언스 금산1공장,충청남도 금산군 금산읍 진악로 981 외 1필지,041-753-4291,041-751-4298,식료품,인삼제품,(주)휴온스푸디언스 금산1공장,2026-01-26
74,동아인삼제조장,충청남도 금산군 금산읍 하영처길 16 (동아인삼제조장),041-752-4488,,식료품,인삼제품,동아인삼제조장,2026-01-26
75,(주)천연고려인삼,충청남도 금산군 금산읍 하영처길 29 (천연공장),041-752-4545,041-0753-7462,식료품,인삼차,(주)천연고려인삼,2026-01-26
76,파마코푸드(주),충청남도 금산군 금산읍 하영처길 29-27,041-751-9717,,식료품,"홍삼농축액, 최가라떼홍삼, 쌍화차",파마코푸드(주),2026-01-26
77,유한회사 다함,충청남도 금산군 금산읍 후곤천길 112,044-868-9092,044-863-9091,전자부품 컴퓨터 영상 음향 및 통신장비,"CCTV 카메라, 영상기기",유한회사 다함,2026-01-26
78,(주)유니유니,충청남도 금산군 금산읍 후곤천길 156,,0303-3448-5868,전기장비,SAVVY 1.0,(주)유니유니,2026-01-26
79,합동인쇄사,충청남도 금산군 금산읍 후곤천길 91 (합동인쇄사),041-754-4400,041-754-5988,인쇄 및 기록매체복제업    ,인쇄업,합동인쇄사,2026-01-26
80,머스트해브템,충청남도 금산군 금성면  뒷밭들길 12-6,041-751-8159,0504-054-8159,기타제품,"인조꽃, 장식용제품",머스트해브템,2026-01-26
81,(주)대산석분,"충청남도 금산군 금성면 가칠리길 35, (상가리 319) ((주)대산석분)",041-752-7368,041-753-7369,비금속광물제품,석분(장석),(주)대산석분,2026-01-26
82,(주)대금인삼,충청남도 금산군 금성면 구름고개길 68-6,041-751-2734,041-754-2735,식료품,"건삼, 홍삼",(주)대금인삼,2026-01-26
83,수성기계,충청남도 금산군 금성면 금성공단로 19-10,041-751-2644,041-751-2646,기타기계 및 장비,타올직기,수성기계,2026-01-26
84,(주)이도시스템,충청남도 금산군 금성면 금성공단로 19-10 (금성면),041-751-3273,041-751-2646,전기장비,전기 자동제어반 등,(주)이도시스템,2026-01-26
85,(주)포닌바이오 제1공장,충청남도 금산군 금성면 금성공단로 19-18,041-751-5501,041-751-6005,식료품,"가공삼, 인삼분말, 홍삼농축액, 액상파우치, 캡셀",(주)포닌바이오 제1공장,2026-01-26
86,구안산업㈜ 금산공장,충청남도 금산군 금성면 금성공단로 23 (구안산업(주)),041-754-6257,041-754-6259,식료품,"인삼액,홍삼액,인삼차",구안산업㈜ 금산공장,2026-01-26
87,(주)이에스에프씨티 2공장,충청남도 금산군 금성면 금성공단로 31,041-754-7891,,화학물질 및 화학제품;의약품제외,표면처리제,(주)이에스에프씨티 2공장,2026-01-26
88,피엔비우창(주),충청남도 금산군 금성면 금성공단로 32,042-488-6102,042-488-6104,고무제품 및 플라스틱제품,폴리카보네이트,피엔비우창(주),2026-01-26
89,(주)이에스에프씨티,충청남도 금산군 금성면 금성공단로 38,041-754-7891,041-754-7895,화학물질 및 화학제품;의약품제외,표면처리제,(주)이에스에프씨티,2026-01-26
90,(주)하이푸드텍,충청남도 금산군 금성면 금성공단로 41,041-751-4516,041-751-4516,식료품,"햄, 햄버거패티, 소세지",(주)하이푸드텍,2026-01-26
91,금성산업,충청남도 금산군 금성면 금성공단로 46,041-753-7200,041-753-7275,고무제품 및 플라스틱제품,전기자동차 배터리 케이스(플라스틱),금성산업,2026-01-26
92,(주)한영계기,충청남도 금산군 금성면 금성공단로 49 ((주)한영계기),041-751-1051,041-751-1050,의료 정밀 광학기기 및 시계,"수도계량기 및 보호통, 원격검침단말기",(주)한영계기,2026-01-26
93,농업회사법인 (주)크레타바이오,충청남도 금산군 금성면 금성공단로 5 (주)크레타바이오,041-754-2585,041-754-3369,식료품,건강기능식품(홍삼농축액),농업회사법인 (주)크레타바이오,2026-01-26
94,(주)옥마루,충청남도 금산군 금성면 금성공단로 5-10,,,전기장비,"흙,돌침대 전기부속부품",(주)옥마루,2026-01-26
95,안성공업㈜ 금산공장,충청남도 금산군 금성면 금성공단로 52,041-752-9607,041-0752-9608,전기장비,PLUG PIN,안성공업㈜ 금산공장,2026-01-26
96,(주)구원,충청남도 금산군 금성면 금성공단로 56,041-752-1188,041-753-5421,고무제품 및 플라스틱제품,프라스틱제품,(주)구원,2026-01-26
97,아스폴리머,충청남도 금산군 금성면 금성공단로 58,043-544-6870,041-751-6872,화학물질 및 화학제품;의약품제외,합성고무,아스폴리머,2026-01-26
98,한국생약영농조합법인,"충청남도 금산군 금성면 금성공단로 5-8, (하신리 747-1) 외 1필지",041-751-4400,,식료품,"홍삼액, 건강식품",한국생약영농조합법인,2026-01-26
99,(주)동남사,충청남도 금산군 금성면 금성공단로 64,041-753-7141,041-753-7145,펄프 종이 및 종이제품,"포장용 판지상자, 종이용기 등",(주)동남사,2026-01-26
100,(주)와이엘테크,충청남도 금산군 금성면 금성공단로 64-9,041-751-8632,041-753-8769,펄프 종이 및 종이제품,"종이포대, 종이제품 제조",(주)와이엘테크,2026-01-26
101,㈜비케이팩,"충청남도 금산군 금성면 금성공단로 66-6, (하신리 777) ((주)부랑케미칼) ",041-751-3204,041-751-3202,고무제품 및 플라스틱제품,포장용 플라스틱 성형용기,㈜비케이팩,2026-01-26
102,태형산업(주),"충청남도 금산군 금성면 금성공단로 68, (하신리 776번지) (태형산업(주))",041-754-6672,041-754-8309,전기장비,"송,배전용 기자재 및 절연카바류, 전선선퓨즈류, 계기함류, 단자대류, 건축용플라스틱류, 항공장애등",태형산업(주),2026-01-26
103,(주)신원전기,충청남도 금산군 금성면 금성공단로 78,041-751-9086,,전기장비,"배전반, MCC반, 분전반, 자동제어반",(주)신원전기,2026-01-26
104,(주)다다,충청남도 금산군 금성면 금성공단로 86 ((주)DADA),,,펄프 종이 및 종이제품,문구용 종이제품,(주)다다,2026-01-26
105,(주)그린퓨어제지,충청남도 금산군 금성면 금성공단로 90,1544-8821,,펄프 종이 및 종이제품,화장지,(주)그린퓨어제지,2026-01-26
106,(주)대한홍삼진흥원,충청남도 금산군 금성면 다락동길 2,041-753-6700,041-751-3381,식료품,홍삼가공액(건강기능식품),(주)대한홍삼진흥원,2026-01-26
107,행복철강산업(주),충청남도 금산군 금성면 대암길 34-32,,041-868-0886,금속가공제품;기계 및 가구제외,"토목, 건축용 철근 구조물",행복철강산업(주),2026-01-26
108,금산콘크리트(주),충청남도 금산군 금성면 대암길 34-45 (금산콘크리트) ,041-753-3310,041-753-3324,비금속광물제품,"콘크리트 밴치, 플륨관",금산콘크리트(주),2026-01-26
109,(주)신우기계,충청남도 금산군 금성면 대암길 56,041-754-8723,041-754-8714,기타운송장비,자동차부품 등,(주)신우기계,2026-01-26
110,(주)하나식품,충청남도 금산군 금성면 도곡로 278 ((주)하나식품) 외 2필지,041-753-8161,041-753-8163,식료품,볶음 땅콩 및 아몬드 분쇄품,(주)하나식품,2026-01-26
111,(주)아이그라스,충청남도 금산군 금성면 도곡리 213-2번지,070-8837-7586,070-5151-3377,목재 및 나무제품;가구제외,"인조잔디 천연충진재, 천연포장재, 천연규사 포장재",(주)아이그라스,2026-01-26
112,㈜벤타코,충청남도 금산군 금성면 도곡리 598-37,041-751-8820,,금속가공제품;기계 및 가구제외,금속 구조 제품,㈜벤타코,2026-01-26
113,(주)케이엔씨디어트레이드,충청남도 금산군 금성면 두곡길 12 (상가리 175),041-753-2706,041-754-0003,식료품,"녹용, 한약재",(주)케이엔씨디어트레이드,2026-01-26
114,월드바이오텍,충청남도 금산군 금성면 두곡길 167,041-752-9071,,식료품,"홍삼액, 홍삼농축액",월드바이오텍,2026-01-26
115,(주)채식물결,충청남도 금산군 금성면 뒷밭들길 68,,,식료품,잡지 및 정기간행물 발행,(주)채식물결,2026-01-26
116,신세계개발,충청남도 금산군 금성면 마수로 177-28 외 2필지,,,금속가공제품;기계 및 가구제외,H빔,신세계개발,2026-01-26
117,대산체육산업,충청남도 금산군 금성면 마수로 177-38,041-753-0496,041-753-0497,기타제품,"학교놀이기구, 체육시서, 야외운동기구",대산체육산업,2026-01-26
118,디에이치산업안전(주),충청남도 금산군 금성면 마수로 199-11 ,042-226-4747,042-252-8839,기타제품,"간판틀, 산업안전간판, 입간판 등",디에이치산업안전(주),2026-01-26
119,농업회사법인 ㈜홍백,충청남도 금산군 금성면 마수리 470-1,041-753-0500,,식료품,"백삼, 홍삼제품, 홍삼분말",농업회사법인 ㈜홍백,2026-01-26
120,흥농산업,충청남도 금산군 금성면 상가리 252 번지,041-753-8906,,섬유제품;의복제외,"차광망, 각종 끈 가공품",흥농산업,2026-01-26
121,금산한과,충청남도 금산군 금성면 양전리 129-6 번지,041-751-5400,,식료품,한과,금산한과,2026-01-26
122,광일산업(주),충청남도 금산군 금성면 양화길 79 (광일산업),041-753-2551,041-753-2569,자동차 및 트레일러,자동차부품,광일산업(주),2026-01-26
123,비센바이오(주),충청남도 금산군 금성면 어필각로 343,041-753-6684,042-822-9611,식료품,동물용 의약품(꿀벌),비센바이오(주),2026-01-26
124,(주)크린켐,충청남도 금산군 금성면 어필각로 472,041-754-4069,041-411-1068,화학물질 및 화학제품;의약품제외,정수처리응집제,(주)크린켐,2026-01-26
125,농업회사법인(유)해오름식품,충청남도 금산군 금성면 오룡1길 9-10,041-754-1461,041-754-1464,식료품,김치,농업회사법인(유)해오름식품,2026-01-26
126,(주)믿음의나무 농업회사법인(제3공장),충청남도 금산군 금성면 의총길 127-2,041-751-2722/070-7510-2400,041-422-2223,식료품,홍삼 가공식품,(주)믿음의나무 농업회사법인(제3공장),2026-01-26
127,(주)생림원 농업회사법인,충청남도 금산군 금성면 의총리 444-4번지,070-7510-2351,,식료품,홍삼,(주)생림원 농업회사법인,2026-01-26
128,금산한누리식품,충청남도 금산군 금성면 의총암지말길 11-4,041-751-4925,041-751-4926,식료품,"홍삼제품, 삼계탕 부재료",금산한누리식품,2026-01-26
129,이천영농조합법인,"충청남도 금산군 금성면 인삼약초로 45, 1동 14호",,,식료품,"홍삼, 백삼, 태극삼",이천영농조합법인,2026-01-26
130,금산약초인삼영농조합법인,충청남도 금산군 금성면 잔실길 69,041-754-7712,041-754-3529,식료품,"홍삼액, 홍삼정과",금산약초인삼영농조합법인,2026-01-26
131,(주)휴온스푸디언스 금산2공장,충청남도 금산군 금성면 잔실길 71,041-753-4291,041-751-4298,식료품,인삼제품,(주)휴온스푸디언스 금산2공장,2026-01-26
132,에스디(주),충청남도 금산군 금성면 장목동1길 20 외 1필지,041-752-6864,041-752-6863,자동차 및 트레일러,자동차부품,에스디(주),2026-01-26
133,(주)미래바이오텍,충청남도 금산군 금성면 장목동1길 54,,,화학물질 및 화학제품;의약품제외,복합비료,(주)미래바이오텍,2026-01-26
134,위엔지니어링(주),충청남도 금산군 금성면 진산로 295,042-825-5833,042-825-2834,목재 및 나무제품;가구제외,"코르크, 코르크 바닥재",위엔지니어링(주),2026-01-26
135,금성제재조경(주),충청남도 금산군 금성면 진산로 342,041-752-2044,041-752-7961,목재 및 나무제품;가구제외,"각재,판재",금성제재조경(주),2026-01-26
136,새벽마을홍삼,충청남도 금산군 금성면 청룡안길 31,041-754-3833,041-754-3834,식료품,"홍삼액, 홍삼농축액",새벽마을홍삼,2026-01-26
137,정선산업(주),충청남도 금산군 금성면 큰말길 12,,041-752-7545,금속가공제품;기계 및 가구제외,건축용 철구조물,정선산업(주),2026-01-26
138,국보인삼가공제조,충청남도 금산군 금성면 큰말길 93,041-752-3339,,식료품,홍삼액,국보인삼가공제조,2026-01-26
139,(주)금산인삼주,충청남도 금산군 금성면 파초길 23 (금산인삼주) ,041-754-3313,,음료,"약주, 일반증류주",(주)금산인삼주,2026-01-26
140,(주)프로쉴드코리아,충청남도 금산군 금성면 하신리 574 외 2필지,041-751-9949,041-751-1204,의료용물질 및 의약품,"일회용외과용드레이프, 일회용 가운",(주)프로쉴드코리아,2026-01-26
141,한국농기계㈜,충청남도 금산군 금성면 하신리 770,041-751-0401,,기타기계 및 장비,농업용 관리기 등,한국농기계㈜,2026-01-26
142,삼화산업사,충청남도 금산군 금성면 화엄로 192 (삼화인삼),041-754-9975,041-754-3155,식료품,홍삼.태극삼.음료,삼화산업사,2026-01-26
143,(주)신한이앤지 금산지점,충청남도 금산군 금성면 화엄로 88,042-583-0291,,금속가공제품;기계 및 가구제외,태양광 구조물 지지대,(주)신한이앤지 금산지점,2026-01-26
144,농업회사법인(주)솔표굿지황,충청남도 금산군 남이면 개삼로 11,041-753-5555,041-753-9380,식료품,"농자재(인삼철재지주,Y형 지주대)",농업회사법인(주)솔표굿지황,2026-01-26
145,농업회사법인 (주)참한삼,충청남도 금산군 남이면 비실길 10,041-753-5363,041-753-5364,의료용물질 및 의약품,"인홍삼제품, 음료류, 기타 농산가공품류",농업회사법인 (주)참한삼,2026-01-26
146,(주)선한식품,충청남도 금산군 남이면 성곡길 7,041-753-3281,070-4351-2238,식료품,소스류,(주)선한식품,2026-01-26
147,금산농후영농조합,충청남도 금산군 남일면 금산로 555 (홍삼한과) 외 1필지,,,식료품,"건삼, 홍삼",금산농후영농조합,2026-01-26
148,천지초고려홍삼,충청남도 금산군 남일면 금산로 638,041-754-3428,041-754-3429,식료품,"당절임,음료류",천지초고려홍삼,2026-01-26
149,금산허브바이오(주),충청남도 금산군 남일면 덕천리 283-10,041-751-9801,041-751-9802,식료품,"칡 추출 농축액, 식물혼합 농축액 등",금산허브바이오(주),2026-01-26
150,농업회사법인 일취월장(주),충청남도 금산군 남일면 마장1길 20-3,041-751-1750,041-751-1751,식료품,"청국장,된장",농업회사법인 일취월장(주),2026-01-26
151,대길인삼영농조합,충청남도 금산군 남일면 무금로 1985 (대길홍삼),041-754-0256,041-751-0250,식료품,"홍삼, 태극삼",대길인삼영농조합,2026-01-26
152,(주)흑삼코리아,충청남도 금산군 남일면 범재길 5,041-752-7800,,식료품,"흑삼진액,농축액",(주)흑삼코리아,2026-01-26
153,한솔바이오한방(주),충청남도 금산군 남일면 봉황로 186,1566-7516,,식료품,"홍삼액, 홍삼절편",한솔바이오한방(주),2026-01-26
154,삼광바이오(주),충청남도 금산군 남일면 봉황로 397-5,041-751-9933,041-751-9936,식료품,"건강기능식품, 동물실험장치 등",삼광바이오(주),2026-01-26
155,금산덕원인삼약초 영농조합법인,충청남도 금산군 남일면 상동리 376번지,041-753-8527,041-751-2201,식료품,"홍삼농축액, 홍삼차 등",금산덕원인삼약초 영농조합법인,2026-01-26
156,심천식품,충청남도 금산군 남일면 신동길 239,041-750-7400,070-7966-2368,식료품,"심천원, 심천청국장환, 심천죽염, 멸치죽염원, 포도엑기스, 심천웰빙진액고, 심천생(환), 심천심, 청국장가루, 심천고, 심천요, 심천당, 심천아, 심천경, 심천풍, 심천백, 심천생, 심천웰빙진액고",심천식품,2026-01-26
157,(주)일신,충청남도 금산군 남일면 창평로 164,041-754-7720,041-751-7721,금속가공제품;기계 및 가구제외,"철구조물, 휀스, 간판 및 광고물",(주)일신,2026-01-26
158,홍도고려홍삼공사,충청남도 금산군 남일면 홍도1길 83,041-751-3307,,식료품,"홍삼액, 홍삼절편",홍도고려홍삼공사,2026-01-26
159,대한홍삼(주),충청남도 금산군 남일면 황풍로 51,041-753-5934,041-751-5931,식료품,"홍삼액, 홍삼정과",대한홍삼(주),2026-01-26
160,천이고려홍삼EG,충청남도 금산군 남일면 황풍리 237번지 외 4필지,041-751-3679,041-751-3790,식료품,"홍삼액, 홍삼정과",천이고려홍삼EG,2026-01-26
161,에스에이치패널㈜,충청남도 금산군 남일면 황풍리 940-2,041-754-9096,041-754-9094,금속가공제품;기계 및 가구제외,준불연제 EPS판넬,에스에이치패널㈜,2026-01-26
162,(주)스위트,충청남도 금산군 다복로 156 (복수면),041-751-1123,041-751-1124,화학물질 및 화학제품;의약품제외,"금속표면 처리용 분말 광택, 연마제",(주)스위트,2026-01-26
163,삼화엠테크(주),충청남도 금산군 복수공단길 14 (복수면) 삼화엠테크(주),041-754-7312,041-754-7316,전기장비,"방폭형모터, 일반형모터, 방폭형 배풍기",삼화엠테크(주),2026-01-26
164,우일타올공업사,"충청남도 금산군 복수공단길 37, (용진리 115-18) (복수면)",02-487-4004,02-476-9009,섬유제품;의복제외,타올,우일타올공업사,2026-01-26
165,(주)베스텍엔터프라이즈,충청남도 금산군 복수공단길 6 (복수면),070-4337-5454,0504-318-2923,기타기계 및 장비,"고압펌프, 탈염설비, 랜싱프로세스, 정수설비",(주)베스텍엔터프라이즈,2026-01-26
166,금산환경재생산업(주) 제2공장,충청남도 금산군 복수면 곡남리 8-13번지,041-753-6981,041-753-6983,비금속광물제품,상온아스팔트,금산환경재생산업(주) 제2공장,2026-01-26
167,드림랜드,충청남도 금산군 복수면 구례리 167-3번지,041-754-5505,041-751-5505,기타제품,"체육시설,휴게시설",드림랜드,2026-01-26
168,효성산업,충청남도 금산군 복수면 구례리 332-4번지 외 2필지,,,고무제품 및 플라스틱제품,PE 비닐,효성산업,2026-01-26
169,명일기업,충청남도 금산군 복수면 구례리 341번지,,,금속가공제품;기계 및 가구제외,알루미늄 거푸집,명일기업,2026-01-26
170,엔티큐(주),충청남도 금산군 복수면 구례리 403,042-488-8471,044-865-8471,기타기계 및 장비,"수질정화장치(나노버블장치), 환경정화로봇, 인공지능 녹조 제거선",엔티큐(주),2026-01-26
171,가우디씽크텍,충청남도 금산군 복수면 구례리 490 번지,,,목재 및 나무제품;가구제외,"씽크대,붙박이장,신발장",가우디씽크텍,2026-01-26
172,대신산업개발,충청남도 금산군 복수면 구례리 58-1번지 외 1필지,,,금속가공제품;기계 및 가구제외,건축용 철구조물,대신산업개발,2026-01-26
173,(주)아이삭,충청남도 금산군 복수면 금바위길 47-6 외 1필지,,,기타기계 및 장비,산업용송풍기,(주)아이삭,2026-01-26
174,우신전자산업(주),충청남도 금산군 복수면 다복동길 11 ((주)우신전자산업),041-752-4714,041-753-4714,고무제품 및 플라스틱제품,"전자부품, 장신용품, 조립용플라스틱제품, 플라스틱 성형용기",우신전자산업(주),2026-01-26
175,서현기업,충청남도 금산군 복수면 다복동길 17,062-512-7745,062-512-7748,전기장비,"수중모터펌프, 자동제어반 등",서현기업,2026-01-26
176,한국이엔지,충청남도 금산군 복수면 다복동길 17,041-753-9945,041-753-9946,금속가공제품;기계 및 가구제외,"오배수용 수중펌프, 축사류펌프 등",한국이엔지,2026-01-26
177,(주)광진포장,충청남도 금산군 복수면 다복동길 4,041-752-9858,,펄프 종이 및 종이제품,골판지박스,(주)광진포장,2026-01-26
178,우신내추럴페인트,충청남도 금산군 복수면 다복동길 7,,,화학물질 및 화학제품;의약품제외,"친환경도료, 프라스틱제품",우신내추럴페인트,2026-01-26
179,우신피앤피(주),"충청남도 금산군 복수면 다복동길 7, (다복리300-3, 301) (뉴에코프렌(주))",041-752-4714,,고무제품 및 플라스틱제품,"편향코일, 플라스틱제품",우신피앤피(주),2026-01-26
180,금산공영합자회사,충청남도 금산군 복수면 다복로 123,041-754-3102,041-753-6983,비금속광물제품,아스팔트,금산공영합자회사,2026-01-26
181,서대공영(합),충청남도 금산군 복수면 다복로 123 (금산건영(주)),041-753-6981,041-0753-6983,비금속광물제품,아스팔트제품,서대공영(합),2026-01-26
182,선진레미콘(주),충청남도 금산군 복수면 다복로 123-42,041-754-3104,041-753-7922,비금속광물제품,"레미콘, 콘크리트",선진레미콘(주),2026-01-26
183,현빈개발(주) 금산공장,충청남도 금산군 복수면 다복로 148,02-6242-1900,02-6242-1903,금속가공제품;기계 및 가구제외,배수강관,현빈개발(주) 금산공장,2026-01-26
184,중앙 HI-TECH,충청남도 금산군 복수면 다복로 167,041-753-3132,041-753-3137,기타기계 및 장비,"감자고구마 수확기, 배부식 충전분무기, 비료살포기 등",중앙 HI-TECH,2026-01-26
185,(주)충남건설,충청남도 금산군 복수면 다복로 177,041-753-6341,,금속가공제품;기계 및 가구제외,"교량집수구, 철구조물",(주)충남건설,2026-01-26
186,영남강철(주),충청남도 금산군 복수면 다복로 213,041-752-5583. 5584,041-752-6110,가구,"학생용 책걸상, 사물함, 이동식스툴테이블",영남강철(주),2026-01-26
187,농업회사법인 유한회사 산채푸드,충청남도 금산군 복수면 다복로 239-14,041-751-9614,041-751-9613,식료품,"지리산대나무통밥, 웰빙장아찌",농업회사법인 유한회사 산채푸드,2026-01-26
188,대한홍삼,충청남도 금산군 복수면 다복로 246 외 1필지,041-754-9908,,식료품,홍삼,대한홍삼,2026-01-26
189,제라산업,충청남도 금산군 복수면 다복로 277,041-751-8701,041-751-8702,전기장비,"버너, 히터 등",제라산업,2026-01-26
190,금산철망산업,충청남도 금산군 복수면 다복로 289,041-753-0013,041-754-0135,금속가공제품;기계 및 가구제외,"철선, 매쉬 와이어",금산철망산업,2026-01-26
191,(주)신화정밀,충청남도 금산군 복수면 다복로 291,041-753-1745,,전기장비,휴대용 가스레인지,(주)신화정밀,2026-01-26
192,주식회사 화선,충청남도 금산군 복수면 다복로 302-17 ((주)화선) 외 1필지,041-753-6398,,고무제품 및 플라스틱제품,스티로폴,주식회사 화선,2026-01-26
193,용안타올,"충청남도 금산군 복수면 다복로 310, (다복리 206-5) 외 1필지",,,섬유제품;의복제외,타올,용안타올,2026-01-26
194,티에스바이오,충청남도 금산군 복수면 다복로 345-37,,,식료품,가축보조사료,티에스바이오,2026-01-26
195,씬택(CIN tech),충청남도 금산군 복수면 다복로 345-49,,,비금속광물제품,세라믹 코팅 분말,씬택(CIN tech),2026-01-26
196,(주)충남기전,충청남도 금산군 복수면 다복로 345-57,042-543-5480,,전기장비,태양광 발전 장치,(주)충남기전,2026-01-26
197,(주)티에스산업,충청남도 금산군 복수면 다복로 435 외 1필지,041-754-4776,041-754-4773,고무제품 및 플라스틱제품,"시선유도봉, 금속 울타리, 금속 구조재, 교통표지, 도로표지, 교통안전 금속판, 금속재 제품",(주)티에스산업,2026-01-26
198,(주)대주 금산공장,"충청남도 금산군 복수면 다복로 443, (H동) ((주)성호이엔지)",,,식료품,사료첨가제,(주)대주 금산공장,2026-01-26
199,(주)케이세라셀,충청남도 금산군 복수면 다복로 465-9,041-753-8611,041-753-8612,전기장비,고체 산화물 연료전지 제조,(주)케이세라셀,2026-01-26
200,(주)일화,충청남도 금산군 복수면 다복로 491-15,041-754-8160,041-752-2798,식료품,홍삼농축액등,(주)일화,2026-01-26
201,(주)삼공사엔지니어링,"충청남도 금산군 복수면 다복로 491-26, (용진리 253)",041-751-3043,041-754-0302,금속가공제품;기계 및 가구제외,친환경화장실.판매.임대 외,(주)삼공사엔지니어링,2026-01-26
202,삼공(주),"충청남도 금산군 복수면 다복로 491-26, (용진리 253)",041-754-0301,041-754-0302,금속가공제품;기계 및 가구제외,"크레인 및 운반기계제작설치 및 판매, 전기공사, 기계설비",삼공(주),2026-01-26
203,세강엠텍(주),충청남도 금산군 복수면 다복로 491-27 (세강엠텍(주)) 외 8필지,041-751-4344,041-751-7344,1차금속,"산업기계, 펌프, 밸브",세강엠텍(주),2026-01-26
204,(주)선진수출포장,충청남도 금산군 복수면 다복로 491-30,041-751-0212,041-752-8739,펄프 종이 및 종이제품,"골판지 종이포장박스, 칼라케이스 명단",(주)선진수출포장,2026-01-26
205,성신금속공업(주)제2공장,충청남도 금산군 복수면 다복로 491-44,041-753-2887,041-753-2876,1차금속,"주강품(선박부품, 제철설비, 산업기계, 철도차량, 펌프, 밸브 등)",성신금속공업(주)제2공장,2026-01-26
206,(주)비앤티페널,충청남도 금산군 복수면 다복로 491-7,041-751-8863~4,041-751-8867,금속가공제품;기계 및 가구제외,샌드위치 판넬,(주)비앤티페널,2026-01-26
207,(주)가나텍,충청남도 금산군 복수면 다복로 537-18,041-752-1197,041-752-1173,의료 정밀 광학기기 및 시계,실험실 기자재,(주)가나텍,2026-01-26
208,(주)유진유리산업,충청남도 금산군 복수면 다복로 560,041-754-1100,041-754-1122,비금속광물제품,복층유리,(주)유진유리산업,2026-01-26
209,풍년산업(주),충청남도 금산군 복수면 다복로 572 (풍년산업주식회사),041-752-2787,041-752-2797,기타기계 및 장비,"빙과용기 제조 및 농사용 시설부품(아이스크립포장, 크리브 고추대)",풍년산업(주),2026-01-26
210,영창단조공업,충청남도 금산군 복수면 다복로 574 (영창단조),041-753-9649,041-0753-8025,금속가공제품;기계 및 가구제외,단조망치,영창단조공업,2026-01-26
211,서울아쿠아룸,충청남도 금산군 복수면 다복리 127-3 번지,,,식료품,사료제조업,서울아쿠아룸,2026-01-26
212,현대열기,충청남도 금산군 복수면 다복리 180-6,,,기타기계 및 장비,농업용 온풍기,현대열기,2026-01-26
213,(주)대화,충청남도 금산군 복수면 다복리 197-6번지,031-330-9019,,금속가공제품;기계 및 가구제외,단열재(건축용) 도소매 및 가공,(주)대화,2026-01-26
214,대일프라스틱,충청남도 금산군 복수면 다복리 197번지,041-754-7917,041-0754-7927,고무제품 및 플라스틱제품,가정용 프라스틱제품,대일프라스틱,2026-01-26
215,(주)의진건설산업,충청남도 금산군 복수면 다복리 198-1번지,,,고무제품 및 플라스틱제품,플라스틱 창호,(주)의진건설산업,2026-01-26
216,(주)퍼스트바이오,충청남도 금산군 복수면 다복리 206-6번지,041-753-2332,,식료품,홍삼제품류,(주)퍼스트바이오,2026-01-26
217,산성사,충청남도 금산군 복수면 대둔산로 1406,,,금속가공제품;기계 및 가구제외,유로폼(거푸집),산성사,2026-01-26
218,도방토건재,충청남도 금산군 복수면 목소리 428-1번지,,,금속가공제품;기계 및 가구제외,유로폼,도방토건재,2026-01-26
219,벧엘비닐화학,충청남도 금산군 복수면 문암길 67 외 4필지,,,고무제품 및 플라스틱제품,비닐봉투,벧엘비닐화학,2026-01-26
220,효성,충청남도 금산군 복수면 발옥동길 102,041-751-6431,041-753-6431,고무제품 및 플라스틱제품,재생플라스틱 가공,효성,2026-01-26
221,(주)에이스시스템,충청남도 금산군 복수면 발옥동길 116,041-754-1100,041-754-1122,고무제품 및 플라스틱제품,"플라스틱 창호제작, 시스템창호, 방범방충망, 방화창",(주)에이스시스템,2026-01-26
222,(주)유진창호유리,충청남도 금산군 복수면 발옥동길 120-7,,041-754-1122,고무제품 및 플라스틱제품,PVC창호,(주)유진창호유리,2026-01-26
223,청전건설(주),"충청남도 금산군 복수면 발옥동길 42, (구례리 98-1번지) ((주)청전건설) 외 2필지",041-753-8600,,금속가공제품;기계 및 가구제외,"금속지붕재 및 벽면, 처마용 금속판재",청전건설(주),2026-01-26
224,명장,충청남도 금산군 복수면 발옥동길 98 외 4필지,,,금속가공제품;기계 및 가구제외,알루미늄 창호재(샤시),명장,2026-01-26
225,삼화고무,충청남도 금산군 복수면 백암길 373,041-752-2036,042-585-2062,고무제품 및 플라스틱제품,"백재생, 트레이드",삼화고무,2026-01-26
226,한미스위스광학(주),충청남도 금산군 복수면 복수공단길 21,042-280-3022,042-274-8973,의료 정밀 광학기기 및 시계,안경렌즈,한미스위스광학(주),2026-01-26
227,청정엔지니어링,충청남도 금산군 복수면 복수공단길 22 ((주)중앙엔지니어링),,,기타기계 및 장비,약품투입기,청정엔지니어링,2026-01-26
228,(주)종우포장,"충청남도 금산군 복수면 복수공단길 22, (용진리 115-10)",041-752-4601,041-752-4607,펄프 종이 및 종이제품,"골판지상자, 종이상자",(주)종우포장,2026-01-26
229,(주)갈산,"충청남도 금산군 복수면 복수공단길 37, (용진리 115-18) (풍국타올)",070-7602-7895,,화학물질 및 화학제품;의약품제외,우레탄 수지매트,(주)갈산,2026-01-26
230,(주)태화켐,"충청남도 금산군 복수면 복수공단길 40, (용진리 115-9) ((주)태화캠)",041-753-8223,041-4508-2258,화학물질 및 화학제품;의약품제외,고분자수지,(주)태화켐,2026-01-26
231,GL글로벌라이팅,"충청남도 금산군 복수면 복수공단길 40, (용진리 115-9) ((주)태화캠)",070-4347-5132,,전기장비,"LED가로등, 보안등, 경관조명기구",GL글로벌라이팅,2026-01-26
232,(주)지엠팩,"충청남도 금산군 복수면 복수공단길 40-6, (용진리 115-8) (대륙화학공업물류창고)",041-751-4511,041-753-7328,고무제품 및 플라스틱제품,플라스틱용기,(주)지엠팩,2026-01-26
233,지앤비패키지,"충청남도 금산군 복수면 복수공단길 40-6, (용진리 115-8) (대륙화학공업물류창고)",041-753-7327,,펄프 종이 및 종이제품,종이상자,지앤비패키지,2026-01-26
234,광성PE화인메탈,충청남도 금산군 복수면 복수공단길 47,041-753-5790,041-753-0791,고무제품 및 플라스틱제품,상하수도 각종 부속품제작,광성PE화인메탈,2026-01-26
235,(주)에스코알티에스,"충청남도 금산군 복수면 복수공단길 51, (용진리 115-20) (ESCORTS 금산공장)",041-752-0770,,고무제품 및 플라스틱제품,탄성받침,(주)에스코알티에스,2026-01-26
236,(주)에스코알티에스,"충청남도 금산군 복수면 복수공단길 51, (용진리 115-20) (ESCORTS 금산공장)",031-8052-7536,,금속가공제품;기계 및 가구제외,"난간, 금속제 울타리",(주)에스코알티에스,2026-01-26
237,(주)우리금풍,충청남도 금산군 복수면 복수공단길 57 ((주)우리금풍),041-751-9779,,펄프 종이 및 종이제품,"종이용기, 포장류",(주)우리금풍,2026-01-26
238,(주)리스템,충청남도 금산군 복수면 복수공단길 62,041-752-8835,041-0754-8837,의료 정밀 광학기기 및 시계,X선기계,(주)리스템,2026-01-26
239,티알밸트랙(주) 금산2공장,충청남도 금산군 복수면 복수공단길 62,041-752-9945,041-752-9947,고무제품 및 플라스틱제품,무한궤도 바퀴,티알밸트랙(주) 금산2공장,2026-01-26
240,현창 I&D,"충청남도 금산군 복수면 복수공단길 64, (용진리 115-31) ((주)우리금풍)",041-753-1310,,고무제품 및 플라스틱제품,인조대리석,현창 I&D,2026-01-26
241,리빙스톤,"충청남도 금산군 복수면 복수공단길 64, (용진리 115-31) (복수면)",041-753-2768,,고무제품 및 플라스틱제품,인조대리석,리빙스톤,2026-01-26
242,티에스패널(주),충청남도 금산군 복수면 복수공단길 8-17,041-751-8091,041-750-9501,금속가공제품;기계 및 가구제외,센드위치판넬,티에스패널(주),2026-01-26
243,윤선창호,충청남도 금산군 복수면 복수공단길 8-30,,,고무제품 및 플라스틱제품,플라스틱 및 알루미늄 창호,윤선창호,2026-01-26
244,(주)올즙,충청남도 금산군 복수면 복수공단길 8-9,,,식료품,건강음료(홍삼액 외),(주)올즙,2026-01-26
245,(주)대석산업,충청남도 금산군 복수면 복수로 263 (㈜대석산업),041-753-3101,041-751-4945,금속가공제품;기계 및 가구제외,"철망, 돌망태",(주)대석산업,2026-01-26
246,(주)후드코리아,충청남도 금산군 복수면 복수로 352 외 2필지,041-751-2251,041-751-2253,식료품,"분말제품 생산(오렌지분말, 마늘추출분말 등등)",(주)후드코리아,2026-01-26
247,(주)에스지텍,충청남도 금산군 복수면 복수로 369 외 2필지,042-587-4900,042-331-0070,고무제품 및 플라스틱제품,"방범안전창, 방범창, 미세복합창",(주)에스지텍,2026-01-26
248,백암떡방앗간,충청남도 금산군 복수면 복수로 472,,,식료품,"재래식 떡류, 고춧가루, 들기름",백암떡방앗간,2026-01-26
249,(주)신흥기업,충청남도 금산군 복수면 복수로 499-45 외 2필지,,,고무제품 및 플라스틱제품,"상수도 보호통, 수면 위 부표통, 기타 플라스틱 제품",(주)신흥기업,2026-01-26
250,경승산업 제2공장,충청남도 금산군 복수면 복수로 558 외 2필지,,,고무제품 및 플라스틱제품,PE 비닐,경승산업 제2공장,2026-01-26
251,서양푸드 주식회사,충청남도 금산군 복수면 복수로 573,041-752-0456,041-0752-0456,식료품,"냉면용육수, 비빔장, 냉동만두",서양푸드 주식회사,2026-01-26
252,농업회사법인 (주)세인바이오팜,충청남도 금산군 복수면 복수로 577-7,041-450-8450,070-7589-8450,식료품,"홍삼농축액, 홍삼절편, 홍삼정과, 홍삼음료",농업회사법인 (주)세인바이오팜,2026-01-26
253,(주)정운,충청남도 금산군 복수면 복수로 580,041-752-4160,041-752-4165,고무제품 및 플라스틱제품,"플라스틱 샤시, 금속 문, 금속선 및 적층 섬모 방충망, 금속 스프링",(주)정운,2026-01-26
254,현대산업(주),충청남도 금산군 복수면 복수로 582,041-752-4161,041-752-4165,고무제품 및 플라스틱제품,자연환기 여과장치 창호제품 외,현대산업(주),2026-01-26
255,(주)세미,충청남도 금산군 복수면 복수로 584,042-586-7575,041-586-0700,기타제품,간판 및 광고물 제조업 외 1종,(주)세미,2026-01-26
256,(주)무창,충청남도 금산군 복수면 복수로 619 외 1필지,042-586-0357,042-586-0358,금속가공제품;기계 및 가구제외,"볼라드, 휀스, 차선분리대",(주)무창,2026-01-26
257,(주)드림랜드,충청남도 금산군 복수면 복수로 693,042-527-1101,042-527-4807,기타제품,조합놀이대,(주)드림랜드,2026-01-26
258,경승포장,충청남도 금산군 복수면 복수로 693-5 (경승화학),041-753-8706,041-0753-8705,고무제품 및 플라스틱제품,"비닐,쓰레기봉투",경승포장,2026-01-26
259,의남식품(주),충청남도 금산군 복수면 복수로 705 (의남식품 주식회사) 외 1필지,041-753-3603,041-753-3602,식료품,"당면, 면류",의남식품(주),2026-01-26
260,제일산업,"충청남도 금산군 복수면 복수로 769 (복수면, 제일산업)",041-753-9004,041-753-9017,고무제품 및 플라스틱제품,식품용기 생산,제일산업,2026-01-26
261,(주)신창산업,충청남도 금산군 복수면 복수로 782-3,042-638-8045,,고무제품 및 플라스틱제품,"플라스틱 창호, 알루미늄 창호",(주)신창산업,2026-01-26
262,(주)디엔건설산업,"충청남도 금산군 복수면 복수로 782-3, (신대리 558-1)",041-751-6301,,고무제품 및 플라스틱제품,"AL창호, PVC창호, 금속판제품",(주)디엔건설산업,2026-01-26
263,조양식품,충청남도 금산군 복수면 복수로 794,,,식료품,김치,조양식품,2026-01-26
264,산성산업,충청남도 금산군 복수면 복수로 933 외 2필지,,,금속가공제품;기계 및 가구제외,"철구조물(유로폼, 써포트, 조립식틀비계)",산성산업,2026-01-26
265,(주)삼광건설,충청남도 금산군 복수면 복수로 963-1,042-586-3756,042-586-3855,비금속광물제품,도로 미끄럼 방지용 포장재(고체),(주)삼광건설,2026-01-26
266,(주)태성공영,"충청남도 금산군 복수면 분동길 57, (백암리 402) (복수면, 태성건설㈜)",042-633-7600,042-635-1700,비금속광물제품,"탈취제, Eco-TTP, 탈황제",(주)태성공영,2026-01-26
267,(주)케이앰앤드이,"충청남도 금산군 복수면 수목로 162, (수영리 20) 외 2필지",041-751-8061,041-751-8063,화학물질 및 화학제품;의약품제외,대전량 제어재,(주)케이앰앤드이,2026-01-26
268,(주)더원산업,충청남도 금산군 복수면 수목로 40,041-753-0253,041-753-0254,금속가공제품;기계 및 가구제외,건축용 가설물(빔) 제작,(주)더원산업,2026-01-26
269,더원건설산업(주),충청남도 금산군 복수면 수목로 40,041-753-0253,041-753-0254,금속가공제품;기계 및 가구제외,철구조물(가설교량),더원건설산업(주),2026-01-26
270,(주)대광인더스트리,충청남도 금산군 복수면 수영길 20,,,고무제품 및 플라스틱제품,"플라스틱 사출, 박스 등",(주)대광인더스트리,2026-01-26
271,유림화학,충청남도 금산군 복수면 수영리 406번지,,,화학물질 및 화학제품;의약품제외,"4종복합비료,아미노산액비",유림화학,2026-01-26
272,(주)백건창호클럽,충청남도 금산군 복수면 수영리 521-3번지 외 1필지,1588-6279,,금속가공제품;기계 및 가구제외,PVC샷시,(주)백건창호클럽,2026-01-26
273,㈜제이에이치캐미컬,충청남도 금산군 복수면 신대리 400,041-751-6310,,고무제품 및 플라스틱제품,일라이트 봉투,㈜제이에이치캐미컬,2026-01-26
274,벧엘공업사,충청남도 금산군 복수면 신대리 519-1번지 외 3필지 외 3필지,041-753-3332,041-753-3358,자동차 및 트레일러,특장차,벧엘공업사,2026-01-26
275,(주)에스제이씨티,충청남도 금산군 복수면 신대리 549,,,금속가공제품;기계 및 가구제외,금속제 디자인울타리,(주)에스제이씨티,2026-01-26
276,삼원타올,충청남도 금산군 복수면 신대리 552번지,041-752-5634,041-753-5634,섬유제품;의복제외,타올,삼원타올,2026-01-26
277,(주)바론,충청남도 금산군 복수면 오곡동길 21,,,기타기계 및 장비,수질정화장치,(주)바론,2026-01-26
278,엔티큐(주),충청남도 금산군 복수면 오곡동길 21,042-488-8471,044-865-8471,기타기계 및 장비,수질정화기(에어제트),엔티큐(주),2026-01-26
279,(주)예지환경,충청남도 금산군 복수면 오곡동길 21 ((주)신형산업),,,기타기계 및 장비,농업용기계,(주)예지환경,2026-01-26
280,(주)한빛라이팅,충청남도 금산군 복수면 오곡동길 22-1,042-522-3475,,전기장비,"가로등, 조명기구, 배전반 및 자동제어반",(주)한빛라이팅,2026-01-26
281,(주)보경,충청남도 금산군 복수면 오곡동길 46,042-221-3639,,펄프 종이 및 종이제품,"아미노산액비,부숙퇴비,단비사료",(주)보경,2026-01-26
282,건양엔지니어링,충청남도 금산군 복수면 오곡동길 46 외 1필지,042-271-0081,042-271-8081,금속가공제품;기계 및 가구제외,금속제 창,건양엔지니어링,2026-01-26
283,금산고려홍삼(주),충청남도 금산군 복수면 오곡동길 48-4 외 1필지,041-753-8587,,음료,홍삼 농축액,금산고려홍삼(주),2026-01-26
284,미소난방,충청남도 금산군 복수면 오곡동길 74-15,,,전기장비,온수온돌난방패널,미소난방,2026-01-26
285,정든식품,충청남도 금산군 복수면 오곡동길 9,041-754-9976,041-751-9190,식료품,"건빵, 쿠키류",정든식품,2026-01-26
286,(주)문경,충청남도 금산군 복수면 용진리 115-1번지,041-752-1700,041-0754-0017,금속가공제품;기계 및 가구제외,"용접철망, 돌망태",(주)문경,2026-01-26
287,(주)서전기계,충청남도 금산군 복수면 용진리 115-32번지,041-753-8797,041-0753-8797,기타기계 및 장비,CNC MILLING N/C,(주)서전기계,2026-01-26
288,티알밸트랙(주) 금산공장,충청남도 금산군 복수면 용진리 115-5번지,041-752-9945,041-752-9947,고무제품 및 플라스틱제품,"스키드, 내열재",티알밸트랙(주) 금산공장,2026-01-26
289,대율제지(주),충청남도 금산군 복수면 용진리 17-3번지,041-752-1177,041-0753-8711,펄프 종이 및 종이제품,"지함, 판지",대율제지(주),2026-01-26
290,세주건설(주),충청남도 금산군 복수면 용진리 301,042-631-7737,042-626-6487,금속가공제품;기계 및 가구제외,"미끄럼방지포장재, 도막형바닥재, 도로표지판, 교통안전표지판, 갈매기표지판, 도로명판, 도로안전표지판지주, 안내판걸이구, 금속제울타리, 시선유도봉",세주건설(주),2026-01-26
291,(주)성광윈플랫,충청남도 금산군 복수면 용진리 309-2 외 1필지,042-321-0125,042-321-0126,고무제품 및 플라스틱제품,스마트 방범 안전창 WINGUARD 및 미세제로,(주)성광윈플랫,2026-01-26
292,(주)윈가드네트웍스,충청남도 금산군 복수면 용진리 309-2 외 1필지,042-587-4900,042-587-7900,전자부품 컴퓨터 영상 음향 및 통신장비,"IoT기반 방범센서 및 센서모듈, 사회안전 및 산업안전 로봇",(주)윈가드네트웍스,2026-01-26
293,바이오,충청남도 금산군 복수면 용진리 358-33번지 외 1필지,,,고무제품 및 플라스틱제품,자동차발판고무시트,바이오,2026-01-26
294,인문지관,충청남도 금산군 복수면 용진리 358-36번지,,,금속가공제품;기계 및 가구제외,원두막(파고라),인문지관,2026-01-26
295,명성목공,충청남도 금산군 복수면 용진리 358-42번지,041-753-0000,,목재 및 나무제품;가구제외,나무목형틀,명성목공,2026-01-26
296,대진,충청남도 금산군 복수면 용진리 358-6번지 외 1필지,,,금속가공제품;기계 및 가구제외,건축용 철구조물,대진,2026-01-26
297,케이비유화㈜,충청남도 금산군 복수면 용진리 359-10번지 외 1필지,041-751-5125,041-751-2301,비금속광물제품,"상온아스콘(재생), 혼합물봉, 유화아스팔트",케이비유화㈜,2026-01-26
298,(주)올즙(제2공장),충청남도 금산군 복수면 용진리 359번지 외 3필지,,,금속가공제품;기계 및 가구제외,금속제 식품가공용기,(주)올즙(제2공장),2026-01-26
299,성안이앤씨,충청남도 금산군 복수면 용진리 383-4번지 외 1필지,,,금속가공제품;기계 및 가구제외,금속조립구조재,성안이앤씨,2026-01-26
300,농업회사법인(주)축복의열매,충청남도 금산군 복수면 용진리 439-3번지 외 1필지,041-752-5591,,식료품,"홍삼추출액, 홍삼절편, 고구마 말랭이",농업회사법인(주)축복의열매,2026-01-26
301,우진,충청남도 금산군 복수면 용진리 496-1번지,,,금속가공제품;기계 및 가구제외,주방용씽크대,우진,2026-01-26
302,세광그린텍(A),충청남도 금산군 복수면 용진리 597-5번지 외 1필지,1899-1639,041-754-0887,섬유제품;의복제외,"물티슈, 행주타올",세광그린텍(A),2026-01-26
303,(주)나온에너지,충청남도 금산군 복수면 용진리 689번지,,,금속가공제품;기계 및 가구제외,태양광흡열판 지지대철구조물,(주)나온에너지,2026-01-26
304,(주)뉴테크,충청남도 금산군 복수면 용진리 78-3번지,041-753-2761,041-0752-5171,기타제품,"마스카라브러쉬,덴탈브러쉬",(주)뉴테크,2026-01-26
305,대흥석재(주),충청남도 금산군 복수면 용진리 산 14-1번지,041-0751-0711,041-0751-0713,비금속광물제품,석재,대흥석재(주),2026-01-26
306,(주)에코텍코리아,충청남도 금산군 복수면 용천로 1007 외 1필지,041-752-5265,041-752-5266,기타기계 및 장비,"금형틀, 플라스틱 사출품(어항등)",(주)에코텍코리아,2026-01-26
307,(주)정원엔지니어링,충청남도 금산군 복수면 용천로 1007 외 1필지,041-752-5268,,전기장비,환풍기,(주)정원엔지니어링,2026-01-26
308,농업회사법인 빛과소금(주),충청남도 금산군 복수면 용천로 1030,,,식료품,"홍삼액, 임삼정과",농업회사법인 빛과소금(주),2026-01-26
309,에코에어,충청남도 금산군 복수면 용천로 1035,042-582-4706,0504-153-4706,기타기계 및 장비,기체펌프 및 공기압축기 제조업,에코에어,2026-01-26
310,형제식품,충청남도 금산군 복수면 용천로 1062,041-753-3133,,식료품,"청국장, 된장",형제식품,2026-01-26
311,성안기업,충청남도 금산군 복수면 용천로 845-2 외 3필지,,,금속가공제품;기계 및 가구제외,금속조립 구조재,성안기업,2026-01-26
312,PE엔지니어링 금산공장,충청남도 금산군 복수면 용천로 865,070-4283-9177,0303-0959-7504,고무제품 및 플라스틱제품,단열 이중 보온관,PE엔지니어링 금산공장,2026-01-26
313,(주)개성상인 금산지점,충청남도 금산군 복수면 용천로 867,,,펄프 종이 및 종이제품,키친타올,(주)개성상인 금산지점,2026-01-26
314,(주)다솔금산공장,충청남도 금산군 복수면 용천로 867,041-752-1177,041-753-8711,펄프 종이 및 종이제품,골판지 박스,(주)다솔금산공장,2026-01-26
315,(주)썬터치,충청남도 금산군 복수면 용천로 867 외 1필지,041-751-1801,041-751-1805,전기장비,휴대용 가스렌지,(주)썬터치,2026-01-26
316,대한하이메쉬(주),"충청남도 금산군 복수면 용천로 867, (용진리 389-2, 용지리 614-3) (에너지하우스)",041-753-3366,,금속가공제품;기계 및 가구제외,"돌망태, 용접철망",대한하이메쉬(주),2026-01-26
317,(주)하이메쉬코리아,"충청남도 금산군 복수면 용천로 867, 1-6",041-753-3366,,금속가공제품;기계 및 가구제외,"케이블트레이,와이어메쉬,사각개비온",(주)하이메쉬코리아,2026-01-26
318,남양매직(주)금산공장,"충청남도 금산군 복수면 용천로 867, 2동",,041-753-5923,고무제품 및 플라스틱제품,플라스틱용기,남양매직(주)금산공장,2026-01-26
319,서희폴리머,"충청남도 금산군 복수면 용천로 873-3, (용진리 382-1)",,041-750-3860,화학물질 및 화학제품;의약품제외,"파리끈끈이, 핫멜트",서희폴리머,2026-01-26
320,(주)서림,"충청남도 금산군 복수면 용천로 902, (용진리 442)",041-752-3530,,금속가공제품;기계 및 가구제외,H빔,(주)서림,2026-01-26
321,세광그린텍(B),"충청남도 금산군 복수면 용천로 960-5, 960-7",1899-1639,041-754-0887,섬유제품;의복제외,"식품접객업소용 티슈, 빨아쓰는 행주타올",세광그린텍(B),2026-01-26
322,수영화학,충청남도 금산군 복수면 음효길 11 (수영화학),041-752-0838,041-0753-7307,고무제품 및 플라스틱제품,PE필름,수영화학,2026-01-26
323,새한화학,"충청남도 금산군 복수면 음효길 9, (수영리 406-2)",041-751-2336,041-754-2338,고무제품 및 플라스틱제품,비닐,새한화학,2026-01-26
324,(주)대전지관,충청남도 금산군 복수면 자라전길 1,041-754-9367,041-754-9369,펄프 종이 및 종이제품,지관(종이파이프),(주)대전지관,2026-01-26
325,신화가구산업,충청남도 금산군 복수면 자라전길 1,041-753-7445,,가구,"사무용가구,신발장,장식장",신화가구산업,2026-01-26
326,(주)브러쉬포유,충청남도 금산군 복수면 자라전길 37,042-716-2078,042-716-2079,기타제품,"치간칫솔브러쉬, 메디컬브러쉬, 마스카라브러쉬 등",(주)브러쉬포유,2026-01-26
327,(주)다우엠에스,"충청남도 금산군 복수면 자라전길 37, 1동",041-751-5527,041-751-5528,식료품,"코하쿠토,쿄호젤리",(주)다우엠에스,2026-01-26
328,주현테크,충청남도 금산군 복수면 자라전길 39,070-8881-0946,041-751-0946,고무제품 및 플라스틱제품,"치간칫솔, 구강용품",주현테크,2026-01-26
329,용진토건재,충청남도 금산군 복수면 자라전길 45,,,금속가공제품;기계 및 가구제외,유로폼,용진토건재,2026-01-26
330,청운사,충청남도 금산군 복수면 장구재길 49,,,식료품,약초 1차 가공식품,청운사,2026-01-26
331,신대발옥농장,충청남도 금산군 복수면 장구재길 53,,,식료품,여주액,신대발옥농장,2026-01-26
332,(주)해동맨홀,충청남도 금산군 복수면 적선길 103-34,041-751-8115. 8116,041-751-8117,비금속광물제품,"콘크리트 맨홀, 가로등 기초 맨홀, 맨홀뚜껑",(주)해동맨홀,2026-01-26
333,현대프라이드샤시래핑,충청남도 금산군 복수면 적선길 65-21,041-753-5550,041-753-5532,고무제품 및 플라스틱제품,"샤시래핑, 샤시제작",현대프라이드샤시래핑,2026-01-26
334,동우,충청남도 금산군 복수면 적선길 79,042-321-3575,042-536-7849,비금속광물제품,싱크대 상판용 하이막스,동우,2026-01-26
335,(주)태림,충청남도 금산군 복수면 적선길 98-24,041-751-1503,,비금속광물제품,벽돌,(주)태림,2026-01-26
336,유비툴,충청남도 금산군 복수면 정장리길 10,042-525-0989,,기타기계 및 장비,페인트도장방지시설,유비툴,2026-01-26
337,인성산업(주) 제2공장,충청남도 금산군 복수면 정장리길 16-8,041-751-9846,041-751-9847,고무제품 및 플라스틱제품,강화플라스틱 방수판 외,인성산업(주) 제2공장,2026-01-26
338,(주)정성달임,충청남도 금산군 복수면 참물내기길 22,041-752-4029,,식료품,홍삼액,(주)정성달임,2026-01-26
339,대진식품,충청남도 금산군 복수면 학평길 10,041-752-8182,041-752-8174,식료품,당면,대진식품,2026-01-26
340,(주)아리랑음료,충청남도 금산군 부리면 갈티길 64,041-754-0277,,식료품,인삼 드링크,(주)아리랑음료,2026-01-26
341,(주)한국데코로,충청남도 금산군 부리면 갈티길 64,041-751-0771,,식료품,"흑석류, 감식초 등",(주)한국데코로,2026-01-26
342,아유오케이바이오(주),충청남도 금산군 부리면 불이리 309-6,041-752-0888,041-753-0888,식료품,"숙취해소 식품, 음료",아유오케이바이오(주),2026-01-26
343,청운식품,충청남도 금산군 부리면 양곡리 129-1번지,041-754-5005,,식료품,"떡, 인삼정과, 인삼한과",청운식품,2026-01-26
344,농업회사법인 (주)주안푸드,충청남도 금산군 부리면 인삼약초공단1로 17,041-752-1750,041-753-1588,식료품,도시락 등,농업회사법인 (주)주안푸드,2026-01-26
345,(주)명품코리아,"충청남도 금산군 부리면 인삼약초공단1로 27, (창평리 859)",041-754-0821,,전자부품 컴퓨터 영상 음향 및 통신장비,"CCTV, 방송장비 등",(주)명품코리아,2026-01-26
346,농업회사법인 금산흑삼(주),"충청남도 금산군 부리면 인삼약초공단로 15, (창평리 848)",041-751-0893,070-8224-9500,식료품,"흑삼, 스테비아토마토",농업회사법인 금산흑삼(주),2026-01-26
347,(주)다우엠에스,충청남도 금산군 부리면 인삼약초공단로 16,041-751-5528,,식료품,"제과, 제빵",(주)다우엠에스,2026-01-26
348,(주)성수바이오텍,충청남도 금산군 부리면 인삼약초공단로 20,041-751-3639,,식료품,"인삼분말, 홍삼분말",(주)성수바이오텍,2026-01-26
349,경방신약(주) 제2공장,충청남도 금산군 부리면 인삼약초공단로 36,041-751-5650,,식료품,"한방의약품, 건강기능식품",경방신약(주) 제2공장,2026-01-26
350,(주)다우에프에스,충청남도 금산군 부리면 인삼약초공단로 6 외 1필지,041-750-0610,041-752-0615,식료품,"제과, 제빵",(주)다우에프에스,2026-01-26
351,농업회사법인 (주)건홍,"충청남도 금산군 부리면 창덕로 335-17, (창평리 308-4) 외 1필지",041-751-8812,,식료품,"홍삼액, 홍삼정과",농업회사법인 (주)건홍,2026-01-26
352,모두산업,충청남도 금산군 부리면 창평1길 10,,,비금속광물제품,"욕조,세면대",모두산업,2026-01-26
353,(주)뉴로스정밀,충청남도 금산군 부리면 창평로 346,041-750-9524,041-750-9501,기타기계 및 장비,터보기기부품,(주)뉴로스정밀,2026-01-26
354,(주)케이드론,"충청남도 금산군 부리면 창평로 346, (주)뉴로스정밀 2층",041-750-9522,041-750-9501,기타기계 및 장비,농업용드론,(주)케이드론,2026-01-26
355,금산홍삼사료,"충청남도 금산군 부리면 창평로 350, (창평리 455-6)",,,식료품,홍삼분말사료,금산홍삼사료,2026-01-26
356,MJO,충청남도 금산군 부리면 창평로 368,,,비금속광물제품,MJO게르마늄,MJO,2026-01-26
357,금산인삼협동조합 인삼종합처리장,충청남도 금산군 부리면 창평로 449 (금산인삼협동조합),041-753-3736,041-0753-3395,식료품,"홍삼류, 태극삼류",금산인삼협동조합 인삼종합처리장,2026-01-26
358,고려인삼엑스포공사,충청남도 금산군 부리면 창평로 558-12,041-750-9524,041-750-9501,식료품,홍삼액,고려인삼엑스포공사,2026-01-26
359,농업회사법인(주)금산아로니아,"충청남도 금산군 부리면 창평로 558-26, (선원리 263-7)",,,식료품,"아로니아 진액(파우치), 아로니아 농축액, 산야초효소, 아로니아홍삼(분말)",농업회사법인(주)금산아로니아,2026-01-26
360,썬스+D554:M554타,충청남도 금산군 부리면 창평리 148-2번지,,,전기장비,휴대용 가스렌지,썬스+D554:M554타,2026-01-26
361,합성하이텍,충청남도 금산군 부리면 창평리 443-2,,041-751-2511,금속가공제품;기계 및 가구제외,"정밀프레스금형, 프레스제품가공, jig제작",합성하이텍,2026-01-26
362,㈜신화,충청남도 금산군 부리면 창평리 443-5,041-753-1745,041-753-1749,전기장비,가스 부품,㈜신화,2026-01-26
363,경방신약(주),충청남도 금산군 부리면 창평리 855번지,041-751-5650,041-750-5654,의료용물질 및 의약품,"한방의약품, 건강기능식품",경방신약(주),2026-01-26
364,신금산영농조합법인,충청남도 금산군 제원면 검단길 70,041-754-3113,041-754-3432,식료품,쌀(미곡),신금산영농조합법인,2026-01-26
365,㈜에이블모터스,충청남도 금산군 제원면 구억리 203,031-365-4653,,자동차 및 트레일러,"적외선 온열 치료기, 전기차, 전기카트",㈜에이블모터스,2026-01-26
366,케이로텍(주),충청남도 금산군 제원면 군북로 261-45,041-750-4280,,고무제품 및 플라스틱제품,플라스틱 성형제품(PE부표 외),케이로텍(주),2026-01-26
367,(주)퓨텍(지점),충청남도 금산군 제원면 군북로 274 외 6필지 /,041-752-5715,041-752-5057,자동차 및 트레일러,알루미늄 휠,(주)퓨텍(지점),2026-01-26
368,산맥컴퍼니,충청남도 금산군 제원면 군북로 444-30 외 6필지,02-3280-0600,02-822-2299,비금속광물제품,콘크리트 맨홀(암거BOX),산맥컴퍼니,2026-01-26
369,(주)산맥글로벌,충청남도 금산군 제원면 군북로 444-32 외 2필지 / 제,02-3280-0600,02-822-2299,비금속광물제품,콘크리트 맨홀(암거BOX),(주)산맥글로벌,2026-01-26
370,한국타이어앤테크놀로지(주),충청남도 금산군 제원면 금강로 1 한국타이어 외 29필지,041-750-5451,,고무제품 및 플라스틱제품,타이어,한국타이어앤테크놀로지(주),2026-01-26
371,(주)두성농업,충청남도 금산군 제원면 송림길 166-25,041-450-8333,,식료품,건조고추,(주)두성농업,2026-01-26
372,(주)오토월드,충청남도 금산군 제원면 수당리 503-15번지 외 3필지,043-214-3800,041-751-2200,기타운송장비,드론,(주)오토월드,2026-01-26
373,(주)동진제약,충청남도 금산군 제원면 암질골길 23 외 7필지,041-751-9920,041-751-9921,식료품,"차류, 인삼식품, 한의약품",(주)동진제약,2026-01-26
374,금산홍삼명가,충청남도 금산군 제원면 인삼로 453 외 1필지,041-752-3321,041-752-1233,식료품,홍삼액,금산홍삼명가,2026-01-26
375,송원88홍삼,충청남도 금산군 제원면 재말길 39 (꿈),041-754-1527,0504-435-0498,식료품,인삼가공식품,송원88홍삼,2026-01-26
376,농업회사법인 (주)순하늘홍삼,충청남도 금산군 제원면 제원리 347-1,041-751-7003,,식료품,"홍삼액, 홍삼정",농업회사법인 (주)순하늘홍삼,2026-01-26
377,(주)한스팜,"충청남도 금산군 진산면 교촌1길 61, (교촌리 363-10) (세창제약)",041-751-8363,041-751-8364,식료품,"홍삼액, 홍삼혼합환",(주)한스팜,2026-01-26
378,(주)해동,충청남도 금산군 진산면 교촌리 251-3번지 외 10필지,042-543-9292,,식료품,김,(주)해동,2026-01-26
379,한국파낙스제조(주),충청남도 금산군 진산면 당디로 128 외 1필지,041-752-3486,,식료품,"홍삼정과, 절편, 홍삼차, 구증구포홍삼농축액",한국파낙스제조(주),2026-01-26
380,동방종합식품,충청남도 금산군 진산면 당디로 142 (해찬식품),041-753-6910,,가죽  가방 및 신발,순대,동방종합식품,2026-01-26
381,(주)에스아이월드,충청남도 금산군 진산면 당디로 21,041-754-0016,,고무제품 및 플라스틱제품,"플라스틱제품,합성데크제품",(주)에스아이월드,2026-01-26
382,대명물산(주),"충청남도 금산군 진산면 당디로 221, (묵산리 235) 외 4필지",041-754-9900,041-754-1866,화학물질 및 화학제품;의약품제외,방습제,대명물산(주),2026-01-26
383,농업회사법인 (주)금산우리홍삼,충청남도 금산군 진산면 대둔산로 253,041-754-2356,041-754-2358,식료품,"건강기능식품, 일반식품",농업회사법인 (주)금산우리홍삼,2026-01-26
384,대명산업,충청남도 금산군 진산면 대둔산로 599,,041-752-1754,금속가공제품;기계 및 가구제외,기계부품 가공,대명산업,2026-01-26
385,한길러버텍스(주),충청남도 금산군 진산면 두지리 139-1번지 외 1필지,,,화학물질 및 화학제품;의약품제외,고무 스펀지 블럭,한길러버텍스(주),2026-01-26
386,녹차원(주),충청남도 금산군 진산면 두지리 200-1번지,041-752-4363,,식료품,차류(녹차 등),녹차원(주),2026-01-26
387,주안아스콘(주),충청남도 금산군 진산면 막현리 286-1번지,041-754-1551,041-754-1554,비금속광물제품,아스콘,주안아스콘(주),2026-01-26
388,(주)대성,충청남도 금산군 진산면 막현리 288 번지,041-754-6991,,비금속광물제품,레미콘,(주)대성,2026-01-26
389,삼신고려홍삼(주),충청남도 금산군 진산면 만악길 25-8 (진산면),,,식료품,"홍삼차, 홍삼절편, 쌍화한차, 고려인삼뿌리드링크 등",삼신고려홍삼(주),2026-01-26
390,(주)아이멕스,충청남도 금산군 진산면 만악리 281번지,041-753-5511,,의료 정밀 광학기기 및 시계,X-RAY 기기,(주)아이멕스,2026-01-26
391,베리굿파머스협동조합,충청남도 금산군 진산면 만악리 456-3번지 외 3필지,,,식료품,"홍삼액, 홍삼정, 홍삼정과",베리굿파머스협동조합,2026-01-26
392,영농조합법인 더듬이,충청남도 금산군 진산면 만악리 494-2번지,,,식료품,식용곤충 액화식품,영농조합법인 더듬이,2026-01-26
393,(주)해섬,충청남도 금산군 진산면 목골길 4,,,식료품,육수,(주)해섬,2026-01-26
394,금산패드점착,충청남도 금산군 진산면 묵산리 243-4,,,섬유제품;의복제외,점착패드,금산패드점착,2026-01-26
395,(주)스노우볼인터내셔널,충청남도 금산군 진산면 실학로 347,,0303-3446-0300,기타제품,애완동물 용품,(주)스노우볼인터내셔널,2026-01-26
396,(주)천성산업개발,"충청남도 금산군 진산면 실학로 461, (막현리 286-8)",041-754-1551,,비금속광물제품,아스콘,(주)천성산업개발,2026-01-26
397,대주산업(주),충청남도 금산군 진산면 실학로 463 외 9필지,041-751-0005,041-752-0006,비금속광물제품,레미콘,대주산업(주),2026-01-26
398,예가,충청남도 금산군 진산면 실학로 535,041-753-9760,041-753-9761,금속가공제품;기계 및 가구제외,창호,예가,2026-01-26
399,벧엘금산육가공,충청남도 금산군 진산면 웡골길 10 외 2필지,041-751-4934,,식료품,돼지가공육,벧엘금산육가공,2026-01-26
400,주선산업(주),충청남도 금산군 진산면 웡골길 21,041-751-1165,041-751-1164,금속가공제품;기계 및 가구제외,금속제 창호 철판임가공,주선산업(주),2026-01-26
401,(주)성유산업,충청남도 금산군 진산면 웡골길 33,041-754-3015,041-754-3014,금속가공제품;기계 및 가구제외,알루미늄 판넬,(주)성유산업,2026-01-26
402,(주)대운엔지니어링,충청남도 금산군 진산면 웡골길 33 (성유산업),,,금속가공제품;기계 및 가구제외,건축물 판넬,(주)대운엔지니어링,2026-01-26
403,(주)태솔에프앤비,충청남도 금산군 진산면 을음실길 73,041-753-4841,041-753-4842,식료품,"양배추즙, 양파즙",(주)태솔에프앤비,2026-01-26
404,(주)대화바이오,충청남도 금산군 진산면 진산로 569 외 1필지,041-753-8871,041-751-4455,식료품,"홍삼, 홍삼식품, 빗젤 화장품",(주)대화바이오,2026-01-26
405,도담(주),충청남도 금산군 진산면 진산로 643 외 2필지,041-752-9500,041-753-9300,식료품,건강기능식품,도담(주),2026-01-26
406,대원건설,충청남도 금산군 진산면 진산로 782 외 1필지,,,1차금속,"철골BASE, 기둥, 보, 중도리",대원건설,2026-01-26
407,(주)미목산업,충청남도 금산군 진산면 창동길 63,041-753-7219,,목재 및 나무제품;가구제외,파티클보드,(주)미목산업,2026-01-26
408,사우스카트,충청남도 금산군 진산면 창동길 69,,,전기장비,"반사판, 반사판 보호용 가방",사우스카트,2026-01-26
409,(주)케이앤에이,충청남도 금산군 진산면 창동길 73,041-751-1590,,화학물질 및 화학제품;의약품제외,혼화제,(주)케이앤에이,2026-01-26
410,(주)지에스그린테크,충청남도 금산군 진산면 태고사로 107,041-751-6310,,화학물질 및 화학제품;의약품제외,펠릿(플라스틱),(주)지에스그린테크,2026-01-26
411,농업회사법인 홍주코리아(주) 지점,충청남도 금산군 진산면 태고사로 145,041-751-3788,,음료,인삼주,농업회사법인 홍주코리아(주) 지점,2026-01-26
412,더유,충청남도 금산군 진산면 태고사로 199,,,목재 및 나무제품;가구제외,목재체험교구,더유,2026-01-26
413,삼천리활성탄소(주),충청남도 금산군 진산면 태고사로 271,041-753-1232,041-753-6322,화학물질 및 화학제품;의약품제외,활성탄,삼천리활성탄소(주),2026-01-26
414,(주)우광에너지개발,충청남도 금산군 진산면 태고사로 271 ((주)에이스메탈),,,기타기계 및 장비,농업용기계,(주)우광에너지개발,2026-01-26
415,(주)수아,충청남도 금산군 진산면 태고사로 61-34,042-935-5020,,금속가공제품;기계 및 가구제외,고정밀 열감지 화약퓨즈,(주)수아,2026-01-26
416,(주)비아트,충청남도 금산군 진산면 하막현길 1,041-752-1256,041-752-1244,가구,"목재가구, 철재가구",(주)비아트,2026-01-26
417,부경이엔지,충청남도 금산군 진산면 화엄로 541,,,전기장비,"배전반, 유압펌프, 모터펌프, 탭/밸브, 모터 감속기, 컨베이어, 크레인",부경이엔지,2026-01-26
418,(주)앨비 충남공장,"충청남도 금산군 진산면 화엄로 541, 101호",1566-4581,043-881-1278,기타기계 및 장비,전동 농기계 및 농업용 전동 오토바이,(주)앨비 충남공장,2026-01-26
419,(주)신도공조,충청남도 금산군 진산면 화엄로 543,041-753-8541,,기타기계 및 장비,산업용 송풍기 및 배기장치,(주)신도공조,2026-01-26
420,경기광업(주),충청남도 금산군 진산면 휴양림로 2224,041-753-4141,041-753-4142,비금속광물제품,석회석분,경기광업(주),2026-01-26
421,인디언,충청남도 금산군 진산면 휴양림로 2501,041-754-6911,042-222-3977,섬유제품;의복제외,타월,인디언,2026-01-26
422,(주)호성실업,충청남도 금산군 추부면 334-6번지,042-524-0406,,섬유제품;의복제외,견및인조섬유,(주)호성실업,2026-01-26
423,(주)금산인삼골,충청남도 금산군 추부면 개덕사길 70,041-752-2882,,음료,탄산음료제조,(주)금산인삼골,2026-01-26
424,양표서진산업(주),충청남도 금산군 추부면 군북로 1101 (양표서진산업㈜),041-753-6612,041-753-7234,화학물질 및 화학제품;의약품제외,"워셔액, 부동액",양표서진산업(주),2026-01-26
425,(주)하이스크린,충청남도 금산군 추부면 군북로 1104,041-753-5190,041-753-5192,금속가공제품;기계 및 가구제외,알루미늄 방충망,(주)하이스크린,2026-01-26
426,의성산업(주),충청남도 금산군 추부면 군북로 1122,041-751-3080,041-751-3083,인쇄 및 기록매체복제업    ,"포장지, 인쇄 비닐",의성산업(주),2026-01-26
427,서우산업(주),충청남도 금산군 추부면 군북로 1145 외 1필지,041-751-2407,041-751-2408,가구,"식탁, 의자, 걸상, 이동식 스툴테이블",서우산업(주),2026-01-26
428,(주)메딕프로코리아,충청남도 금산군 추부면 군북로 1178-17,041-751-9387,,의료 정밀 광학기기 및 시계,수액세트,(주)메딕프로코리아,2026-01-26
429,(주)범우산업기계,"충청남도 금산군 추부면 군북로 1178-23, (서대리 190-6) (범우기계) 외 6필지",041-752-9877,041-751-9877,금속가공제품;기계 및 가구제외,건축용 철구조물,(주)범우산업기계,2026-01-26
430,라이프플러스,충청남도 금산군 추부면 군북로 1178-3,041-753-6875,041-753-6875,고무제품 및 플라스틱제품,"플라스틱 서랍장, 식품용기, 유아용품",라이프플러스,2026-01-26
431,대원스틸(주),충청남도 금산군 추부면 군북로 1178-9 (추부면),041-751-7745,041-751-7746,금속가공제품;기계 및 가구제외,건축자재부속,대원스틸(주),2026-01-26
432,명조산업,충청남도 금산군 추부면 군북로 1233-10 외 1필지,041-753-2744,,고무제품 및 플라스틱제품,하수관 연결재,명조산업,2026-01-26
433,성은타올,"충청남도 금산군 추부면 군북로 1233-3, (서대리 599)",,,섬유제품;의복제외,타올,성은타올,2026-01-26
434,현영마스카,충청남도 금산군 추부면 군북로 1236 (공장),041-754-5421,,고무제품 및 플라스틱제품,폐인트카바용.마스카,현영마스카,2026-01-26
435,(주)다주,충청남도 금산군 추부면 군북로 1290,,,비금속광물제품,미끄럼 방지 포장재,(주)다주,2026-01-26
436,명가에프씨,충청남도 금산군 추부면 군북로 1290,041-751-0440,,식료품,"떡,빵,냉면",명가에프씨,2026-01-26
437,(주)사조오양 금산공장,충청남도 금산군 추부면 군북로 1294 (추부면),041-753-6513,041-753-6515,식료품,"맛살, 맛살전, 해물땡, 축육땡, 만두",(주)사조오양 금산공장,2026-01-26
438,한국그린테크,"충청남도 금산군 추부면 군북로 1295, 주2동",041-751-9131,,의료 정밀 광학기기 및 시계,"콘트롤박스, 가축사료첨가제(미생물배양액), 미생물 배양기, 안개분무 시스템",한국그린테크,2026-01-26
439,서대고무,"충청남도 금산군 추부면 군북로 1299, 9서대리 5000",,,고무제품 및 플라스틱제품,고무시트,서대고무,2026-01-26
440,동양테크,충청남도 금산군 추부면 군북로 1322-35,,,금속가공제품;기계 및 가구제외,주방용싱크대,동양테크,2026-01-26
441,(주)팜솔루션,충청남도 금산군 추부면 군북로 1322-41,070-4758-8792,,기타기계 및 장비,농업용 수동식 분무기,(주)팜솔루션,2026-01-26
442,경동화학(주),"충청남도 금산군 추부면 군북로 1322-45, 외4",041-753-7685,,고무제품 및 플라스틱제품,특수비닐류,경동화학(주),2026-01-26
443,(주)피디텍 수도중부권공장,충청남도 금산군 추부면 군북로 1322-6,"061-761-0172, 041-751-5514","061-761-0174, 041-751-5534",금속가공제품;기계 및 가구제외,금속골조구조재,(주)피디텍 수도중부권공장,2026-01-26
444,(주)테크플로,"충청남도 금산군 추부면 군북로 1354-34, 주2동",041-554-7750,041-568-4664,금속가공제품;기계 및 가구제외,마루틀 하부부품,(주)테크플로,2026-01-26
445,중부개발(주),충청남도 금산군 추부면 금산로 2278 (금산아스콘),,041-0753-6983,비금속광물제품,아스팔트제품,중부개발(주),2026-01-26
446,금산환경재생산업(주),충청남도 금산군 추부면 금산로 2278 (금산아스콘),041-753-6981,041-753-6983,비금속광물제품,아스콘,금산환경재생산업(주),2026-01-26
447,(주)선진,충청남도 금산군 추부면 금산로 2278 외 4필지,041-754-3104,041-753-7922,비금속광물제품,레미콘,(주)선진,2026-01-26
448,태림산업건설(주),충청남도 금산군 추부면 금산로 2290 외 1필지,041-751-4330,041-751-4335,금속가공제품;기계 및 가구제외,조립 구조재,태림산업건설(주),2026-01-26
449,(주)태건에스텍,충청남도 금산군 추부면 금산로 2292,041-751-4330,,금속가공제품;기계 및 가구제외,스틸폼,(주)태건에스텍,2026-01-26
450,한우리섬유(주),충청남도 금산군 추부면 금산로 2343,041-753-6921,041-0753-6925,화학물질 및 화학제품;의약품제외,재생면,한우리섬유(주),2026-01-26
451,일광스틸,"충청남도 금산군 추부면 금산로 2345, (추정리 504-3)",,,금속가공제품;기계 및 가구제외,금속지붕재,일광스틸,2026-01-26
452,일구스틸,충청남도 금산군 추부면 금산로 2349 외 2필지,,,금속가공제품;기계 및 가구제외,지붕재덮개,일구스틸,2026-01-26
453,세일스틸산업,충청남도 금산군 추부면 금산로 2388-5 (세일스틸산업),041-753-3160,041-754-3118,금속가공제품;기계 및 가구제외,스틸그레이팅,세일스틸산업,2026-01-26
454,(주)세원,충청남도 금산군 추부면 금산로 2419,,,식료품,단미사료,(주)세원,2026-01-26
455,(주)제일이엔지,"충청남도 금산군 추부면 금산로 2423-10, (추정리 271-3)",041-751-4077,041-751-4078,금속가공제품;기계 및 가구제외,"주방기구, 구조금속, 기계제작 및 가공",(주)제일이엔지,2026-01-26
456,세양테크,"충청남도 금산군 추부면 금산로 2423-10, (추정리 271-3) (세양테크)",041-754-8355,,기타기계 및 장비,계란선별기,세양테크,2026-01-26
457,(주)리튬플러스,충청남도 금산군 추부면 금산로 2423-16 (리켐(주)) 외 14필지,041-751-9901,041-751-9902,화학물질 및 화학제품;의약품제외,이차전지 소재,(주)리튬플러스,2026-01-26
458,세운시스템,충청남도 금산군 추부면 금산로 2423-2,,041-751-8860,의료 정밀 광학기기 및 시계,"수위조절기, 배전함",세운시스템,2026-01-26
459,세운엔지니어링,충청남도 금산군 추부면 금산로 2423-2 외 1필지,041-751-8850,041-751-8860,금속가공제품;기계 및 가구제외,지하수관정웰캡일체형,세운엔지니어링,2026-01-26
460,청일식품 농업회사법인(주),충청남도 금산군 추부면 금산로 2423-9 외 3필지,041-753-3444,,식료품,동식물성 유지,청일식품 농업회사법인(주),2026-01-26
461,(주)금창모노레일,충청남도 금산군 추부면 금산로 2453,041-751-8790,050-5365-6284,기타기계 및 장비,모노레일,(주)금창모노레일,2026-01-26
462,대명산업,충청남도 금산군 추부면 금산로 2453 (운통목업㈜),,,전기장비,전구,대명산업,2026-01-26
463,행복한쉼터,충청남도 금산군 추부면 금산로 2728,041-751-9603,,기타제품,"정자, 파고라, 벤치",행복한쉼터,2026-01-26
464,(주)대림이엔지,충청남도 금산군 추부면 남산길 57-12,041-751-2051,041-751-2011,기타기계 및 장비,형강,(주)대림이엔지,2026-01-26
465,(주)쏠라에스티,충청남도 금산군 추부면 남산길 57-28,041-752-2298,,기타기계 및 장비,"펄린,거더,C형강",(주)쏠라에스티,2026-01-26
466,(주)협신기업,충청남도 금산군 추부면 다복로 581,041-753-8295,041-753-0724,고무제품 및 플라스틱제품,"하수분리벽,함지박",(주)협신기업,2026-01-26
467,동서위생(주),충청남도 금산군 추부면 다복로 594 (동서위생㈜),041-753-7431,041-0753-7433,섬유제품;의복제외,화장솜,동서위생(주),2026-01-26
468,일신수지,충청남도 금산군 추부면 다복로 600 외 1필지,,,인쇄 및 기록매체복제업    ,인쇄용 감광수지 제판,일신수지,2026-01-26
469,천상건설(합),충청남도 금산군 추부면 다복로 600 외 1필지,,,비금속광물제품,도로 미끄럼 방지 포장제,천상건설(합),2026-01-26
470,(주)코스모산전,충청남도 금산군 추부면 다복로 600-22,041-751-0713,041-751-0712,전기장비,"전기 부스덕트, 발전기, 전기장비, 수배전반, 자동제어반, 파라솔, 우산 빗물받이, 보건용 마스크, 전광판",(주)코스모산전,2026-01-26
471,(주)정림이피,충청남도 금산군 추부면 다복로 600-36 ,041-752-5027,,금속가공제품;기계 및 가구제외,"전해연마 처리된 기계,장비부품",(주)정림이피,2026-01-26
472,(주)주영기업,충청남도 금산군 추부면 다복로 600-37 ,041-751-4455,,고무제품 및 플라스틱제품,폴리에틸렌 필름(PE FILM),(주)주영기업,2026-01-26
473,대륙체육산업,충청남도 금산군 추부면 다복로 600-38,041-752-5176,041-752-5177,기타제품,"놀이시설, 체육시설",대륙체육산업,2026-01-26
474,우용산업,충청남도 금산군 추부면 다복로 600-40,,041-753-2876,기타기계 및 장비,선박부품생산용 목형,우용산업,2026-01-26
475,(주)대양이엔씨,충청남도 금산군 추부면 다복로 600-7,042-628-8301,042-628-8304,의료 정밀 광학기기 및 시계,"프로세스 제어반, 배전반 및 자동제어반, 태양광 발전장치",(주)대양이엔씨,2026-01-26
476,(주)한일전선,충청남도 금산군 추부면 다복로 620,041-751-8586,,전기장비,"절연전선, 케이블",(주)한일전선,2026-01-26
477,(주)화신코리아비젼,충청남도 금산군 추부면 다복로 620,041-753-7136,041-0753-7138,의료 정밀 광학기기 및 시계,안경렌즈,(주)화신코리아비젼,2026-01-26
478,(주)금풍제과,"충청남도 금산군 추부면 다복로 646, (마전리 795) 외 6필지",041-753-9916,041-753-9917,식료품,"건빵, 스낵과자",(주)금풍제과,2026-01-26
479,웰돈산업,충청남도 금산군 추부면 다복로 652,,,기타기계 및 장비,송풍기.급이기,웰돈산업,2026-01-26
480,(주)보문피앤에프,충청남도 금산군 추부면 다복로 655-9 (㈜보문피엔에프),041-754-7500,,식료품,의약품.홍삼액,(주)보문피앤에프,2026-01-26
481,효원엔지니어링,"충청남도 금산군 추부면 다복로 721-5, (마전리 784번지)",042-670-6900,,금속가공제품;기계 및 가구제외,가공공작기계,효원엔지니어링,2026-01-26
482,중부대학교 산학협력단,충청남도 금산군 추부면 대학로 201,041-750-6314,041-750-6313,식료품,"인삼, 홍삼제품",중부대학교 산학협력단,2026-01-26
483,고려인삼1541,"충청남도 금산군 추부면 대학로 201, 416, 417호(중부대학교 창업보육센터)",,,식료품,인삼 가공식품,고려인삼1541,2026-01-26
484,(주)엔오엔,"충청남도 금산군 추부면 대학로 201, 경복관 1, 2층",041-752-4147,041-752-4146,화학물질 및 화학제품;의약품제외,"살균, 탈취 제품",(주)엔오엔,2026-01-26
485,(주)성우레미콘,충청남도 금산군 추부면 대학로 251 (추부면),041-753-8910,041-753-8914,비금속광물제품,레미콘,(주)성우레미콘,2026-01-26
486,효성하나로(주),충청남도 금산군 추부면 동당말길 13,041-752-9955,,1차금속,프라이팬,효성하나로(주),2026-01-26
487,신진철강,충청남도 금산군 추부면 동당말길 28 (동아산업),,,금속가공제품;기계 및 가구제외,맨홀뚜껑,신진철강,2026-01-26
488,(주)삼오,충청남도 금산군 추부면 동면길 46 외 2필지,,042-226-8940,가구,"가구, 철재의자",(주)삼오,2026-01-26
489,(주)세일유프리저,충청남도 금산군 추부면 마음동길 10 (추부면),041-754-0630,041-754-0632,기타기계 및 장비,초저온냉동고.동결진공건조기,(주)세일유프리저,2026-01-26
490,한일에스티씨,충청남도 금산군 추부면 마음동길 19,041-754-1022,041-754-1023,기타기계 및 장비,농업용 분무기,한일에스티씨,2026-01-26
491,대신기계공업,충청남도 금산군 추부면 마음동길 2,,,금속가공제품;기계 및 가구제외,건설중장비 마모성보강대,대신기계공업,2026-01-26
492,이엔아이테크,충청남도 금산군 추부면 마음동길 2 외 1필지,041-752-0845,041-752-0846,기타기계 및 장비,"방재교육용소화기,그리스트랩정화장치",이엔아이테크,2026-01-26
493,영남상회,충청남도 금산군 추부면 마음동길 8,041-753-6934,,목재 및 나무제품;가구제외,"돗자리, 매트",영남상회,2026-01-26
494,장미타올,충청남도 금산군 추부면 마음동길 8,,,섬유제품;의복제외,타올,장미타올,2026-01-26
495,대광식품,충청남도 금산군 추부면 마전리 477-3번지,,,식료품,"홍삼, 홍삼액",대광식품,2026-01-26
496,(주)흥암,충청남도 금산군 추부면 마전리 65-3 번지,,,섬유제품;의복제외,섬유실합성업,(주)흥암,2026-01-26
497,네이처 허브,충청남도 금산군 추부면 마전리 765 403호(중부대학교 산학협력관 창업보육센터),041-751-7321,041-751-7322,식료품,인삼식품,네이처 허브,2026-01-26
498,농업회사법인 (주)굿파머,충청남도 금산군 추부면 마전리 765 중부대학교 산학협력관 창업보육센터 409호,02-588-0520,0504-219-4951,식료품,농산물 베이커리,농업회사법인 (주)굿파머,2026-01-26
499,한국금산인삼(주),충청남도 금산군 추부면 마전리 775 번지,,,식료품,홍삼액.홍삼정과,한국금산인삼(주),2026-01-26
500,(주)대성테크놀러지,충청남도 금산군 추부면 마전리 838-6번지 외 6필지,,041-450-7080,전자부품 컴퓨터 영상 음향 및 통신장비,카트리지토너,(주)대성테크놀러지,2026-01-26
501,(주)비티진,충청남도 금산군 추부면 마전리 산 2-15 번지 중부대 산학협력관102호,041-753-5092,,식료품,인삼식품,(주)비티진,2026-01-26
502,중부대학교,충청남도 금산군 추부면 마전리 산 2-25 번지 산학협력관101호,041-750-6312,,화학물질 및 화학제품;의약품제외,화장품,중부대학교,2026-01-26
503,중부대학교,충청남도 금산군 추부면 마전리 산 2-25번지,041-750-6312,,식료품,홍삼가공식품,중부대학교,2026-01-26
504,타이탄캠프,충청남도 금산군 추부면 못골로 263,,,자동차 및 트레일러,"개조 캠핑카, 캠핑용 트레일러",타이탄캠프,2026-01-26
505,서은플랜트기술(주),충청남도 금산군 추부면 못골로 283,041-751-5282,,금속가공제품;기계 및 가구제외,금속탱크 외,서은플랜트기술(주),2026-01-26
506,미래 21,충청남도 금산군 추부면 못골로 30,,,금속가공제품;기계 및 가구제외,"여과, 정제기, 식품기계",미래 21,2026-01-26
507,남주건설(주),"충청남도 금산군 추부면 못골로 31, 2층 202호",041-751-6128,041-751-6127,비금속광물제품,"미끄럼방지 포장재, 도막형바닥재",남주건설(주),2026-01-26
508,(주)케이티케이스,충청남도 금산군 추부면 문화마을로 32 (일성특수지㈜),042-531-6770,042-531-6770,가죽  가방 및 신발,안경집,(주)케이티케이스,2026-01-26
509,(주)디엠디,"충청남도 금산군 추부면 문화마을로 36, (추정리 190)",,,고무제품 및 플라스틱제품,안경집,(주)디엠디,2026-01-26
510,추부홍삼,충청남도 금산군 추부면 미삭길 10 (합동화물),,,식료품,홍삼,추부홍삼,2026-01-26
511,(주)광성화학,충청남도 금산군 추부면 미삭길 20 외 1필지,041-752-6000,0303-3130-6001,비금속광물제품,중질탄산칼슘,(주)광성화학,2026-01-26
512,(주)화인시스템,충청남도 금산군 추부면 분턱골길 19,041-753-9888,041-751-5827,1차금속,"수도관련제품, 밸브",(주)화인시스템,2026-01-26
513,썬드림에너지(주),충청남도 금산군 추부면 분턱골길 31,042-343-5577,,전기장비,태양광 발전장치(접속반),썬드림에너지(주),2026-01-26
514,(주)삼성에스엠테크,충청남도 금산군 추부면 분턱골길 33,041-751-5638,,금속가공제품;기계 및 가구제외,태양광발전장치(구조물),(주)삼성에스엠테크,2026-01-26
515,(주)삼기산업,충청남도 금산군 추부면 분턱골길 36 (예주금속),042-525-4283,,금속가공제품;기계 및 가구제외,"조립식판넬, 강구조물",(주)삼기산업,2026-01-26
516,(주)대보스틸,충청남도 금산군 추부면 분턱골길 40,041-754-6466,,1차금속,주물 기계 부품,(주)대보스틸,2026-01-26
517,삼기공영,충청남도 금산군 추부면 분턱골길 40 (㈜대보스틸),042-525-4283,,금속가공제품;기계 및 가구제외,"조립식판넬, 강구조물",삼기공영,2026-01-26
518,주양산업,충청남도 금산군 추부면 분턱골길 46,,041-753-7437,1차금속,알루미늄 괴,주양산업,2026-01-26
519,홍원바이오아그로,충청남도 금산군 추부면 비례리 156-3,,,식료품,동물보조사료(생균제),홍원바이오아그로,2026-01-26
520,동일정밀,충청남도 금산군 추부면 비례리 217-3번지 외 1필지,,,금속가공제품;기계 및 가구제외,황동절삭제품(노즐 등),동일정밀,2026-01-26
521,(주)삼성알미늄,충청남도 금산군 추부면 비례리 297 외 1필지,041-754-7750,041-754-3350,펄프 종이 및 종이제품,"쿠킹호일, 알루미늄 용기, 물티슈, 종이호일, 종이접시, 가정용 렙",(주)삼성알미늄,2026-01-26
522,창신하우징,충청남도 금산군 추부면 비례리 71-2번지 ,042-284-0306,,금속가공제품;기계 및 가구제외,금속지붕재,창신하우징,2026-01-26
523,(주)휴즈,"충청남도 금산군 추부면 삽재길 84, (추정리 15번지)",,,기타제품,"야구배트, 나무상자",(주)휴즈,2026-01-26
524,(주)엠에스,충청남도 금산군 추부면 서대동기1길 73,041-752-9734,041-752-9735,화학물질 및 화학제품;의약품제외,페인트 희석제,(주)엠에스,2026-01-26
525,(주)한밭식품,충청남도 금산군 추부면 서대동기길 16,041-754-0237,041-754-0239,식료품,"당면, 냉면",(주)한밭식품,2026-01-26
526,태성기업(주),충청남도 금산군 추부면 서대동기길 30,041-752-0872,041-754-0076,금속가공제품;기계 및 가구제외,철스크랩 가공(압축),태성기업(주),2026-01-26
527,광덕제약(주),"충청남도 금산군 추부면 서대동기길 4, (서대리 491-1) (추부면) 외 3필지",041-751-8238,041-751-8236,의료용물질 및 의약품,한약제,광덕제약(주),2026-01-26
528,(주)대주지오텍,충청남도 금산군 추부면 서대동기길 41,,,섬유제품;의복제외,"펠트,부직포",(주)대주지오텍,2026-01-26
529,(주)하나금속,충청남도 금산군 추부면 서대동기길 45 (㈜하나금속),041-753-8530,,1차금속,가스렌지혼합관.로스팬,(주)하나금속,2026-01-26
530,하나금속,충청남도 금산군 추부면 서대동기길 45 (㈜하나금속),041-753-8350,041-0753-8351,목재 및 나무제품;가구제외,"혼합판, 로스팬",하나금속,2026-01-26
531,국보금속(주),"충청남도 금산군 추부면 서대동기길 45, (서대리 458-18외 1) (㈜하나금속)",041-754-1347,,1차금속,비철금속등,국보금속(주),2026-01-26
532,우리농산기계,충청남도 금산군 추부면 서대동기길 75 (㈜경진),,,기타기계 및 장비,곡물가공기계,우리농산기계,2026-01-26
533,세진산업,충청남도 금산군 추부면 서대리 176-1 번지,,,화학물질 및 화학제품;의약품제외,소부코트.에나멜라카.우레탄신나,세진산업,2026-01-26
534,청명타올,충청남도 금산군 추부면 서대리 446,,,섬유제품;의복제외,타올,청명타올,2026-01-26
535,서원산업,충청남도 금산군 추부면 서대리 488-2번지 외 1필지,,,고무제품 및 플라스틱제품,비닐제품(포장용),서원산업,2026-01-26
536,(주)태일석재,충청남도 금산군 추부면 서대리 570번지,,,비금속광물제품,성형가공석재,(주)태일석재,2026-01-26
537,경동화학(주),충청남도 금산군 추부면 서대리 845번지,041-753-7685,041-0753-7687,고무제품 및 플라스틱제품,PE비료포장지,경동화학(주),2026-01-26
538,대영산업,충청남도 금산군 추부면 서대리 95-5번지,,,전기장비,전구,대영산업,2026-01-26
539,대흥목재,충청남도 금산군 추부면 서대산로 162-1 외 2필지,,,목재 및 나무제품;가구제외,인삼지주목,대흥목재,2026-01-26
540,두리화장품(주)물류센터지점,충청남도 금산군 추부면 서대산로 163,041-754-5421,,고무제품 및 플라스틱제품,플라스틱 용기,두리화장품(주)물류센터지점,2026-01-26
541,단우,충청남도 금산군 추부면 서대산로 171,,,비금속광물제품,인조 대리석 절단 가공제품,단우,2026-01-26
542,금강대리석,충청남도 금산군 추부면 서대산로 171 외 2필지,,,가구,주방용 가구(씽크대),금강대리석,2026-01-26
543,(주)고구려식품,충청남도 금산군 추부면 서대산로 180,041-753-6311,041-753-6314,식료품,돈육,(주)고구려식품,2026-01-26
544,신신포장산업(주),"충청남도 금산군 추부면 서대산로 191, (비례리 218-3) ",041-754-2471~2,041-754-2473,펄프 종이 및 종이제품,종이상자,신신포장산업(주),2026-01-26
545,(주)세안타올,충청남도 금산군 추부면 서대산로 196-26,,,섬유제품;의복제외,타올,(주)세안타올,2026-01-26
546,(주)엘에스에스,충청남도 금산군 추부면 서대산로 196-26,070-4142-9170,,식료품,식품첨가제,(주)엘에스에스,2026-01-26
547,부자테크,충청남도 금산군 추부면 서대산로 202,,,기타기계 및 장비,커피원두 로스팅기,부자테크,2026-01-26
548,(주)우원,충청남도 금산군 추부면 서대산로 215,041-754-2966,070-7966-1242,목재 및 나무제품;가구제외,목재창호,(주)우원,2026-01-26
549,농업회사법인 (주)송원,충청남도 금산군 추부면 서대산로 215,041-754-4989,,식료품,홍삼,농업회사법인 (주)송원,2026-01-26
550,(주)현대페이퍼,충청남도 금산군 추부면 서대산로 232,041-751-2508,041-751-2508,펄프 종이 및 종이제품,화장지,(주)현대페이퍼,2026-01-26
551,탑블럭,충청남도 금산군 추부면 서대산로 453-18,,041-753-0047,비금속광물제품,보강토 옹벽 콘크리트 블럭,탑블럭,2026-01-26
552,(주)케이아이테크놀로지,충청남도 금산군 추부면 서대산로 453-6 외 2필지,041-751-6622,,고무제품 및 플라스틱제품,PP하우스 고정클립,(주)케이아이테크놀로지,2026-01-26
553,(주)태광방화방음문,충청남도 금산군 추부면 서대산로 471 외 1필지,041-753-8561,,금속가공제품;기계 및 가구제외,"방화문, 방음문",(주)태광방화방음문,2026-01-26
554,(주)한빛라이팅,충청남도 금산군 추부면 서대산로 493-25,042-522-3477,042-522-3476,금속가공제품;기계 및 가구제외,금속구조물,(주)한빛라이팅,2026-01-26
555,(주)대성레미콘,충청남도 금산군 추부면 서대산로 493-49,041-754-7182,,비금속광물제품,레미콘,(주)대성레미콘,2026-01-26
556,세종아스콘(주),"충청남도 금산군 추부면 서대산로 493-51, (신평리 890)",041-754-9847,041-754-9848,비금속광물제품,아스콘,세종아스콘(주),2026-01-26
557,대신가구공업사,충청남도 금산군 추부면 서대산로 524 (대신가구공업사),041-753-0607,041-0753-9607,목재 및 나무제품;가구제외,"가구, 가정용목제품",대신가구공업사,2026-01-26
558,(주)셀텍,충청남도 금산군 추부면 서대산로 544-14,041-753-4530,041-753-8827,금속가공제품;기계 및 가구제외,"미생물배양기, 산업기계, 농축기, 추출기",(주)셀텍,2026-01-26
559,(주)제이엔씨,충청남도 금산군 추부면 서대산로 544-14,041-753-4530,041-753-8827,의료 정밀 광학기기 및 시계,"미생물 배양기, 추출기, 반응기, 농축기",(주)제이엔씨,2026-01-26
560,중부광림특장차,충청남도 금산군 추부면 서대산로 562-2,,,자동차 및 트레일러,"레미콘 방통, 하드탑",중부광림특장차,2026-01-26
561,타이알,충청남도 금산군 추부면 서대산로 636-31,041-753-0017,,금속가공제품;기계 및 가구제외,충격흡수대,타이알,2026-01-26
562,(주)선아이디,"충청남도 금산군 추부면 서대산로 647, (성당리 771) (유정타올)",,,가구,목재가구,(주)선아이디,2026-01-26
563,(주)태미분체,충청남도 금산군 추부면 서대수통길 5,041-751-3589,041-751-3581,금속가공제품;기계 및 가구제외,분체도장,(주)태미분체,2026-01-26
564,대산모델,충청남도 금산군 추부면 성당로 19,041-754-7805,041-754-7807,기타기계 및 장비,자동차 검사 기계,대산모델,2026-01-26
565,(주)엔비아그로,"충청남도 금산군 추부면 숭암로 117, (장대리 468)",041-754-1015,041-754-1017,화학물질 및 화학제품;의약품제외,유기농업자재,(주)엔비아그로,2026-01-26
566,(주)삼원포장산업,충청남도 금산군 추부면 숭암로 133,041-752-0700,,펄프 종이 및 종이제품,골판지 상자,(주)삼원포장산업,2026-01-26
567,(주)뉴트렉스테크놀러지,충청남도 금산군 추부면 숭암로 135 외 1필지,070-8620-2944,041-753-2245,식료품,"인삼제품, 홍삼제품 등",(주)뉴트렉스테크놀러지,2026-01-26
568,미향산업,충청남도 금산군 추부면 승무재로 122,041-753-4476,,금속가공제품;기계 및 가구제외,주방용 씽크대,미향산업,2026-01-26
569,금호스틸방화문,"충청남도 금산군 추부면 승무재로 51, 59",042-634-2257,042-634-2257,금속가공제품;기계 및 가구제외,방화방음문,금호스틸방화문,2026-01-26
570,진성트레일러,충청남도 금산군 추부면 승무재로 58,041-753-9976,041-753-9978,기타기계 및 장비,농업용 콤바인 트레일러,진성트레일러,2026-01-26
571,(주)하이노바이엔지,충청남도 금산군 추부면 승무재로 68,041-753-4553,041-753-3451,자동차 및 트레일러,자동차 부품,(주)하이노바이엔지,2026-01-26
572,삼천상사,"충청남도 금산군 추부면 승무재로 78, (성당리 553-1)",041-752-0033,,고무제품 및 플라스틱제품,플라스틱 병마개,삼천상사,2026-01-26
573,(주)코스모산전,"충청남도 금산군 추부면 신평공단1로 10, (신평리 1005번지) (에스엔에이(주))",042-638-3436,,전기장비,부스덕트,(주)코스모산전,2026-01-26
574,금산산업,충청남도 금산군 추부면 신평공단1로 100,070-4116-7187,,전기장비,"배전반, 태양광 반전장치, CCTV 등",금산산업,2026-01-26
575,(주)서울전업공사,"충청남도 금산군 추부면 신평공단1로 100, (신평리 1000번지)",041-751-4479,070-4118-7187,전기장비,"태양광광모듈, 교통신호기",(주)서울전업공사,2026-01-26
576,(주)이엑스쏠라,"충청남도 금산군 추부면 신평공단1로 100, (신평리 1000번지)",070-4038-7187,070-4149-7187,전기장비,"태양광발전장치,CCTV,LED조명, 영상감시장치",(주)이엑스쏠라,2026-01-26
577,(주)한밭,충청남도 금산군 추부면 신평공단1로 104,041-753-7548,041-753-9548,목재 및 나무제품;가구제외,당구용품(큐),(주)한밭,2026-01-26
578,(주)빅토,"충청남도 금산군 추부면 신평공단1로 107, (신평리 1002) (㈜EDMI)",041-751-9599,,금속가공제품;기계 및 가구제외,지붕재,(주)빅토,2026-01-26
579,에스디(주),"충청남도 금산군 추부면 신평공단1로 109, (신평리 1003-1) ",041-752-6864,041-752-6863,자동차 및 트레일러,자동차부품 금속단자,에스디(주),2026-01-26
580,(주)벤플러스,충청남도 금산군 추부면 신평공단1로 114,041-753-5941,041-753-5943,화학물질 및 화학제품;의약품제외,"폴리에스터 폴리올, 폴리올 시스템",(주)벤플러스,2026-01-26
581,(주)대덕바이오,충청남도 금산군 추부면 신평공단1로 114,041-752-1871,,식료품,인삼제품,(주)대덕바이오,2026-01-26
582,제이앤에스산업,충청남도 금산군 추부면 신평공단1로 115,,,고무제품 및 플라스틱제품,건축자재,제이앤에스산업,2026-01-26
583,제이에스산업,충청남도 금산군 추부면 신평공단1로 115,041-752-1002,,고무제품 및 플라스틱제품,플라스틱성형제품,제이에스산업,2026-01-26
584,㈜신우코퍼레이션,충청남도 금산군 추부면 신평공단1로 120,041-926-9977,041-926-9988,식료품,"야관문 농축액, 홍삼 농축액",㈜신우코퍼레이션,2026-01-26
585,지앤씨테크(주),충청남도 금산군 추부면 신평공단1로 120,041-754-0072,,전기장비,"태양광응용제품, LED제품",지앤씨테크(주),2026-01-26
586,(주)팩앤팩,"충청남도 금산군 추부면 신평공단1로 124, (신평리 1004) (㈜세창실업)",041-751-1470,041-751-3758,고무제품 및 플라스틱제품,플라스틱성형용기,(주)팩앤팩,2026-01-26
587,(주)인우에스앤에스,충청남도 금산군 추부면 신평공단1로 129,041-752-1029,041-752-1049,기타기계 및 장비,선박용 주방기구등,(주)인우에스앤에스,2026-01-26
588,주식회사 인우에코본,"충청남도 금산군 추부면 신평공단1로 129, 1층",041-752-1029,,기타기계 및 장비,"난방기기, 인덕션(전기)보일러",주식회사 인우에코본,2026-01-26
589,제이엠,충청남도 금산군 추부면 신평공단1로 13,,043-731-0702,자동차 및 트레일러,캠핑카,제이엠,2026-01-26
590,주식회사 그리고바이오,충청남도 금산군 추부면 신평공단1로 13,041-751-5810,041-751-5880,섬유제품;의복제외,천연자연분해 멀칭재,주식회사 그리고바이오,2026-01-26
591,한국터보기술 주식회사,충청남도 금산군 추부면 신평공단1로 13,042-670-3700,,기타기계 및 장비,산업용 송풍기,한국터보기술 주식회사,2026-01-26
592,(주)유성화연테크2,충청남도 금산군 추부면 신평공단1로 14,041-751-6870,,화학물질 및 화학제품;의약품제외,계면활성제,(주)유성화연테크2,2026-01-26
593,(주)세양,"충청남도 금산군 추부면 신평공단1로 20, (신평리 1005-3)",041-754-8355,,기타기계 및 장비,계란선별기,(주)세양,2026-01-26
594,(주)한일에스피,충청남도 금산군 추부면 신평공단1로 21,041-754-0720,041-754-0710,기타기계 및 장비,"분무기, 노즐",(주)한일에스피,2026-01-26
595,데버그린(주),"충청남도 금산군 추부면 신평공단1로 26, (신평리 1005-4) (㈜매송)",041-754-9830,,식료품,포장돈육,데버그린(주),2026-01-26
596,(주)힐링,"충청남도 금산군 추부면 신평공단1로 34, (신평리 1008-8, 1008) (㈜비단뫼)",1688-1171,,전기장비,전기마사지기구,(주)힐링,2026-01-26
597,(주)삼영,충청남도 금산군 추부면 신평공단1로 40,041-752-9554,,섬유제품;의복제외,자동차내장재(부직포),(주)삼영,2026-01-26
598,(주)엔티포리머,충청남도 금산군 추부면 신평공단1로 40,041-752-9554,,섬유제품;의복제외,자동차 내장재,(주)엔티포리머,2026-01-26
599,(주)올앤원솔루션,충청남도 금산군 추부면 신평공단1로 40,054-462-2644,,전기장비,"배전반,부직포 등",(주)올앤원솔루션,2026-01-26
600,진테크,충청남도 금산군 추부면 신평공단1로 42,041-754-0501,,금속가공제품;기계 및 가구제외,"금형, 철도부품",진테크,2026-01-26
601,(주)유성화연테크,충청남도 금산군 추부면 신평공단1로 44,041-754-7041~2,041-754-7043,화학물질 및 화학제품;의약품제외,"계면활성제, 살충제",(주)유성화연테크,2026-01-26
602,농업회사법인 탑미트 주식회사,충청남도 금산군 추부면 신평공단1로 50,041-450-8867,070-8230-8869,식료품,육류가공품,농업회사법인 탑미트 주식회사,2026-01-26
603,(주)지에스티,충청남도 금산군 추부면 신평공단1로 55,041-751-2004,041-751-2005,금속가공제품;기계 및 가구제외,"철도차량 내장재 부품, 태양광 부품",(주)지에스티,2026-01-26
604,(주)다빈이앤씨,"충청남도 금산군 추부면 신평공단1로 55, (신평리 1006-3) (㈜우리에스텍)",044-868-0866,044-867-0865,전기장비,단전지,(주)다빈이앤씨,2026-01-26
605,(주)BDC,충청남도 금산군 추부면 신평공단1로 62,041-751-6262,041-751-6265,1차금속,"강관, 방송장비, 조명장치 등",(주)BDC,2026-01-26
606,(주)티에스엔텍,충청남도 금산군 추부면 신평공단1로 63,041-752-1120,041-733-9108,기타기계 및 장비,"송풍기, 여과기, 압축기 등",(주)티에스엔텍,2026-01-26
607,농업법인회사 (주)지오엔바이오,충청남도 금산군 추부면 신평공단1로 67,041-751-0671,042-634-6949,식료품,액상배양액,농업법인회사 (주)지오엔바이오,2026-01-26
608,(주)지오엔에너지,충청남도 금산군 추부면 신평공단1로 67 (대흥네트워크㈜),042-628-0675,042-634-6949,전기장비,태양광발전시설,(주)지오엔에너지,2026-01-26
609,씨엔비산업(주),"충청남도 금산군 추부면 신평공단1로 69, (신평리 1006-1) (씨엔비산업(주))",041-753-1725,,기타기계 및 장비,"산업기계, 산업플랜트",씨엔비산업(주),2026-01-26
610,(주)BDC 제2공장,충청남도 금산군 추부면 신평공단1로 85,041-751-6262,041-751-6265,금속가공제품;기계 및 가구제외,무선통신용강관주,(주)BDC 제2공장,2026-01-26
611,(주)미래기전,충청남도 금산군 추부면 신평공단1로 88,041-751-9119,041-751-9121,전기장비,철판가공(부스덕트),(주)미래기전,2026-01-26
612,(주)하나케미칼,충청남도 금산군 추부면 신평공단1로 90,041-754-0704,041-754-0706,화학물질 및 화학제품;의약품제외,콘크리트 혼화재,(주)하나케미칼,2026-01-26
613,(주)다인텍,충청남도 금산군 추부면 신평공단1로 93,041-752-0230,,금속가공제품;기계 및 가구제외,"탄성받침 철강재, 우레탄수지판재 ",(주)다인텍,2026-01-26
614,(주)에스코알티에스,"충청남도 금산군 추부면 신평공단1로 93, (신평리 1002-1)",041-751-4803,,고무제품 및 플라스틱제품,"탄성받침 철강재, 우래탄수지판재",(주)에스코알티에스,2026-01-26
615,(주)경동한방제약,충청남도 금산군 추부면 신평공단로 55-5,041-752-5066,,식료품,"홍삼즙, 건강기능식품",(주)경동한방제약,2026-01-26
616,(주)대덕바이오,충청남도 금산군 추부면 신평공단로 57,042-823-4696,,화학물질 및 화학제품;의약품제외,"친환경비료, 미생물비료, 보조사료",(주)대덕바이오,2026-01-26
617,㈜한일에스피 제2공장,충청남도 금산군 추부면 신평리 1006,041-754-0720,,기타기계 및 장비,농업용 분무기,㈜한일에스피 제2공장,2026-01-26
618,진우산업,충청남도 금산군 추부면 신평리 128-1번지 ,,,금속가공제품;기계 및 가구제외,주방용 싱크대,진우산업,2026-01-26
619,동신테크,충청남도 금산군 추부면 신평리 517-7번지,,,기타기계 및 장비,플라스틱 사출성형 가공기계,동신테크,2026-01-26
620,삼도피엔텍,충청남도 금산군 추부면 신평리 573-4번지,,,고무제품 및 플라스틱제품,플라스틱 표면가공품,삼도피엔텍,2026-01-26
621,(주)밀토리식품,충청남도 금산군 추부면 신평리 574-1번지,041-751-2013,041-753-4356,식료품,"한과(유과), 찹쌀떡, 스낵, 과자, 제빵",(주)밀토리식품,2026-01-26
622,다다산업,충청남도 금산군 추부면 신평리 830번지 외 1필지,,,고무제품 및 플라스틱제품,플라스틱사출성형제품,다다산업,2026-01-26
623,(주)에코코리아,충청남도 금산군 추부면 신평리 86번지,041-751-4485,041-751-4486,금속가공제품;기계 및 가구제외,에코마루틀,(주)에코코리아,2026-01-26
624,농업회사법인 탑미트㈜,충청남도 금산군 추부면 신평리 996,041-450-8867,,식료품,수제 등심 돈가스,농업회사법인 탑미트㈜,2026-01-26
625,(주)진테크,충청남도 금산군 추부면 요광리 1-3번지 외 1필지,,041-753-0504,기타운송장비,철도차량부품,(주)진테크,2026-01-26
626,자연환경,충청남도 금산군 추부면 용지리 184-3번지,,,기타기계 및 장비,"염소투입기,수위조절기",자연환경,2026-01-26
627,미소하우징,충청남도 금산군 추부면 용지리 196-2번지 외 2필지,,,가구,"이동식 주택, 콘테이너",미소하우징,2026-01-26
628,뉴라이프스틸,충청남도 금산군 추부면 용지리 369번지,,,금속가공제품;기계 및 가구제외,건축물 철구조물,뉴라이프스틸,2026-01-26
629,한국하이메탈(주),충청남도 금산군 추부면 용지리 438-1번지,041-751-6301,,1차금속,합금강(선철),한국하이메탈(주),2026-01-26
630,(주)구림산업기계,충청남도 금산군 추부면 용지리 598-11번지 외 3필지,041-753-8720,041-753-8719,금속가공제품;기계 및 가구제외,스틸폼(철재 거푸집),(주)구림산업기계,2026-01-26
631,썬터치,충청남도 금산군 추부면 용지리 614-3번지 ,,,전기장비,"천정선풍기(씰링휀), 휴대용 가스렌지, 운동(헬스)기구, 건물용 금속계단",썬터치,2026-01-26
632,스톨츠(주),"충청남도 금산군 추부면 용천로 735, (용지리 541)",,,자동차 및 트레일러,자동차브레이크시스템,스톨츠(주),2026-01-26
633,(주)한국인삼내츄럴,"충청남도 금산군 추부면 용천로 736, 510-1 외 15필지",041-751-2612,041-751-2614,식료품,홍삼음료,(주)한국인삼내츄럴,2026-01-26
634,대호물산㈜,충청남도 금산군 추부면 용천로 782,041-752-9953,041-752-9954,식료품,호와쌀가루 등,대호물산㈜,2026-01-26
635,(주)이젠테크,충청남도 금산군 추부면 용천로 815,041-751-6222,041-751-6223,기타기계 및 장비,"발효기계, 식품 가공기계, 농수축산물 가공기계",(주)이젠테크,2026-01-26
636,승원,충청남도 금산군 추부면 용천로 867 (승원) 외 1필지,,,가죽  가방 및 신발,"휴대용 가스가방, 안마기, 휴대용가스렌지, 건물용 금속계단",승원,2026-01-26
637,(주)유일스토리지,충청남도 금산군 추부면 용천로 867-33 외 2필지,041-753-9430,041-753-9438,가구,"철판, 파이프",(주)유일스토리지,2026-01-26
638,(주)명성특수분체,충청남도 금산군 추부면 용천로 867-35,041-753-7726,041-753-7726,금속가공제품;기계 및 가구제외,"가스렌지, 콘트롤박스, 로드빔",(주)명성특수분체,2026-01-26
639,(주)한국테크 제2공장,"충청남도 금산군 추부면 용천로 867-43, 주1동",042-634-1400,042-634-6606,기타기계 및 장비,"금속 셔터문, 전동기, 유압 펌프 및 모터, 원심펌프 및 왕복펌프, 기체압축기 및 진공펌프, 유압 밸브, 베어링하우징 및 풀리, 호이스트 및 타워크레인, 냉각기, 항온 및 항습기, 배기 및 환풍장치, 기체 여과기 및 집진기, 폐수처리장치 및 정수장치, 폐열회수기, 원심 분리기(탈수기), 예초기 및 농산물건조기",(주)한국테크 제2공장,2026-01-26
640,(주)바이오에이엠,충청남도 금산군 추부면 용천로 867-45,042-634-1400,042-634-6606,식료품,단미사료 및 기타사료,(주)바이오에이엠,2026-01-26
641,(주)엘에스엔지니어링,충청남도 금산군 추부면 이터골길 71-21,041-751-9697,070-8230-8880,의료 정밀 광학기기 및 시계,"반응기, 저장조, 탱크류",(주)엘에스엔지니어링,2026-01-26
642,(주)웰돈,충청남도 금산군 추부면 이터골길 71-22,,,기타기계 및 장비,"환풍기, 보온등",(주)웰돈,2026-01-26
643,(주)신화기전,충청남도 금산군 추부면 이터골길 71-35,041-751-4100,041-751-9595,전기장비,"부스덕트, 부스바",(주)신화기전,2026-01-26
644,오성테크,충청남도 금산군 추부면 이터골길 71-40,,,금속가공제품;기계 및 가구제외,태양광지지대,오성테크,2026-01-26
645,(주)이룸육가공,충청남도 금산군 추부면 이터골길 93-8,042-271-5200,042-271-5202,식료품,돼지부분육,(주)이룸육가공,2026-01-26
646,(주)대진산업,충청남도 금산군 추부면 자부길 17-10,041-754-6210,,금속가공제품;기계 및 가구제외,금속문 창틀,(주)대진산업,2026-01-26
647,(주)학림조경,충청남도 금산군 추부면 자부길 17-10,042-825-2250,0504-280-2253,기타제품,유아숲 놀이기구,(주)학림조경,2026-01-26
648,시원글로벌(주),충청남도 금산군 추부면 자부길 17-10,062-955-3316,062-953-3316,기타제품,"야외용 운동기구,코르크, 충격흡수매트",시원글로벌(주),2026-01-26
649,제이에스통신건설(주),충청남도 금산군 추부면 자부길 6,042-535-1080,042-535-1081,전자부품 컴퓨터 영상 음향 및 통신장비,"CCTV, 방송기기 등",제이에스통신건설(주),2026-01-26
650,카루길식품,충청남도 금산군 추부면 자부리 115-3번지 외 2필지,041-752-9992,041-752-9993,식료품,드롭스류(신쫄이),카루길식품,2026-01-26
651,금륭투수개발(주),충청남도 금산군 추부면 자부리 135-2,044-555-1103,044-555-1179,목재 및 나무제품;가구제외,"목재텍, 디자인울타리",금륭투수개발(주),2026-01-26
652,삼별식품(주),충청남도 금산군 추부면 자부리 140 번지,,,식료품,홍삼액.정과.홍삼캔디,삼별식품(주),2026-01-26
653,농업회사법인(주)송원,충청남도 금산군 추부면 자부리 148-1번지,,,식료품,선별 양파,농업회사법인(주)송원,2026-01-26
654,농업회사법인 (주)은화,충청남도 금산군 추부면 자부리 150-1번지 외 2필지,,,식료품,선별 양파,농업회사법인 (주)은화,2026-01-26
655,팜팜ENP,충청남도 금산군 추부면 자부리 164번지,,,고무제품 및 플라스틱제품,농공업용 비닐봉투,팜팜ENP,2026-01-26
656,(주)건양전력,충청남도 금산군 추부면 자부리 165-1번지,,,전기장비,"배전(분전)반 케비넷, 태양광 발전장치",(주)건양전력,2026-01-26
657,선화폴리텍,충청남도 금산군 추부면 자부리 172번지,041-753-8408,,고무제품 및 플라스틱제품,PE수도관,선화폴리텍,2026-01-26
658,(주)광진산업 제2공장,충청남도 금산군 추부면 자부리 407,041-753-7302,041-754-1307,펄프 종이 및 종이제품,"두루마리 화장지, 키친타올",(주)광진산업 제2공장,2026-01-26
659,베니벨라,충청남도 금산군 추부면 장대길 13,041-751-8799,,가구,"책장, 책상, 의자, 옷장, 수납장",베니벨라,2026-01-26
660,제네시스 특수가공,"충청남도 금산군 추부면 장대길 13, (장대리 510)",,,섬유제품;의복제외,불연테이프,제네시스 특수가공,2026-01-26
661,진우산업,충청남도 금산군 추부면 장대리 468번지,041-752-5456,,목재 및 나무제품;가구제외,야외용돗자리,진우산업,2026-01-26
662,착한화장지,충청남도 금산군 추부면 장대리 548번지 ,,,펄프 종이 및 종이제품,"업소용냅킨, 롤화장지",착한화장지,2026-01-26
663,(주)스마일유통,충청남도 금산군 추부면 장대리 580-6,,,식료품,파인애플 발효식초,(주)스마일유통,2026-01-26
664,한밭E&M,충청남도 금산군 추부면 장대리 580-7,,,금속가공제품;기계 및 가구제외,건강원기계,한밭E&M,2026-01-26
665,(주)금강알앤디,충청남도 금산군 추부면 장대리 580-7 주1동,041-751-0872,042-489-9706,비금속광물제품,도막형바닥재,(주)금강알앤디,2026-01-26
666,한국휴로드(주),충청남도 금산군 추부면 장대리 580-7 주1동,02-489-9705,042-489-9706,비금속광물제품,도막형바닥재,한국휴로드(주),2026-01-26
667,㈜광진산업 제3공장,"충청남도 금산군 추부면 장대리 583, 584, 585",041-753-7302,,펄프 종이 및 종이제품,화장지,㈜광진산업 제3공장,2026-01-26
668,대동사출금형,충청남도 금산군 추부면 추정리 187-3번지,041-753-7924,041-0753-8468,가죽  가방 및 신발,안경케이스,대동사출금형,2026-01-26
669,대성퍼니처,충청남도 금산군 추부면 추정리 303-1번지 외 1필지,,,가구,서랍장,대성퍼니처,2026-01-26
670,(주)광진산업,충청남도 금산군 추부면 추풍로 146,041-754-1305,,펄프 종이 및 종이제품,"냅킨, 화장지",(주)광진산업,2026-01-26
671,(주)한진페이퍼,충청남도 금산군 추부면 추풍로 148,041-753-7302,041-754-1307,펄프 종이 및 종이제품,"업소용냅킨, 핸드타올",(주)한진페이퍼,2026-01-26
672,(주)동신화학,충청남도 금산군 추부면 추풍로 154 (동신화학),041-754-1818,041-754-7549,고무제품 및 플라스틱제품,"하수관, 프라스틱제품",(주)동신화학,2026-01-26
673,한일공사,충청남도 금산군 추부면 추풍로 164-16,,,기타기계 및 장비,공장기계-와이퍼,한일공사,2026-01-26
674,농업회사법인 (주)온누리농산,충청남도 금산군 추부면 추풍로 194,041-752-5546,041-753-0355,식료품,"깐마늘, 깐양파",농업회사법인 (주)온누리농산,2026-01-26
675,(주)한국바이오건강,충청남도 금산군 추부면 추풍로 202,041-753-8096,,식료품,건강식품,(주)한국바이오건강,2026-01-26
676,그린산업,충청남도 금산군 추부면 추풍로 202,041-450-7111,,섬유제품;의복제외,"보행매트, 식생매트",그린산업,2026-01-26
677,대전솔루션,충청남도 금산군 추부면 추풍로 202,,,섬유제품;의복제외,코코 매트,대전솔루션,2026-01-26
678,덕빛하이테크,충청남도 금산군 추부면 추풍로 202,041-753-0465,041-752-0463,금속가공제품;기계 및 가구제외,"시편, 금형, 사출품(플라스틱 화분)",덕빛하이테크,2026-01-26
679,지투파워(주),충청남도 금산군 추부면 추풍로 202,031-426-1261,031-427-1271,금속가공제품;기계 및 가구제외,태양광 발전설비 구조물,지투파워(주),2026-01-26
680,유건메카,충청남도 금산군 추부면 추풍로 202 ,,,목재 및 나무제품;가구제외,"화장실 칸막이, 불연 내외장재",유건메카,2026-01-26
681,(주)쏠라포스,충청남도 금산군 추부면 추풍로 202 (추부면),070-8844-3026,042-823-3026,금속가공제품;기계 및 가구제외,태양광발전설비 구조물,(주)쏠라포스,2026-01-26
682,조은철망산업,"충청남도 금산군 추부면 추풍로 202, 주6동",041-754-4264,041-754-4265,금속가공제품;기계 및 가구제외,철망,조은철망산업,2026-01-26
683,(주)비오지노키 금산지점,충청남도 금산군 추부면 추풍로 204,031-227-8570,,식료품,동물보조사료,(주)비오지노키 금산지점,2026-01-26
684,(주)수수,충청남도 금산군 추부면 추풍로 227-34,061-555-3424,061-552-9991,전기장비,"수배전반, 인버터판넬, 분전반",(주)수수,2026-01-26
685,지엠산업 제2공장,충청남도 금산군 추부면 추풍로 227-34,,,금속가공제품;기계 및 가구제외,H-빔구조재,지엠산업 제2공장,2026-01-26
686,지엠산업,"충청남도 금산군 추부면 추풍로 227-36, (자부리 435) 외 1필지",,,금속가공제품;기계 및 가구제외,H-빔,지엠산업,2026-01-26
687,(주)예광이엔지,충청남도 금산군 추부면 추풍로 233,041-751-1371,041-751-1370,전기장비,"전기조명기구, 계단 논슬립",(주)예광이엔지,2026-01-26
688,(주)아미텍,충청남도 금산군 추부면 추풍로 241 (㈜아미텍),041-753-8947,041-753-8941,화학물질 및 화학제품;의약품제외,"유기질 복합비료, 사료첨가제",(주)아미텍,2026-01-26
689,자연쏠라,충청남도 금산군 추부면 추풍로 260,,,금속가공제품;기계 및 가구제외,태양광 지지대,자연쏠라,2026-01-26
690,(주)에쓰피이 제1공장,"충청남도 금산군 추부면 추풍로 263-11, (자부리 432)",041-752-2551,,의료 정밀 광학기기 및 시계,스테인리스 제품,(주)에쓰피이 제1공장,2026-01-26
691,두리산업,충청남도 금산군 추부면 추풍로 263-14,042-283-8236,042-283-8235,가구,주방목재가구,두리산업,2026-01-26
692,(주)에쓰피이 제2공장,"충청남도 금산군 추부면 추풍로 263-7, (자부리 422)",041-752-2551,,의료 정밀 광학기기 및 시계,스테인리스제품,(주)에쓰피이 제2공장,2026-01-26
693,어울림(꿈나무교구),충청남도 금산군 추부면 추풍로 265,043-639-6111,,기타제품,놀이터장비,어울림(꿈나무교구),2026-01-26
694,(주)은성기연,충청남도 금산군 추부면 추풍로 266 (㈜삼진JMC),,,화학물질 및 화학제품;의약품제외,효소,(주)은성기연,2026-01-26
695,대건싸이징,충청남도 금산군 추부면 추풍로 266 (㈜삼진JMC),041-754-2041,,섬유제품;의복제외,섬유사및직물호부처리업,대건싸이징,2026-01-26
696,선화케미칼,충청남도 금산군 추부면 추풍로 269 (선화케미칼),041-753-9030,,고무제품 및 플라스틱제품,하수관,선화케미칼,2026-01-26
697,선화프라스틱,충청남도 금산군 추부면 추풍로 269 (선화케미칼),041-753-9030,041-0753-8409,고무제품 및 플라스틱제품,주름관,선화프라스틱,2026-01-26
698,전우종합상사,충청남도 금산군 추부면 추풍로 295,041-753-6739,,전기장비,"전자부품, 전자판넬",전우종합상사,2026-01-26
699,농업회사법인 금산축산(주),충청남도 금산군 추부면 추풍로 299-11 외 1필지,,,식료품,부분돈육. 돈까스,농업회사법인 금산축산(주),2026-01-26
700,유일산업(주),충청남도 금산군 추부면 추풍로 344 (유원물류창고),041-752-0002,,펄프 종이 및 종이제품,종이박스,유일산업(주),2026-01-26
701,홍원바이오아그로,충청남도 금산군 추부면 추풍로 344 (유원물류창고),,,식료품,동물사료및조제식품,홍원바이오아그로,2026-01-26
702,더블유씨이,"충청남도 금산군 추부면 추풍로 344, (자부리 140)",041-753-5183,,화학물질 및 화학제품;의약품제외,식물성 착색도료,더블유씨이,2026-01-26
703,(주)유원물류,"충청남도 금산군 추부면 추풍로 344, (자부리 146번지)",041-754-0002,,고무제품 및 플라스틱제품,"플라스틱호스, 비료살포기,농축산난방기",(주)유원물류,2026-01-26
704,카루길식품,충청남도 금산군 추부면 추풍로 358,041-752-9992,,식료품,크림빵,카루길식품,2026-01-26
705,조선밀봉원,충청남도 금산군 추부면 추풍로 46,041-753-5905,041-0754-5906,목재 및 나무제품;가구제외,양봉자재,조선밀봉원,2026-01-26
706,농업회사법인 (주)돈아지,충청남도 금산군 추부면 추풍로 496-14,041-751-3999,041-751-4999,식료품,"돈정육,우정육",농업회사법인 (주)돈아지,2026-01-26
707,중부중기,"충청남도 금산군 추부면 추풍로 496-19, (요광리 370) (중부중기공업사)",041-752-0300,,기타기계 및 장비,지게차부품,중부중기,2026-01-26
708,(주)지앤씨,충청남도 금산군 추부면 추풍로 496-25,041-752-7050,,펄프 종이 및 종이제품,감자.고구마포장,(주)지앤씨,2026-01-26
709,성한산업,충청남도 금산군 추부면 추풍로 56,041-751-0702,,섬유제품;의복제외,어망 등,성한산업,2026-01-26
710,유일ENG,충청남도 금산군 추부면 추풍로 56,,,기타기계 및 장비,액체펌프,유일ENG,2026-01-26
711,우드림,충청남도 금산군 추부면 추풍로 562-4,,,목재 및 나무제품;가구제외,"장구 받침대, 가야금 받침대",우드림,2026-01-26
712,제이티(주),충청남도 금산군 추부면 추풍로 562-9 외 2필지,,,기타운송장비,철도차량부품,제이티(주),2026-01-26
713,유화정경,충청남도 금산군 추부면 추풍로 656,,,섬유제품;의복제외,면사가공품,유화정경,2026-01-26
714,(주)에어로닉,충청남도 금산군 추부면 추풍로 662,041-751-8090,,기타기계 및 장비,"산업기계부품, 철도차량부품, 태양광지지대",(주)에어로닉,2026-01-26
715,삼화산업,충청남도 금산군 추부면 추풍로 90,041-753-5201,,섬유제품;의복제외,섬유제품,삼화산업,2026-01-26
716,삼일주방산업,충청남도 금산군 추부면 하마전1길 45,041-751-7011,,목재 및 나무제품;가구제외,"작업대,씽크대,배기후드,식기선반",삼일주방산업,2026-01-26
717,신동상사,충청남도 금산군 추부면 하마전1길 71,042-284-0446,,목재 및 나무제품;가구제외,"목관, 수의류",신동상사,2026-01-26
718,(주)금풍제과 제2공장,"충청남도 금산군 추부면 하마전1길 78, (마전리 320-3번지) (추부면)",041-753-9916,,식료품,"건빵, 튀김건빵",(주)금풍제과 제2공장,2026-01-26
719,이레금산인삼,"충청남도 금산군 추부면 하마전1길 80, 외2",,,식료품,홍삼정과.꿀차류,이레금산인삼,2026-01-26
720,성신프라스틱,충청남도 금산군 추부면 하마전3길 64,041-753-6913,041-0753-6914,고무제품 및 플라스틱제품,PE재생,성신프라스틱,2026-01-26
721,성신프라스틱기계공업,충청남도 금산군 추부면 하마전3길 64,041-753-6913,,고무제품 및 플라스틱제품,폐프라스틱,성신프라스틱기계공업,2026-01-26
722,유원식품 제2공장,충청남도 금산군 추부면 한사래길 22,,,식료품,홍삼액류,유원식품 제2공장,2026-01-26
723,(주)오가닉스타,충청남도 금산군 추부면 한사래길 25,041-415-1195,041-415-1196,화학물질 및 화학제품;의약품제외,"4종 복합비료, 미량 요소 복합비료",(주)오가닉스타,2026-01-26
724,(주)에코인에너지,충청남도 금산군 추부면 한사래길 25,042-935-5159,0504-222-8027,기타기계 및 장비,증류기,(주)에코인에너지,2026-01-26
725,우진종합주방,충청남도 금산군 추부면 한사래길 25 외 1필지,041-753-6318,,전기장비,"가정용난방기구, 목재가구, 금속제품",우진종합주방,2026-01-26
726,농업회사법인(주)안성식품,충청남도 금산군 추부면 한사래길 5-10,041-752-5304,041-753-5304,식료품,"당면, 냉면, 마카로니류",농업회사법인(주)안성식품,2026-01-26
727,에스에이치씨피(주),충청남도 금산군 추부면 한사래길 6,041-752-2186,041-752-2363,화학물질 및 화학제품;의약품제외,일반도료,에스에이치씨피(주),2026-01-26
728,한국피엔씨(주),충청남도 금산군 추부면 한사래길 6,041-752-2186,041-752-2363,화학물질 및 화학제품;의약품제외,일반도료,한국피엔씨(주),2026-01-26
729,동양하이테크,충청남도 금산군 추부면 한사래길 9 외 1필지,041-754-4196,041-754-4197,금속가공제품;기계 및 가구제외,"칼라강판, 용마루, 대봉, 소봉, 캡볼트",동양하이테크,2026-01-26
730,농업회사법인 자연바라기(주),충청남도 금산군 추부면 홍골1길 87-16,,,식료품,"산약초 잎, 간장, 식초, 씨래기 잎",농업회사법인 자연바라기(주),2026-01-26
731,농업회사법인(주)안성식품 제2공장,"충청남도 금산군 한사래길 5-7, (자부리 126-1) (추부면)",041-752-5304,041-753-5304,식료품,"당면, 냉면",농업회사법인(주)안성식품 제2공장,2026-01-26
119,(주)맑음,충청남도 금산군 추부면 군북로 1169-3,,,"면류, 마카로니 및 유사식품 제조업 외 1 종","냉면, 냉면 육수",(주)맑음,2026-01-26
323,(주)유림철강,충청남도 금산군 추부면 남산길 57-12,,,구조용 금속 판제품 및 공작물 제조업 외 2 종,"금속구조재, 금속구조재, 금속구조재",(주)유림철강,2026-01-26
735,㈜엠에스 제2공장,충청남도 금산군 추부면 서대동기1길 71,041-752-9734,041-752-9735,"치약, 비누 및 기타 세제 제조업",다목적 세정제,㈜엠에스 제2공장,2026-01-26
736,㈜광진산업 제4공장,충청남도 금산군 추부면 추풍로 150,041-753-7302,041-754-1307,위생용 종이제품 제조업,"화장지, 냅킨, 핸드타월",㈜광진산업 제4공장,2026-01-26
737,명원,"충청남도 금산군 추부면 대학로 201, 303호(중부대학교 산학협력관 창업보육센터)",041-754-1945,,인삼식품 제조업,홍삼,명원,2026-01-26
738,㈜무지개토탈,충청남도 금산군 복수면 수목로 40 외 3필지,041-751-8111,,육상 금속 골조 구조재 제조업 외 7 종,"금속 구조물, 디자인형 울타리, 교통안전 표지판, 도로 표지판, 전광판, 간판, 조형물, 실물 모형 전시물, 석재 조형물",㈜무지개토탈,2026-01-26
739,㈜고기랑 농업회사법인,충청남도 금산군 복수면 장구재길 147 외 1필지,042-535-8852,050-4461-1067,육류 기타 가공 및 저장처리업 (가금류 제외),돈육(돼지고기),㈜고기랑 농업회사법인,2026-01-26
740,세종에프앤비㈜,충청남도 금산군 군북면 군북로 882-1 외 1필지,041-751-6584,041-751-6585,기타 비알코올 음료 제조업 외 4 종,"홍오미자, 녹용홍삼, 홍오미자, 녹용홍삼, 환류",세종에프앤비㈜,2026-01-26
741,더원건설산업㈜,"충청남도 금산군 복수면 복수공단길 66, 다동",041-753-0253,041-753-0254,육상 금속 골조 구조재 제조업,"교량, 탑 조립 구조재 등",더원건설산업㈜,2026-01-26
742,㈜안현엔지니어링 금산지점,충청남도 금산군 추부면 신평공단1로 85,070-7759-7082,043-731-7021,전시 및 광고용 조명장치 제조업,전광판 제조,㈜안현엔지니어링 금산지점,2026-01-26
743,㈜태영이앤비,충청남도 금산군 금성면 금성공단로 25,041-751-7741,,복합비료 및 기타 화학비료 제조업 외 1 종,"미량 요소 비료, 제4종 복합비료",㈜태영이앤비,2026-01-26
744,㈜스마트씨엔티,"충청남도 금산군 추부면 신평공단로 57, 주2",041-751-4964,,배전반 및 전기 자동제어반 제조업,"자동제어반, 자동제어시스템, 배전반, 중앙감시제어장치",㈜스마트씨엔티,2026-01-26
745,㈜성광윈플랫,충청남도 금산군 복수면 복수로 369,042-321-0125,042-321-0126,"금속 문, 창, 셔터 및 관련제품 제조업 외 2 종","방범안전창, 방범안전창, 방범안전창",㈜성광윈플랫,2026-01-26
746,㈜윈가드네트웍스,충청남도 금산군 복수면 복수로 369,042-587-4900,042-587-7900,전자감지장치 제조업 외 2 종,"IOT기반 방범센서 및 모듈, 사회안전 및 산업안전 로봇, IOT기반 방범센서 및 모듈, 사회안전 및 산업안전 로봇, IOT기반 방범센서 및 모듈, 사회안전 및 산업안전 로봇",㈜윈가드네트웍스,2026-01-26
747,진호산업,충청남도 금산군 복수면 다복로 273,,,육상 금속 골조 구조재 제조업,"토목, 건축요 철근 구조물",진호산업,2026-01-26
748,㈜콜팩,충청남도 금산군 추부면 신평공단1로 124,ARS-1644-4620,,포장용 플라스틱 성형용기 제조업,각종 식품 포장 용기 및 과일용기,㈜콜팩,2026-01-26
749,오토플러스,충청남도 금산군 복수면 복수로 576,,,커튼 및 유사제품 제조업,블라인드,오토플러스,2026-01-26
750,㈜위너스인터내셔널,충청남도 금산군 복수면 복수로 577-5 외 1필지,070-8612-1468,0303-3448-6889,기타 1차 비철금속 제조업,비철금속 구조물,㈜위너스인터내셔널,2026-01-26
751,㈜선일피앤에스,충청남도 금산군 부리면 창평리 443-8 외 9필지,041-751-9351,,"금속 문, 창, 셔터 및 관련제품 제조업 외 2 종","AI창호, AI창호, AI창호",㈜선일피앤에스,2026-01-26
752,피엔비우창㈜,충청남도 금산군 추부면 신평공단1로 129,042-488-6102,042-488-9110,플라스틱 필름 제조업 외 1 종,"PC골판, 강판 폼",피엔비우창㈜,2026-01-26
753,㈜에이스시스템,"충청남도 금산군 복수면 다복로 560, 주2",041-754-1100,041-751-3444,플라스틱 창호 제조업,PVC 창호,㈜에이스시스템,2026-01-26
754,㈜제이앤씨시스템(금산지점),충청남도 금산군 추부면 신평공단1로 85,042-863-3113,042-864-3113,기타 무선 통신장비 제조업 외 3 종,"CCTV카메라, 계장제어장치, 태양광가로등, LED전광판",㈜제이앤씨시스템(금산지점),2026-01-26
755,대전커튼 누쿠블라인드,충청남도 금산군 진산면 창동길 89-5,,042-271-0583,커튼 및 유사제품 제조업,"콤비블라인드, 롤스크린",대전커튼 누쿠블라인드,2026-01-26
756,대림,충청남도 금산군 추부면 숭암로 105,,,포장용 플라스틱 성형용기 제조업 외 3 종,"세제용기, 바퀴부속, 분무기 부품, 기타 플라스틱 제품",대림,2026-01-26
757,㈜하이엔드,"충청남도 금산군 추부면 추풍로 227-64, 2동",041-751-2022,041-751-2122,"레이더, 항행용 무선기기 및 측량기구 제조업 외 1 종","무인수상선, 수소연료전지 시스템, 무인수상선, 수소연료전지 시스템",㈜하이엔드,2026-01-26
758,(주)에버디벨롭먼트,충청남도 금산군 추부면 추정리 187-3,042-271-0131,042-271-0131,"물질 검사, 측정 및 분석기구 제조업",발효기,(주)에버디벨롭먼트,2026-01-26
759,디딤안전산업,충청남도 금산군 복수면 다복로 120 외 1필지,,,"콘크리트 타일, 기와, 벽돌 및 블록 제조업 외 1 종","보도블록, 보도블록",디딤안전산업,2026-01-26
760,㈜타라유통,충청남도 금산군 추부면 동당말길 13,041-752-6013,041-752-6013,종이 포대 및 가방 제조업,종이 쇼핑백,㈜타라유통,2026-01-26
761,㈜지앤디,충청남도 금산군 추부면 용천로 720,041-751-8038,041-752-3017,주형 및 금형 제조업,프레스 금형,㈜지앤디,2026-01-26
