회사명,최초등록일,종업원수,생산품정보,공장소재지주소,업종번호정보,업종명,전화번호
(주) 금강테크놀로지,2019-10-25,7,"전기판넬제조, 자동제어장치제조",경기도 광명시 소하동 1345번지 광명테크노파크 C동 14층 7,28123,배전반 및 전기 자동제어반 제조업,02-893-5944
(주) 아거스 라운드전자,2005-08-30,6,"도난경보기, 보안키",경기도 광명시 하안동 201번지,26410,유선 통신장비 제조업 외 1 종,02-895-1063
(주)4월 17일,2020-01-20,12,식품(반찬류),경기도 광명시 노온사동 780-1번지,10709,기타 식사용 가공처리 조리식품 제조업,02-2612-3235
(주)가람스페이스,2015-01-28,4,"분수기자재, 수중조명, 조경조형물",경기도 광명시 노온사동 778-7번지,29192,분사기 및 소화기 제조업 외 4 종,031-291-6970
(주)강스템바이오텍,2012-02-27,43,세포치료제,경기도 광명시 소하동 1345 광명테크노파크 A동 6층 601호 외 13필지,21211,생물 의약품 제조업 외 1 종,02-888-1590
(주)거산이앤지,2024-10-31,10,"전기차화재 진압설비, 전기차 충전기, 아날로그 감지기, 중계기, R형수신기",경기도 광명시 소하동 1344 광명G타워 A동 12층 1206호,29192,분사기 및 소화기 제조업 외 2 종,ARS-1833-5972
(주)거산이앤지,2025-08-26,10,"아날로그 감지기, 중계기, R형 수신기",경기도 광명시 소하동 1344 광명G타워 A동 12층 1209호 외 1필지,28901,전기경보 및 신호장치 제조업,ARS-1833-5972
(주)거화전자,2007-03-28,50,자동차부품조립(Power window s/w),경기도 광명시 광명동 720-5번지,30399,그 외 자동차용 신품 부품 제조업 외 3 종,02-2681-8810
(주)건우,2011-01-24,8,자동화기계,경기도 광명시 노온사동 368-8 번지,33999,그 외 기타 달리 분류되지 않은 제품 제조업 외 1 종,02-2060-1632
(주)고영테크놀러지,2012-10-11,30,반도체 검사장비,경기도 광명시 소하동 1365번지,29271,반도체 제조용 기계 제조업,02-6343-6186
(주)골든벨금속,2009-09-14,26,가정용품 및 장식용도자기제조,경기도 광명시 노온사동 577-51번지,23221,가정용 및 장식용 도자기 제조업,02-866-2605
(주)광명하이테크,2004-05-04,17,"형광램프용전자식안정기, 할로겐안정기",경기도 광명시 광명동 750-12번지,28119,기타 전기 변환장치 제조업 외 1 종,02-2689-2961
(주)그림,2012-03-15,5,영상검사기,경기도 광명시 소하동 1345번지 광명테크노파크 E동 10층 1015,27213,"물질 검사, 측정 및 분석기구 제조업",070-7862-3040
(주)금강테크,2000-05-10,2,"공작기계,O.P,PANEL",경기도 광명시 하안동 201번지,18112,스크린 인쇄업 외 2 종,02-806-9756
(주)금재,2016-06-16,2,플라스틱붙착형댐퍼,경기도 광명시 가학동 200번지,22299,그 외 기타 플라스틱 제품 제조업,02-3666-3038
(주)기가웨이브,2023-08-23,5,컴퓨터 및 제조장치,경기도 광명시 소하동 1344 광명G타워 B동 11층 1114호,26310,컴퓨터 제조업,02-6278-0701
(주)기산건영,2005-04-20,5,G.S.Panel,경기도 광명시 옥길동 312번지,25112,구조용 금속 판제품 및 공작물 제조업,02-2685-7804
(주)기영전자,2012-05-02,30,"DVR,네비기이션","경기도 광명시 소하동 1365번지 에이스광명타워 606, 607호",26519,비디오 및 기타 영상기기 제조업,02-895-2431
(주)나나뷰티,2004-11-08,4,"진주분말팩(화장품), 악세사리",경기도 광명시 노온사동 778-8번지,20423,화장품 제조업 외 3 종,02-2688-2778
(주)나라케이앤피,2020-02-19,4,주차관제기기,경기도 광명시 일직동 515-1번지 A-1711,28903,교통 신호장치 제조업 외 1 종,02-2677-9116
(주)남일커넥션,2024-04-12,4,"와이어링 하네스, 와이어링 하네스, 와이어링 하네스, 와이어링 하네스, 와이어링 하네스",경기도 광명시 소하동 1345 광명테크노파크 C동 11층 1110호,26299,그 외 기타 전자부품 제조업 외 4 종,02-808-0889
(주)내외티앤씨,2012-06-04,0,전자액자,경기도 광명시 하안동 201번지 2동 3층 1호,26519,비디오 및 기타 영상기기 제조업 외 2 종,02-898-0031
(주)네오텔,2013-06-13,10,통신기기 부품,경기도 광명시 소하동 1345번지 광명테크노파크 E동 10층 1004호,26299,그 외 기타 전자부품 제조업 외 1 종,02-2083-1885
(주)누리에스티,2006-05-10,17,"교통안전단말기(GPS),네비게이션",경기도 광명시 철산동 626-3번지,27211,"레이더, 항행용 무선기기 및 측량기구 제조업",02-421-2552
(주)누리인프라,2020-11-25,4,인조석재,경기도 광명시 일직동 515-1 광명역자이타워 B-1303,23919,기타 석제품 제조업,02-873-6646
(주)다누시스,2016-04-08,63,"유선통신장비, 방송장비, 기타무선통신장비, LED 안내전광판",경기도 광명시 소하동 1345번지 광명테크노파크 A동 7층 711~713호,26410,유선 통신장비 제조업 외 6 종,070-7167-0702
(주)다림시스템,2021-06-14,7,"비디오 및 기타영상기기, VR 촬영 장비, LED 디스플레이",경기도 광명시 일직동 515-1 B동 515호,26519,비디오 및 기타 영상기기 제조업 외 7 종,02-6265-0723
(주)다올이엔지,2023-03-08,3,"수질측정기, 프로세스제어반",경기도 광명시 일직동 501-4 814호 814호,27213,"물질 검사, 측정 및 분석기구 제조업 외 2 종",02-859-8491
(주)다정앤에스테크,2012-10-08,7,특수열매체보일러,경기도 광명시 하안동 201번지 2동 6층 2-2호,25121,산업용 난방보일러 및 방열기 제조업 외 4 종,02-2695-3007
(주)대경,2002-08-02,14,도시락,경기도 광명시 광명동 12-1번지,10701,도시락류 제조업 외 3 종,02-2618-3399
(주)대경전자,2000-12-28,6,TRANS.ADAPTOR.ski wear,경기도 광명시 하안동 201번지,26293,"전자코일, 변성기 및 기타 전자 유도자 제조업",02-894-5324
(주)대명기업,2012-02-09,3,전기로,경기도 광명시 소하동 1345번지 광명테크노파크 E동 8층 811,29150,"산업용 오븐, 노 및 노용 버너 제조업 외 1 종",02-2616-5696
(주)대성일렉트로닉스,2005-02-25,38,"pcb ass""y",경기도 광명시 철산동 626-3번지,26221,인쇄회로기판용 적층판 제조업 외 3 종,02-2616-4782
(주)대아테크,2016-02-17,3,자동제어반 설계 및 제작,경기도 광명시 소하동 1345번지 광명테크노파크 A동 2층 202,28123,배전반 및 전기 자동제어반 제조업,02-2682-8033
(주)대연씨앤아이,2022-03-11,30,"태양광 접속반, 무선 통신장치 등",경기도 광명시 일직동 514 A동 311호 A동 311호 외 3필지,28123,배전반 및 전기 자동제어반 제조업 외 2 종,02-866-3240
(주)대진경량,2008-02-18,5,경량건축자재,경기도 광명시 노온사동 186-4번지,25112,구조용 금속 판제품 및 공작물 제조업,02-2643-5178
(주)대하솔루텍,2011-11-14,6,"UPS, 항온항습기",경기도 광명시 소하동 1365번지 에이스광명타워 지하108호,29172,가정용 및 산업용 공기 조화장치 제조업 외 3 종,02-896-7922
(주)대한유니크,2009-03-05,2,보일러,경기도 광명시 옥길동 413-2번지,25113,육상 금속 골조 구조재 제조업 외 4 종,02-867-7060
(주)더존시스템즈,2020-02-05,3,급수용펌프 및 부대시설,경기도 광명시 일직동 515-1번지 B-1003,29131,액체 펌프 제조업 외 1 종,02-3286-0036
(주)도래샘,2018-11-28,11,"차수판, 안전게이트, 안전게이트 출입통제시스템",경기도 광명시 노온사동 368-9번지,25113,육상 금속 골조 구조재 제조업 외 4 종,02-861-8048
(주)도래샘(5공장),2024-06-19,11,"차수판, 자동차수장치, 차단게이트",경기도 광명시 노온사동 365-6,25111,"금속 문, 창, 셔터 및 관련제품 제조업 외 3 종",02-861-8048
(주)도명건설,2009-09-24,4,불연코팅제,경기도 광명시 노온사동 801-1번지 지층,20411,일반용 도료 및 관련제품 제조업,02-324-0253
(주)도시미학,2022-12-21,3,디자인형 울타리,경기도 광명시 옥길동 143-5 1층 102호,25112,구조용 금속 판제품 및 공작물 제조업,02-2683-7081
(주)도시미학,2023-08-24,3,도로표지병,경기도 광명시 하안동 201 4동 3층 3-1호,25999,그 외 기타 분류 안된 금속 가공 제품 제조업,02-2612-6074
(주)도시와환경,2003-10-29,7,"파고라,정자,스탠가로등,수목보호판,",경기도 광명시 소하동 199-2번지,25112,구조용 금속 판제품 및 공작물 제조업 외 2 종,02-2685-6977
(주)도전과기술,2021-06-24,5,숯불착화기,경기도 광명시 노온사동 220-17 1층,28511,주방용 전기기기 제조업,02-2066-1997
(주)동명트레이스,2010-12-24,4,전기분전반,경기도 광명시 소하동 1345 광명테크노파크 D동 407호 D동 407호,28123,배전반 및 전기 자동제어반 제조업,02-6112-4007
(주)동산텔레콤,2009-05-25,17,"방송장비, CCTV",경기도 광명시 광명동 158-195번지 광명리더스빌딩 605호,26421,방송장비 제조업 외 4 종,02-2060-4111
(주)동아디엔에스,2012-03-13,4,세정제,경기도 광명시 하안동 201번지 아파트형공장 제1동 3동 3층 2-2호,20422,"치약, 비누 및 기타 세제 제조업",02-830-0880
(주)동원행거,1999-12-29,20,자동차부품(행거),경기도 광명시 철산동 123-2번지,25932,일반철물 제조업,02-2686-1858
(주)동한전자,2012-11-29,5,보드아세이,경기도 광명시 소하동 1365번지,26299,그 외 기타 전자부품 제조업 외 1 종,02-895-4531
(주)두광엠에프지,2011-01-20,24,"열전대, 저항온도계, 압력계, 온도계, 수위계, 유량계","경기도 광명시 소하동 1345 번지 광명테크노파크 에이동 3층 에이 303, 304호",27213,"물질 검사, 측정 및 분석기구 제조업 외 2 종",02-2635-4502
(주)두리번테크,2020-04-16,3,"전자감지(센서) 장치, 광섬유 전송시스템, 비상방송 시스템",경기도 광명시 일직동 515-1번지 A-1726,28901,전기경보 및 신호장치 제조업 외 4 종,02-6299-7285
(주)드라스타,2023-07-26,11,"가스 레귤레이터, 압력조정기, 반도체장비 및 부품",경기도 광명시 하안동 303 401호 401호 외 24필지,29133,"탭, 밸브 및 유사장치 제조업 외 1 종",02-2637-0114
(주)드림티엔씨,2014-04-02,9,의류,경기도 광명시 소하동 1345번지 광명테크노파크 D동 B1층 115,14191,셔츠 및 블라우스 제조업 외 6 종,02-2083-3070
(주)디바이스앤드써키트,2024-02-02,8,"에스컬레이터살균기, 다기능경광봉, 자동공기주입 및 배출장치(욕창예방매트리스), 자동농약분사기","경기도 광명시 소하동 1345 광명테크노파크 E동 12층 1214호, 1215호",27212,"전자기 측정, 시험 및 분석기구 제조업 외 6 종",02-859-9671
(주)디앤지오토매틱,2011-01-25,6,자동문 오퍼레이터,"경기도 광명시 소하동 1345 번지 광명테크노파크 에이동 3층 에이306, 에이307호",28123,배전반 및 전기 자동제어반 제조업,02-6112-2800
(주)디텍프론티어,2021-04-19,6,"펌웨어 인코딩 및 검사, PCBA 검사장치","경기도 광명시 일직동 515-1 광명역자이타워 A동 526,527,528호",26329,기타 주변기기 제조업,02-811-3800
(주)레미텍,2011-03-29,5,아이스크림 제조기,경기도 광명시 소하동 1345번지,29150,"산업용 오븐, 노 및 노용 버너 제조업 외 6 종",02-862-0152
(주)레보,2012-02-27,15,"전기장비,축전지 ",경기도 광명시 소하동 1345번지 광명테크노파크 C동 6층 604,28909,그 외 기타 전기장비 제조업 외 5 종,070-7094-7393
(주)로이츠나인,2023-04-24,11,"모니터필름, 유도등",경기도 광명시 일직동 514 C동 201호 C동 201호 외 1필지,22299,그 외 기타 플라스틱 제품 제조업 외 1 종,070-5213-2720
(주)리넥스,2023-11-15,4,"공기청정기, 카드단말기, 수위계, 전자제어시스템, 음식물처리기","경기도 광명시 소하동 1344 광명G타워 B동 3층 307, 308, 309, 310, 311호",26294,전자감지장치 제조업,031-362-4032
(주)리더라이텍,2022-08-31,4,LED모듈 및 조명,경기도 광명시 소하동 1345 광명테크노파크 C동 1407호 C동 1407호,28410,전구 및 램프 제조업 외 1 종,02-862-3189
(주)리버스톤미디어,2020-03-31,6,"비디오 영상기기, 영상감시장치, 프리앰프장치",경기도 광명시 일직동 515-1번지 A-1001 515-1,26519,비디오 및 기타 영상기기 제조업 외 6 종,02-898-4052
(주)리시브파워,2023-11-10,1,"지능형 로봇, 워킹 목업",경기도 광명시 일직동 514 A동 24층 2409호,29299,그 외 기타 특수목적용 기계 제조업,070-7563-3025
(주)리텍에프이에스,2020-01-28,14,"미스트폴외 제작, 쿨링포그시스템, 미스트폴외 제작, 쿨링포그시스템, 쿨링포그시스템, 방역시스템",경기도 광명시 일직동 515-1번지 A동 705호,33302,놀이터용 장비 제조업 외 4 종,02-851-9679
(주)매트릭스미디어,2024-12-16,0,"매트릭스스위처, PTZ카메라, 무선마이크, 스피커, 전원공급장치, 마이크케이블",경기도 광명시 소하동 1365 에이스 광명타워 10층 1017~1020호 10층 1017~1020호,26519,비디오 및 기타 영상기기 제조업 외 5 종,02-899-2128
(주)멤스,2019-12-02,8,"LED illumination, Power Source, Machine Vision Cable","경기도 광명시 일직동 515-1번지 B동 303호, 304호 (일직동)",28302,기타 절연선 및 케이블 제조업 외 2 종,02-6265-6007
(주)명보솔텍,2005-07-21,8,산업용접착제품,경기도 광명시 하안동 201번지,22291,플라스틱 접착처리 제품 제조업 외 1 종,02-893-6640
(주)명승공업,2020-01-29,6,주방기구,경기도 광명시 옥길동 418-12번지,25992,수동식 식품 가공기기 및 금속 주방용기 제조업,02-2684-8828
(주)명연,2011-01-25,14,스웨터,"경기도 광명시 소하동 1345 번지 광명테크노파크 씨동 11층 씨1107, 1108호",14300,편조의복 제조업,02-858-5520
(주)몬타나광명지점,2003-12-04,18,의류,경기도 광명시 광명동 158-180번지,14112,여자용 겉옷 제조업,02-3666-1002
(주)문화테크,2016-06-23,6,"자동차부품(콘덴서, led외)",경기도 광명시 하안동 201번지 아파트형공장 제1동 2동 5층 3,30332,자동차용 신품 전기장치 제조업 외 1 종,02-898-8886
(주)미세한,2014-07-17,7,"통신, 사무기기, 금형",경기도 광명시 소하동 1345번지 광명테크노파크 B동 1층 106,29180,사무용 기계 및 장비 제조업,02-2083-1880
(주)미스터커피,2021-06-25,3,전자동 커피머신기계,경기도 광명시 소하동 1345 광명테크노파크 C동 14층 1403호,28511,주방용 전기기기 제조업 외 1 종,02-540-5360
(주)미클로코리아,2023-08-02,5,"셔츠, 블라우스, 점퍼, 바지, 아동복 ",경기도 광명시 소하동 1344 광명G타워 B동 14층 1401호 외 1필지,14191,셔츠 및 블라우스 제조업,02-3446-1400
(주)보경미래텍,2020-08-12,4,마스크,경기도 광명시 하안동 201 광명시범공단공장형아파트 3동 2층 4호,13229,기타 직물제품 제조업,02-6382-2300
(주)보광,2011-10-06,57,골프웨어 티셔츠,경기도 광명시 소하동 1337-1 번지 갑원빌딩 3층,14191,셔츠 및 블라우스 제조업 외 1 종,02-897-4025
(주)보문테크닉스,2022-09-14,7,"LED전광판, VIDEO WALL",경기도 광명시 소하동 1365 에이스 광명타워 210호 210호,28423,전시 및 광고용 조명장치 제조업 외 5 종,02-2026-3135
(주)봉균상사,2019-03-18,1,운동용 안전매트,경기도 광명시 하안동 201번지 2동 4층 4-2,33309,기타 운동 및 경기용구 제조업 외 1 종,02-898-0732
(주)블루스웰,2015-04-13,2,"살균수제조장치, 초음파가습기",경기도 광명시 소하동 1345번지 광명테크노파크 D동 12층 1203,29176,액체 여과기 제조업 외 2 종,02-6112-4747
(주)블루웨이브,2015-05-12,7,무선후방카메라,경기도 광명시 소하동 1345번지 광명테크노파크 B동 11층 1104,26429,기타 무선 통신장비 제조업 외 4 종,02-2083-2406
(주)비솔,2002-09-27,19,자동화검사장비,경기도 광명시 철산동 626-3번지,27219,"기타 측정, 시험, 항해, 제어 및 정밀기기 제조업 외 4 종",02-2612-2111
(주)비아이지씨지라이팅,2014-02-26,8,LED전구(조명),경기도 광명시 소하동 1345번지 광명테크노파크 D동 11층 1111,28422,일반용 전기 조명장치 제조업,02-2083-1833
(주)비유테크놀러지,2020-01-31,41,"제어기모니터, 안전체험VR용 제품외",경기도 광명시 일직동 515-1번지 A-2508,26521,"라디오, 녹음 및 재생 기기 제조업 외 2 종",02-852-1007
(주)삼마에스크로,2013-02-08,1,가스온수기,경기도 광명시 소하동 1345번지,28520,가정용 비전기식 조리 및 난방 기구 제조업,02-2060-7632
(주)삼양플러스,2016-08-16,3,염수살포장치,경기도 광명시 소하동 1345번지 광명테크노파크 C동 8층 803,29192,분사기 및 소화기 제조업 외 9 종,02-2060-6052
(주)삼영라이팅,2011-11-10,4,LED조명,경기도 광명시 하안동 201 번지 광명아파트형공장 1동 3층 1호,28422,일반용 전기 조명장치 제조업 외 3 종,02-2616-5925
(주)삼일양행,2006-04-19,3,시계,경기도 광명시 하안동 36-1번지,27220,시계 및 시계부품 제조업,02-895-0011
(주)상도시스템,2008-07-17,7,전자식 안정기,경기도 광명시 광명동 575-40번지,28119,기타 전기 변환장치 제조업,02-2684-9838
(주)상림기술,2022-02-07,8,"영상정보디스플레이장치, 무인안내시스템, 영상감시장치, 보안용카메라, 전광판",경기도 광명시 소하동 1345 광명테크노파크 D동 1507호 D동 1507호,26519,비디오 및 기타 영상기기 제조업 외 2 종,02-2083-1333
(주)상지테크,2002-11-12,6,"수,배전반, 조명기구",경기도 광명시 철산동 626-3번지,28123,배전반 및 전기 자동제어반 제조업 외 4 종,02-2681-7418
(주)상진,2000-12-21,10,"컴퓨터 주변기기,정보통신부품",경기도 광명시 광명동 153-1번지,25913,자동차용 금속 압형제품 제조업 외 1 종,02-2615-5571
(주)샘플피씨비,2024-07-16,8,"인쇄회로기판, 계측기기",경기도 광명시 소하동 1345 광명테크노파크 A동 1303호,26224,전자부품 실장기판 제조업 외 3 종,02-8667-1992
(주)서울신소재,2001-06-07,10,금형부품,경기도 광명시 가학동 781-10번지,29293,주형 및 금형 제조업,02-2611-6187
(주)서진,2009-08-27,15,"안전표지판, 안전교통시설물, 안전용품",경기도 광명시 옥길동 143-8번지,25994,금속 표시판 제조업,02-2631-6757
(주)성오스틸,2009-09-08,4,변압기및 용접기 코아 제조,경기도 광명시 가학동 206번지,28112,변압기 제조업,02-2066-7727
(주)성진기업,2009-06-05,5,"LED 램프, 조명기구",경기도 광명시 가학동 204-11번지,28422,일반용 전기 조명장치 제조업 외 3 종,02-2618-2501
(주)세라핌컴퍼니,2015-08-25,30,의류제품(숙녀복),경기도 광명시 소하동 1345번지 광명테크노파크 D동 11층 1101,14199,그 외 기타 봉제의복 제조업,070-7457-8200
(주)세종기획,2020-03-03,1,광고물,경기도 광명시 하안동 303 4층 434호 4층 434호,33910,간판 및 광고물 제조업,02-2681-7133
(주)세코인터페이스,2011-10-12,14,매연저감장치용 전장품,경기도 광명시 소하동 1345 번지 광명테크노파크 비동 4층 비402호,30399,그 외 자동차용 신품 부품 제조업 외 3 종,070-7781-0300
(주)세포바이오,2020-10-07,16,"세포, SteMin","경기도 광명시 소하동 1345-0 광명테크노파크 A동 지하 107, 108, 109호",21100,기초 의약 물질 제조업 외 1 종,02-723-3450
(주)세현상사,1991-05-02,15,"검도용품(호면,갑상,호완,도복)",경기도 광명시 광명동 313-1번지,33309,기타 운동 및 경기용구 제조업 외 2 종,02-2685-3400
(주)소닉브레인코리아,2012-05-17,30,도어락,경기도 광명시 소하동 1345 광명테크노파크 A동 1011호 A동 1011호 외 2필지,28901,전기경보 및 신호장치 제조업,02-2083-1677
(주)쉴드케이,2024-02-23,7,도청녹음방지기,경기도 광명시 소하동 1345 광명테크노파크 B동 707호 B동 707호,26429,기타 무선 통신장비 제조업,02-3292-0532
(주)스누픽,2019-06-19,3,의류잡화 스타일링 및 박스,경기도 광명시 소하동 1345번지 광명테크노파크 D동 10층 1003,14199,그 외 기타 봉제의복 제조업,02-899-7713
(주)스피드레이저기술,2020-12-08,5,"레이저용접기, 지그기, 마킹기, 레이저기계부품, 레이저용접봉",경기도 광명시 소하동 1365 에이스 광명타워 208호,28909,그 외 기타 전기장비 제조업,02-808-3399
(주)승영,2000-02-24,22,자동차부품,경기도 광명시 옥길동 225-3번지,30399,그 외 자동차용 신품 부품 제조업 외 4 종,02-2616-4493
(주)시스피아기연,2012-05-07,10,산업용튀김기,경기도 광명시 철산동 626-3번지 광명조명타운 603호,29299,그 외 기타 특수목적용 기계 제조업 외 1 종,02-6497-8727
(주)시컴스,2020-02-25,13,무선통신장비,경기도 광명시 소하동 1345번지 광명테크노파크 B동 3층 308,26429,기타 무선 통신장비 제조업,02-2083-2929
(주)시코드,2012-03-21,4,LED 광고조명장치,경기도 광명시 소하동 1345번지 광명테크노파크 A동 11층 1107,28423,전시 및 광고용 조명장치 제조업 외 3 종,070-8855-8300
(주)시흥,1970-10-01,35,상하수도.전기.통신용 맨홀 뚜껑,경기도 광명시 소하1동 199-2번지,24311,선철주물 주조업,02-802-6977
(주)신산이엔지,2020-06-05,21,"약액밸브, 플레인베어, ESS 시트메탈, 홀라이트 외",경기도 광명시 일직동 515-1 광명역자이타워 A동 807~812호,29271,반도체 제조용 기계 제조업 외 3 종,02-6470-7100
(주)신성이엔아이,2012-01-18,5,전기자동제어반,경기도 광명시 소하동 1345번지 광명테크노파크 E동 9층 901,28123,배전반 및 전기 자동제어반 제조업,02-3667-1715
(주)신화광명채널,2011-07-20,2,LED 채널 간판,경기도 광명시 노온사동 337 번지,33910,간판 및 광고물 제조업,02-2686-5675
(주)신흥메디칼,2007-09-03,16,"옥매트, 찜질기, 베개",경기도 광명시 철산동 626-3번지,28909,그 외 기타 전기장비 제조업,02-2689-6223
(주)심플리시티,2012-07-25,40,숙녀복,경기도 광명시 소하동 1345번지,14300,편조의복 제조업,02-6112-2993
(주)써니테크무역,2004-04-13,6,"전자설비,라벨분리기,테이프커팅기",경기도 광명시 철산동 626-3번지,28909,그 외 기타 전기장비 제조업 외 4 종,02-2625-2692
(주)썬앤문,2020-03-16,4,"경광봉, PCB",경기도 광명시 일직동 515-1번지 B-1210,33999,그 외 기타 달리 분류되지 않은 제품 제조업,02-899-8922
(주)썬이코리아조명,2011-11-24,15,LED조명,경기도 광명시 하안동 201 번지 광명아파트형공장 3동 6층 4호,28422,일반용 전기 조명장치 제조업,031-901-3852
(주)썬즈,2016-04-01,10,유선통신장비,경기도 광명시 하안동 201번지 아파트형공장 제1동 1동 1층 1,26410,유선 통신장비 제조업,02-2681-5200
(주)쏘모라이팅,2013-04-03,9,LED조명,경기도 광명시 소하동 1345번지,28422,일반용 전기 조명장치 제조업 외 1 종,070-4322-4945
(주)쓰리하이엘렉트로닉스,2014-05-27,4," SMPS(Switching Mode Power Supply), 시각장애인용 음향신호발생기,  SMPS(Switching Mode Power Supply),  SMPS(Switching Mode Power Supply), LED조명등, 교통신호등,  SMPS(Switching Mode Power Supply), LED조명등, 교통신호등",경기도 광명시 소하동 1345 광명테크노파크 D동 12층 1201호,28422,일반용 전기 조명장치 제조업 외 4 종,070-8810-9472
(주)씨밀레테크,2017-03-27,3,자동화 판넬,경기도 광명시 소하동 1345번지 광명테크노파크 D동 4층 406,28123,배전반 및 전기 자동제어반 제조업,02-6112-4061
(주)씨에스테크노필,2012-04-10,7,액체여과기,"경기도 광명시 소하동 1345번지 광명테크노파크 C동 11층 1103,1104(소하동,광명테크노파크)",29176,액체 여과기 제조업,02-2631-4966
(주)씨엔이지에스,2023-10-16,17,"수신기, 감지기, 중계기","경기도 광명시 소하동 1344 광명G타워 B동 10층 1018호, 1019호",28901,전기경보 및 신호장치 제조업,031-443-1194
(주)씨엔테크,2016-07-08,3,"소방기구, 화재중계기",경기도 광명시 소하동 1345번지 광명테크노파크 A동 15층 1503,26410,유선 통신장비 제조업 외 1 종,02-892-0937
(주)씨엔티이십일,2022-08-25,10,커넥터,경기도 광명시 소하동 1345 광명테크노파크 E동 1007호 E동 1007호 외 1필지,28122,전기회로 접속장치 제조업,02-805-0034
(주)씨제이라이트,2022-06-16,2,LED조명기구,경기도 광명시 소하동 1344 광명G타워 5층 508호 5층 508호,28422,일반용 전기 조명장치 제조업,02-898-5674
(주)씨케이미디어,2021-12-24,4,"전광판, 영상기기, 방송기기, 소프트웨어 개발",경기도 광명시 소하동 1345 광명테크노파크 E동 505호 E동 505호,28423,전시 및 광고용 조명장치 제조업 외 2 종,02-2138-6820
(주)씨텍,2023-09-12,1,방화댐퍼용 자동제어기기 및 제어장치,경기도 광명시 일직동 515-1 에이동 14층 1411호,28122,전기회로 접속장치 제조업,02-6929-2141
(주)씨트웰,2006-08-22,11,"밸브,펌프류,강관, 기어및동력장치",경기도 광명시 노온사동 410-2번지,29133,"탭, 밸브 및 유사장치 제조업 외 13 종",02-2689-5509
(주)아이닉스,2024-02-22,4,"산업용 미디어 프로세서, 비디오 스위처, 비디오 익스텐더, 산업용 미디어 프로세서","경기도 광명시 일직동 514 B동 10층 1012호, 1013호",26310,컴퓨터 제조업 외 3 종,02-2636-1306
(주)아이로보,2017-03-31,42,엑츄에이터,경기도 광명시 소하동 1345번지 광명테크노파크 A동 9층 1345 A동 9층 910호 외 6필지,29280,산업용 로봇 제조업,02-801-5903
(주)아이엔지,2017-04-18,16,CABLE ASSEMBLY,경기도 광명시 소하동 1345번지 광명테크노파크 D동 8층 813 D동 8층 813호,26299,그 외 기타 전자부품 제조업 외 1 종,02-2083-1470
(주)아이이씨티,2014-07-22,23,"방폭형판넬, 압력공급장치, 전원차단박스, 온도센서, 양압시스템","경기도 광명시 소하동 1345 광명테크노파크 A동 107호, 1401호 A동 107호, 1401호",27216,산업처리공정 제어장비 제조업,031-932-0220
(주)아이지에스,2022-09-27,9,"광학식 가스 sensor, 연기감지기",경기도 광명시 일직동 515-1 B동 308호 B동 308호,26294,전자감지장치 제조업,02-6299-7536
(주)아이트리,2020-03-26,4,"스피커, 통신용변조기, 벽부형IO패널, 플러그용잭, 브래킷 등",경기도 광명시 소하동 1345번지 광명테크노파크 D동 11층 1103 D동 11층 1103호,26529,기타 음향기기 제조업 외 2 종,02-898-5423
(주)아인팩,2015-11-17,5,진공포장기계,경기도 광명시 하안동 556-3번지 1층,29191,"용기 세척, 포장 및 충전기 제조업",02-898-8875
(주)아주엔지니어링,2023-02-10,9,"스마트 온실장, 동보장치, 종합계측기, 마을무선방송장치, 경사계",경기도 광명시 소하동 1345 광명테크노파크 B동 908호 B동 908호,26410,유선 통신장비 제조업 외 4 종,02-897-2345
(주)알앤엘,2013-01-31,22,"전기매트, 의료용 전기매트",경기도 광명시 소하동 1365번지,28512,가정용 전기 난방기기 제조업 외 2 종,02-6112-7706
(주)알파글로벌,2013-02-27,3,"존기조명, 반도체장비, 세정장비",경기도 광명시 소하동 1345번지 광명테크노파크 A동 14층 1404,28422,일반용 전기 조명장치 제조업 외 3 종,02-2688-8005
(주)애강그린텍,2011-05-03,11,"분배기, 볼밸브",경기도 광명시 노온사동 369-1 번지,22211,"플라스틱 선, 봉, 관 및 호스 제조업",02-2060-6310
(주)앤제이컴퍼니,2014-01-22,6,"게임기케이스, 게임에어폼",경기도 광명시 소하동 1345번지,33402,영상게임기 제조업,02-2677-3488
(주)앨리스가든,2019-03-22,8,빵류,"경기도 광명시 소하동 1345번지 광명테크노파크 D동 3층 304,305",10602,빵류 제조업 외 2 종,02-898-2400
(주)에너테크글로벌,2018-10-22,5,전자식가스메타,경기도 광명시 소하동 1345번지 광명테크노파크 B동 3층 306,27214,속도계 및 적산계기 제조업,02-2083-2243
(주)에스비에프,2012-08-13,10,"드라이기, 고데기",경기도 광명시 하안동 201번지 3동 6층 2호 외 1필지,28519,기타 가정용 전기기기 제조업,02-6112-2696
(주)에스씨에스,2011-01-20,7,디지털 압력센서,"경기도 광명시 소하동 1345-0 광명테크노파크 B동 606, 607, 608호",27216,산업처리공정 제어장비 제조업,02-808-4402
(주)에스엘,2009-01-05,2,순대,경기도 광명시 가학동 1017-2번지,10701,도시락류 제조업 외 1 종,02-2616-1120
(주)에스제이인터내셔널,2008-02-28,5,알루미늄칼라와이어,경기도 광명시 광명동 143-6번지,24290,기타 1차 비철금속 제조업,02-6414-9977
(주)에쓰씨온,2025-08-29,4,"광다중장치, 충전보관함",경기도 광명시 일직동 514 A동 22층 2203호,26410,유선 통신장비 제조업 외 1 종,02-6289-8977
(주)에어위드,2021-03-29,6,"산업용 컴퓨터, 컴퓨터 서버, 디지털 영상정보 안내시스템, 미세먼지 센서, 미세먼지 신호등, 실내공기질 경보기, 수위측정센서, 미세먼지 센서, 미세먼지 신호등, 실내공기질 경보기, 수위측정센서, 미세먼지 센서, 미세먼지 신호등, 실내공기질 경보기, 수위측정센서, 전기공급 및 제어장치",경기도 광명시 소하동 1345 광명테크노파크 E동 513호,26310,컴퓨터 제조업 외 5 종,070-4150-0907
(주)에이피에스아이씨티,2018-10-25,9,"스마트 카드, 금융OTP카드, 무전기, 지문 USB메모리",경기도 광명시 소하동 1365번지 A동 11층 1101,26292,전자저항기 및 전자카드 제조업,02-6112-7391
(주)에코시스,2009-09-09,3,매트제조,경기도 광명시 노온사동 544-2번지,13229,기타 직물제품 제조업 외 2 종,02-786-7115
(주)에코와트전기,2023-07-06,3,"도로표지병, 바닥신호등",경기도 광명시 소하동 1344 광명G타워 A828호 A828호,28903,교통 신호장치 제조업 외 1 종,031-352-8836
(주)에프에이엔지니어링,2004-02-05,5,"배전반, 전기자동제어반",경기도 광명시 광명동 575-4번지,28123,배전반 및 전기 자동제어반 제조업,02-2689-7490
(주)에프피텍,2018-11-01,4,"BLDC게이트 차단기컨트롤보드, 차량검지기",경기도 광명시 소하동 1345번지 광명테크노파크 A동 8층 809,26294,전자감지장치 제조업,02-6112-3800
(주)엑스컴정보통신,2014-04-07,10,"컴퓨터, 모니터, cctv, 출입증발급기",경기도 광명시 소하동 909-6번지 지하1층,26310,컴퓨터 제조업 외 3 종,02-898-9830
(주)엑스큐시스템,2010-05-13,16,자동화기기 자동제어반,경기도 광명시 노온사동 157-8번지,28123,배전반 및 전기 자동제어반 제조업 외 5 종,02-6404-7780
(주)엔비엘,2008-12-04,32,"정수기 부품, 환경용품",경기도 광명시 하안동 201번지,22299,그 외 기타 플라스틱 제품 제조업,02-6298-7887
(주)엔쓰리코퍼레이션,2006-04-12,11,"블루투스 모듈, 핸즈프리",경기도 광명시 철산동 626-3번지,26421,방송장비 제조업 외 4 종,02-2618-1077
(주)엔앤피테크놀러지즈,2011-07-08,13,POS SYSTEM 및 주변기기,경기도 광명시 소하동 1345번지 광명테크노파크 A동 11층 1112 외 1필지,26310,컴퓨터 제조업,02-2083-1800
(주)엔에스엠테크,2024-12-16,1,"의료용 가구 부품, 호이스트부품",경기도 광명시 일직동 515-1 A동 19층 1913호,25929,그 외 기타 금속가공업 외 2 종,
(주)엔젤비티알,2009-07-20,5,축전지 및 휴대용 후레쉬,경기도 광명시 철산동 626-3번지,28202,운송장비용 이차전지 제조업 외 3 종,02-718-2629
(주)엔지티엠,2015-05-11,3,가죽 및 단백질 재질 세탁세제,경기도 광명시 소하동 1345번지 광명테크노파크 B동 3층 301,20422,"치약, 비누 및 기타 세제 제조업",070-4141-8438
(주)엘레시스,2013-01-25,19,레이저수술기,경기도 광명시 소하동 1345번지,27112,전기식 진단 및 요법 기기 제조업,02-2083-2078
(주)엘지에스코퍼레이션,2022-12-15,3,소독수(차아염소산수),경기도 광명시 일직동 515-1 A동 706-1호 A동 706-1호,20321,화학 살균.살충제 및 농업용 약제 제조업 외 1 종,02-2109-2454
(주)엠라이테크,2015-10-20,10,"무대, 조명장치, 제어장치",경기도 광명시 하안동 201번지 아파트형공장 제1동 4동 4층 2,28121,"전기회로 개폐, 보호장치 제조업 외 5 종",02-467-6051
(주)엠에프씨아이엔티,2012-08-31,11,"의류(등산복, 기타)",경기도 광명시 소하동 1345번지,14192,"근무복, 작업복 및 유사의복 제조업 외 6 종",02-2083-1345
(주)엠케이리더스,2018-05-24,7,이동통신 케이블,경기도 광명시 일직동 506번지 A동 304호,26429,기타 무선 통신장비 제조업,02-899-8267
(주)엠케이탑,2023-09-11,7,"단독경보형감지기, 가스차단기","경기도 광명시 소하동 1344 광명G타워 B동 13층 1306호, 1307호",29133,"탭, 밸브 및 유사장치 제조업 외 2 종",070-4793-9989
(주)엠투플러스,2017-07-05,9,자동화 부품 및 설비,경기도 광명시 소하동 1345 광명테크노파크 C동 8층 802호,27216,산업처리공정 제어장비 제조업,02-2083-1611
(주)여주전자,2012-01-18,62,"Power Window s/w, Remote Control s/w, DMB Module, LED LAMP ","경기도 광명시 소하동 1365-0 에이스 광명타워 309,310호",30399,그 외 자동차용 신품 부품 제조업 외 5 종,02-894-6121
(주)연미가에프앤비,2014-03-27,24,제빵류,경기도 광명시 소하동 1345번지 광명테크노파크 C동 12층 1210~1213 외 1필지,10602,빵류 제조업,02-2083-1850
(주)영이너폼,2008-02-18,21,"브래지어날개, 컵가공",경기도 광명시 가학동 1029-7번지,14120,속옷 및 잠옷 제조업 외 1 종,02-2684-6737
(주)영일랩스,2012-02-01,21,검사시험기,"경기도 광명시 소하동 1345번지 광명테크노파크 C동 5층 512,513",27216,산업처리공정 제어장비 제조업 외 3 종,02-2083-2460
(주)영일식품,2011-03-14,15,면류,경기도 광명시 노온사동 574-27번지,10820,"면류, 마카로니 및 유사식품 제조업 외 1 종",02-3141-5115
(주)영진이엘,2011-12-08,65,조명등기구,경기도 광명시 소하동 1345번지 광명테크노파크 D동 2층 208,28422,일반용 전기 조명장치 제조업,02-6278-4228
(주)영창비엔비테크,2012-01-27,7,휴대폰부품,경기도 광명시 소하동 1345번지 광명테크노파크 D동 1층 102,29291,"고무, 화학섬유 및 플라스틱 성형기 제조업 외 1 종",02-2083-2570
(주)예림 엘.엔.아이,1994-07-19,3,"자동차용,전장품,적외선치료기",경기도 광명시 철산동 66-11번지,27111,방사선 장치 제조업,02-2615-3403
(주)예원아이엔티,2020-03-06,4,"인덕션, 공기청정기, 주방가전",경기도 광명시 하안동 201번지 3동 7층 1,28511,주방용 전기기기 제조업 외 1 종,02-2201-0120
(주)예진창호,2012-07-10,4,금속창호,경기도 광명시 철산동 626-3번지,25111,"금속 문, 창, 셔터 및 관련제품 제조업 외 2 종",02-2688-3669
(주)예찬축산유통,2022-03-24,5,축산물 세절 가공품,경기도 광명시 가학동 426-3 1층,10122,육류 포장육 및 냉동육 가공업 (가금류 제외),02-6673-1616
(주)오루체,2023-08-20,6,조명기구,경기도 광명시 일직동 514 B동 2층 201호,28422,일반용 전기 조명장치 제조업,02-6914-6847
(주)오스팀,2014-01-03,5,스팀 온풍기,경기도 광명시 소하동 1345번지,29172,가정용 및 산업용 공기 조화장치 제조업 외 1 종,070-8780-8880
(주)오엠애드,2011-07-04,2,인쇄물,경기도 광명시 하안동 201 번지 광명아파트형공장 1동 4층 4호,18112,스크린 인쇄업 외 2 종,02-2274-1710
(주)오토빌,2014-05-13,10,전시체험물,경기도 광명시 노온사동 419-3번지,29299,그 외 기타 특수목적용 기계 제조업 외 1 종,02-2626-9696
(주)올크린,2020-09-11,8,극세사 걸레,경기도 광명시 일직동 515-1 광명역자이타워 A-1312,13229,기타 직물제품 제조업,02-807-7890
(주)와이에이치,2025-10-17,10,"통합배선반, 영상감시장치",경기도 광명시 하안동 304 8층 824호 8층 824호,26410,유선 통신장비 제조업 외 1 종,02-899-8003
(주)와이즈업,2020-11-05,6,VR/AR 온라인 프리젠테이션 솔루션,경기도 광명시 일직동 515-1 B동 516호,26529,기타 음향기기 제조업 외 3 종,
(주)우리방재산업,2022-12-14,15,"화재수신기, 발신기, 경종, 감지기, 비상콘센트, 시각경보기, 유도등, 표시등",경기도 광명시 철산동 626-3 광명테크노타운 101호 101호 외 1필지,28901,전기경보 및 신호장치 제조업,02-2066-1262
(주)우림,1995-11-09,7,"전자부품,악기부품",경기도 광명시 소하동 1105-2번지,22251,폴리스티렌 발포 성형제품 제조업 외 1 종,02-898-6454
(주)우보실업,2000-12-28,78,"신용카드조회기,무선호출기,무선전화기",경기도 광명시 하안동 201번지,26421,방송장비 제조업 외 2 종,02-896-5015
(주)우주,2011-03-17,10,자동제어 온도센서,"경기도 광명시 소하동 1345 번지 광명테크노파크 디동 5층 501,502호",27215,기기용 자동측정 및 제어장치 제조업,02-805-6171
(주)월드베스텍,2024-01-12,6,스프링쿨시스템,경기도 광명시 소하동 1345 광명테크노파크 D동 8층 809호,29192,분사기 및 소화기 제조업,02-890-5432
(주)월드씨엔에스,2020-10-29,8,"영상감시장치, 보안용카메라, 전광판, 열차행선안내장치","경기도 광명시 일직동 515-1 광명역자이타워 B동 1813, 1814, 1815, 309호",26410,유선 통신장비 제조업 외 2 종,02-6299-7245
(주)월드씨엔에스,2022-03-11,5,LED 조명기구,경기도 광명시 일직동 515-1 B동 905호 B동 905호,28422,일반용 전기 조명장치 제조업,02-6299-7245
(주)위쥬테크,2023-11-15,21,"주차관제기기, 주차관제시스템, CCTV, 방송설비, 통합배선, CATV",경기도 광명시 소하동 1344 광명G타워 B1층 제지110호 B1층 제지110호,26299,그 외 기타 전자부품 제조업 외 7 종,02-2663-2366
(주)위트콘,2021-03-18,6,"영상정보디스플레이장치, 무인안내시스템, 영상감시장치, 보안용카메라, 출입통제시스템, 대기오염측정기",경기도 광명시 소하동 1345 광명테크노파크 C동 705호 C동 705호,26519,비디오 및 기타 영상기기 제조업 외 4 종,02-2083-1700
(주)위트콘,2023-05-23,8,"CCTV, NVR, 컴퓨터, 미세먼지 측정기, 전광판, 적외선 카메라, 영상정보디스플레이장치",경기도 광명시 소하동 1345 광명테크노파크 E동 516호 E동 516호,26519,비디오 및 기타 영상기기 제조업 외 6 종,02-2083-1700
(주)윈텍,2012-03-09,8,전기자동제어반,경기도 광명시 소하동 1345번지 광명테크노파크 B동 10층 1006,28123,배전반 및 전기 자동제어반 제조업 외 1 종,02-2616-1710
(주)윌로테크,2025-03-28,1,"향수, 토너",경기도 광명시 하안동 304 14층 1412호 14층 1412호,20423,화장품 제조업,0507-1401-1363
(주)유니텍시스,2012-03-15,4,라벨부착기,경기도 광명시 소하동 1345번지 광명테크노파크 E동 8층 804,29191,"용기 세척, 포장 및 충전기 제조업",02-6112-4325
(주)유디에이,2008-03-19,11,데이터획득시스템외,경기도 광명시 철산동 626-3번지 광명테크노타운 202-2,27216,산업처리공정 제어장비 제조업,02-777-7747
(주)유림엔지니어링,2014-08-26,2,자동제어반 및 배전반,경기도 광명시 소하동 1345번지 광명테크노파크 B동 14층 1408,28123,배전반 및 전기 자동제어반 제조업,02-572-6200
(주)유림텍,2012-04-10,6,광통신 점퍼코드,경기도 광명시 소하동 1345번지,26410,유선 통신장비 제조업,02-895-6688
(주)유바이오젠,2011-02-09,4,체외진단의약품,경기도 광명시 소하동 1345 번지 광명테크노파크 씨동 8층 씨806호,21301,체외 진단 시약 제조업 외 1 종,02-6112-2297
(주)유비콘스,2013-07-25,3,자동인증기,경기도 광명시 하안동 201번지 아파트형공장 제1동 3동 5층 3-1호,29180,사무용 기계 및 장비 제조업,02-897-7801
(주)유승산업,1997-06-30,10,"닥트기구,송풍기",경기도 광명시 옥길동 319-1번지,29174,산업용 송풍기 및 배기장치 제조업,02-2615-9991
(주)유진에너팜,2013-03-20,1,에너지 저장장치,경기도 광명시 소하동 1365번지,28119,기타 전기 변환장치 제조업 외 1 종,02-6112-7591
(주)유피테크광명,2020-03-20,1,METAL MASK,경기도 광명시 소하동 1365번지 5층 521,26299,그 외 기타 전자부품 제조업,031-344-1913
(주)윤진전자,2012-01-11,32,자동차용 LED PCB ASSY,"경기도 광명시 소하동 1365번지 405호, 409호, 410호",26224,전자부품 실장기판 제조업,02-896-7757
(주)이-테크놀로지,2007-04-18,5,자동문,경기도 광명시 가학동 909-1번지,25111,"금속 문, 창, 셔터 및 관련제품 제조업",02-2066-8771
(주)이노시스템,2020-02-05,5,산업용 자동차 분전반,경기도 광명시 일직동 515-1번지 B-1406,28121,"전기회로 개폐, 보호장치 제조업 외 2 종",02-2060-5868
(주)이레산업,2022-03-15,9,"금형메인코어 ,슬라이스코어, 변형코어 등 금형관련 부품 ",경기도 광명시 노온사동 212-4,29293,주형 및 금형 제조업,02-857-8277
(주)이룸시스,2024-09-26,14,"특수목적컴퓨터, 구내방송장치, 영상감시장치","경기도 광명시 일직동 514 B동 6층 607호, 608호",26421,방송장비 제조업 외 1 종,02-2672-1142
(주)이미지포커스,2017-05-11,13,"조명, 조명controller",경기도 광명시 소하동 1345번지 광명테크노파크 D동 12층 1214,26299,그 외 기타 전자부품 제조업 외 1 종,02-6112-2770
(주)이시컨트롤,2012-03-15,11,자동제어반 ,경기도 광명시 소하동 1345번지 광명테크노파크 E동 4층 413,26421,방송장비 제조업 외 3 종,02-894-6911
(주)이에스엘,2021-01-05,2,LED조명기구,경기도 광명시 일직동 515-1 B동 6층 607호,28422,일반용 전기 조명장치 제조업,02-6299-7738
(주)이학순베이커리,2021-06-25,19,"빵류 및 과자, 초콜릿류",경기도 광명시 소하동 1345 광명테크노파크 E동 6층 606호 외 1필지,10602,빵류 제조업 외 1 종,02-899-0600
(주)인더스텍,2016-01-26,2,"모션제어시스템, 산업용컴퓨터",경기도 광명시 소하동 1345번지 광명테크노파크 E동 6층 601,27216,산업처리공정 제어장비 제조업 외 1 종,02-2083-3088
(주)인스파워,2016-01-29,12,이동통신용 전력증폭기,경기도 광명시 소하동 1345번지 광명테크노파크 A동 14층 1405 A동 14층 1405호,26429,기타 무선 통신장비 제조업,02-2083-2932
(주)장안어패럴,2011-10-07,24,티셔츠,경기도 광명시 소하동 1345번지,14191,셔츠 및 블라우스 제조업 외 1 종,02-839-5796
(주)장우산업,2019-01-21,7,"금속 문, 창, 셔터 외",경기도 광명시 옥길동 21-1번지,25111,"금속 문, 창, 셔터 및 관련제품 제조업 외 4 종",02-2682-6333
(주)장흥넥스트론,2025-09-05,2,"파워코드, 비타민샤워필터, 센서",경기도 광명시 노온사동 436-10 지하 1층,26299,그 외 기타 전자부품 제조업 외 2 종,02-2687-2152
(주)정우콘베어,1990-12-06,5,콘베이어,경기도 광명시 소하동 3-4번지,29169,기타 물품 취급장비 제조업,02-807-0328
(주)제로지텍,2024-04-04,2,필기구,경기도 광명시 하안동 303 7층 719호 7층 719호,33920,사무 및 회화용품 제조업,02-3472-7350
(주)제이더블유,2022-02-14,6,"오디오앰프, 네트워크시스템장비용랙, 통신케이블어셈블리, 스피커, 영상정보디스플레이, 원격접속장치, 출입통제시스템, 전광판, 전원공급장치",경기도 광명시 소하동 1345 광명테크노파크 E동 411호 E동 411호,26421,방송장비 제조업 외 6 종,02-899-0668
(주)제이씨,2011-04-13,4,"음수대, 조례대, 자전거보관대, 차양",경기도 광명시 소하동 1345 번지 광명테크노파크 비동 7층 702호,25112,구조용 금속 판제품 및 공작물 제조업 외 4 종,02-6112-3233
(주)제이에스일렉트릭,2022-02-25,9,"자동제어장치, 소프트웨어, 시스템",경기도 광명시 일직동 514 B동 804호 B동 804호,28123,배전반 및 전기 자동제어반 제조업,02-6112-3400
(주)제이엠이엔비,2012-06-22,11,"미생물,미생물배양액,물벼룩경보장치",경기도 광명시 소하동 1345번지 광명테크노파크 E동 11층 1110 외 1필지,21100,기초 의약 물질 제조업 외 3 종,02-6112-2440
(주)제이피 허브 시스템즈,2023-02-23,3,컴퓨터 및 주변기기,경기도 광명시 소하동 1344 광명G타워 A1409호 A1409호,26310,컴퓨터 제조업,
(주)조강FOD,2007-08-03,7,"오버헤드및특수도어,기계제작설치",경기도 광명시 옥길동 97-8번지,25111,"금속 문, 창, 셔터 및 관련제품 제조업",02-2685-0276
(주)조은페이퍼,2007-05-28,6,"은행용CD용지, 영수증용지, 전산용지",경기도 광명시 가학동 781-11번지,17901,문구용 종이제품 제조업 외 4 종,02-2066-8091
(주)준씨에스,2007-01-22,5,"소형크러셔, 소형절단기, 집게,버켓",경기도 광명시 옥길동 47-19번지,29241,건설 및 채광용 기계장비 제조업 외 1 종,02-2068-5416
(주)지아이비코리아,2024-03-13,3,IPU(고속도로 자동차 번호인식 장치),경기도 광명시 하안동 201 453호 453호,26310,컴퓨터 제조업,070-8849-5797
(주)지제이씨,1967-09-05,17,접착제,경기도 광명시 소하동 213번지,20493,접착제 및 젤라틴 제조업,02-802-7374
(주)진강전자,2019-02-19,1,"전기기기, 조명제어장치",경기도 광명시 하안동 201번지 2동 4층 1-1,26410,유선 통신장비 제조업 외 2 종,070-4355-6378
(주)진엔지니어링,2017-05-08,9,"분전반, 등기구",경기도 광명시 노온사동 759-1번지 1층,28123,배전반 및 전기 자동제어반 제조업 외 2 종,02-897-3985
(주)천조스토리,2016-11-24,7,"전열기, 전자제품",경기도 광명시 옥길동 139-3번지,28512,가정용 전기 난방기기 제조업,02-2060-1033
(주)초록물산,2014-12-24,5,"묵제조(도토리묵, 올방개묵)",경기도 광명시 노온사동 155-10번지,10894,두부 및 유사식품 제조업,02-831-9444
(주)칩센,2021-05-24,11,"산업용 무선통신부품, 모듈, 무선통신제품","경기도 광명시 일직동 501-4 501, B226호 501, B226호",26521,"라디오, 녹음 및 재생 기기 제조업",02-1599-6005
(주)케이블엔와이어링크,2008-03-19,8,"cable, wire harness",경기도 광명시 하안동 201번지,28301,광섬유 케이블 제조업,02-893-3077
(주)케이텍,2016-08-16,6,기계모니터링 및 공구류,경기도 광명시 소하동 1345번지 광명테크노파크 E동 12층 1208,27212,"전자기 측정, 시험 및 분석기구 제조업 외 1 종",02-803-0980
(주)코리아시스템,2009-09-09,16,천막 및 기타 캔버스제품,경기도 광명시 옥길동 24-1번지,18119,기타 인쇄업 외 1 종,02-2684-1367
(주)코스텍,2019-01-02,20,기타 특수 목적용 기계 제조업 외 2종,경기도 광명시 하안동 201번지 2동 703호,29299,그 외 기타 특수목적용 기계 제조업 외 2 종,02-2632-2114
(주)코스템,2013-07-08,6,"CCTV제품, 차량번호식별 제품",경기도 광명시 하안동 201번지 아파트형공장 제1동 4동 7층 4호,26421,방송장비 제조업 외 2 종,070-4640-2867
(주)코엔지,2024-10-28,9,전기자전거용 리튬이온배터리팩,경기도 광명시 일직동 514 A동 19층 1904호,28202,운송장비용 이차전지 제조업 외 1 종,02-838-6300
(주)킹콩에듀,2019-04-24,10,"유치교구, 초등교구",경기도 광명시 하안동 201번지 4동 6층 3호,47611,"서적, 신문 및 잡지류 소매업 외 1 종",1544-0842
(주)태성로직스,2022-02-14,8,"PSD 제어반, RTDB, WATER-EYE, RAIN-EYE, SNOW-EYE, PLC제어반",경기도 광명시 소하동 1345 광명테크노파크 B동 604호 B동 604호,28123,배전반 및 전기 자동제어반 제조업,02-6212-1347
(주)태성자동문,2007-05-31,18,자동문,경기도 광명시 노온사동 574-14번지,25111,"금속 문, 창, 셔터 및 관련제품 제조업",02-842-0144
(주)태영전자,2002-11-20,12,변압기(전자제품용),경기도 광명시 철산동 626-3번지 광명조명타운 1층 103 1층 103호,28112,변압기 제조업,02-2611-5727
(주)태진카본,2022-05-17,8,카본 제품,경기도 광명시 일직동 22-4,23999,그 외 기타 분류 안된 비금속 광물제품 제조업,02-806-3181
(주)테라엘텍,2022-04-26,8,"승강기용 정보표시장치(LCD, LED)",경기도 광명시 소하동 1345 광명테크노파크 E동 810호 E동 810호,26211,액정 표시장치 제조업,02-2083-2983
(주)텐코리아,2010-06-29,3,태양광발전장치,경기도 광명시 노온사동 574-17번지,28123,배전반 및 전기 자동제어반 제조업 외 5 종,02-896-0304
(주)텐코리아 제1공장,2014-05-27,18,"태양광발전시스템, 자동제어시스템",경기도 광명시 노온사동 574-56번지,28123,배전반 및 전기 자동제어반 제조업 외 5 종,02-896-0304
(주)트루아이즈,2018-02-28,10,co2 센서,경기도 광명시 소하동 1345번지 광명테크노파크 A동 14층 1408,28121,"전기회로 개폐, 보호장치 제조업",02-2083-2377
(주)트리비젼,2014-07-04,5,"조명, 컨트롤러",경기도 광명시 소하동 1345번지 광명테크노파크 C동 14층 1410-1,28422,일반용 전기 조명장치 제조업,070-8244-8041
(주)티에스엠,2017-03-09,13,"광학, 전자제어장치",경기도 광명시 소하동 1345번지 광명테크노파크 D동 12층 1210,27192,치과기공물 제조업 외 3 종,070-4006-3311
(주)티에스원,2013-11-27,4,우편물봉함기,경기도 광명시 소하동 1345번지,29180,사무용 기계 및 장비 제조업,02-2083-1300
(주)티큐브테크,2016-04-14,5,통신용 전원함,경기도 광명시 노온사동 360-4번지,28123,배전반 및 전기 자동제어반 제조업,02-2138-3471
(주)티텍스타일,2019-05-27,8,"셔츠, 블라우스, 봉제 의복",경기도 광명시 소하동 1345번지 광명테크노파크 A동 12층 1212,14191,셔츠 및 블라우스 제조업 외 1 종,02-803-7201
(주)파이온이엔지,2015-08-19,8,산업용전력제어기,"경기도 광명시 소하동 1345-0 광명테크노파크 D동 707,708호",28121,"전기회로 개폐, 보호장치 제조업 외 1 종",02-2083-1966
(주)펀비즈,2021-05-12,9,"유아의복, 출산용품, 속옷, 요실금팬티, 잠옷 등 ","경기도 광명시 소하동 1345 광명테크노파크 D동 403, 404호 D동 403, 404호",14194,유아용 의복 제조업,02-2624-3311
(주)펄스일렉트로닉스,2009-12-30,8,콘센트 멀티텝,경기도 광명시 노온사동 801번지,28121,"전기회로 개폐, 보호장치 제조업 외 1 종",02-2617-8214
(주)포엠,2012-04-10,7,"자동화기계장치(과학기기), 교육용기계장치",경기도 광명시 소하동 1345번지 광명테크노파크 C동 11층 1106,27216,산업처리공정 제어장비 제조업 외 5 종,02-2083-1774
(주)포텍,2021-01-05,5,LED조명기구,경기도 광명시 일직동 515-1 광명역자이타워 A-1405,28422,일반용 전기 조명장치 제조업,02-6299-7701
(주)푸름,2023-11-20,4,"공기살균정화기, 공기살균LED램프, 금속산화물분말(이산화티타늄)",경기도 광명시 소하동 1345 광명테크노파크 B동 8층 808호,28909,그 외 기타 전기장비 제조업 외 4 종,02-862-5553
(주)퓨처인텍,2009-11-06,6,"led 조명기기, 전자기판 실장",경기도 광명시 하안동 201번지 광명아파트형공장 3동 1층 2호,28422,일반용 전기 조명장치 제조업 외 2 종,02-803-7462
(주)프로탄바이오,2021-11-17,8,"진단시약, 의료기기",경기도 광명시 소하동 1345 광명테크노파크 E동 3층 308호 외 1필지,21301,체외 진단 시약 제조업 외 1 종,02-3285-1413
(주)피에스테크,2011-05-16,2,통신전자부품,경기도 광명시 소하동 1345 번지 광명테크노파크 이동 6층 이602호,26429,기타 무선 통신장비 제조업,02-2614-0511
(주)피엔아이,2011-02-17,4,점검구겸세척밸브,경기도 광명시 소하동 1345 번지 광명테크노파크 이동 5층 이518호,29133,"탭, 밸브 및 유사장치 제조업",02-899-9290
(주)필로스,2021-05-21,4,분리막 모듈,경기도 광명시 소하동 1345 광명테크노파크 B동 1209호 B동 1209호,29176,액체 여과기 제조업,02-859-3456
(주)하나텍시스템,2011-02-21,36,"교통정보수집장치, 조명장치","경기도 광명시 소하동 1345번지 광명테크노파크 D동 14층 1409, 1408",28903,교통 신호장치 제조업 외 10 종,02-2083-2688
(주)하이네트웍스,2003-10-29,20,"cctv,영상감시장치",경기도 광명시 광명동 162-8번지 (4층),26421,방송장비 제조업 외 2 종,02-2682-1061
(주)하이앤텍,2020-04-29,15,"CCTV, 동작분석기",경기도 광명시 일직동 515-1번지 A동 1010~1011호,26519,비디오 및 기타 영상기기 제조업 외 2 종,02-6269-2272
(주)한국소방리더스,2011-01-11,9,자동소화시스템,경기도 광명시 광명동 580 번지,29192,분사기 및 소화기 제조업,02-807-9119
(주)한국에프티티,2023-06-29,2,전동차용 DCDC 파워서플라이,경기도 광명시 소하동 1345 광명테크노파크 E동 1013호 E동 1013호,28119,기타 전기 변환장치 제조업,070-7799-7071
(주)한국장애인복지일자리나눔,2022-12-12,5,"CCTV 등 영상감시장치, 인쇄물, 차량인식기, 장애인주차구역 단속시스템",경기도 광명시 소하동 1344 광명G타워 402호 402호,26421,방송장비 제조업 외 2 종,02-703-6793
(주)한길AW,2012-01-19,4,자동화기계,경기도 광명시 광명동 575-5번지,28123,배전반 및 전기 자동제어반 제조업 외 2 종,02-2060-9361
(주)한미노즐,2011-04-07,4,스프레이노즐,경기도 광명시 소하동 1345 번지 광명테크노파크 이동 9층 909호,29133,"탭, 밸브 및 유사장치 제조업",02-894-8111
(주)한생계기,2000-12-28,9,공업용온도계.습도계,경기도 광명시 하안동 201번지,27215,기기용 자동측정 및 제어장치 제조업,02-805-5682
(주)한진에스티,2021-07-14,0,"금속가공품, 철구조물",경기도 광명시 노온사동 574-23,25999,그 외 기타 분류 안된 금속 가공 제품 제조업,031-318-0833
(주)해동사,2005-07-28,29,열전대,경기도 광명시 하안동 201번지,27212,"전자기 측정, 시험 및 분석기구 제조업",02-809-0477
(주)해브잇올,2014-04-09,10,"휴대폰 충전기, 휴대폰 케이스, 휴대폰 케이블",경기도 광명시 소하동 1345번지 광명테크노파크 D동 12층 1207,15129,가방 및 기타 보호용 케이스 제조업 외 2 종,070-4610-1130
(주)허브라,2005-06-08,7,허브차,경기도 광명시 하안동 201번지,10892,차류 가공업,02-802-2468
(주)현대산기,2003-04-11,6,분쇄기제조.조립,경기도 광명시 소하동 313-3번지,29242,광물처리 및 취급장비 제조업,02-899-5607
(주)혜영산업,2006-10-27,9,"밧데리, 밧데리팩, 밧데리, 밧데리팩, 밧데리, 밧데리팩",경기도 광명시 철산동 626-3 광명테크노타운 802호 802호,28202,운송장비용 이차전지 제조업 외 2 종,02-2611-1812
(주)호크마,2012-08-16,3,"음식물쓰레기건조기, 정수기",경기도 광명시 철산동 463-13번지 지하1층,29176,액체 여과기 제조업 외 2 종,02-897-5053
(주)화인아로마,2011-01-12,2,방향제,경기도 광명시 소하동 1345 번지 광명테크노파크 디동 2층 디206호,20424,표면광택제 및 실내가향제 제조업,02-893-4188
(주)화인인터코리아,2020-06-15,18,"금속검출기, 이물선별기, 중량검사기, 컨베이어, 누유검사기",경기도 광명시 소하동 1345 광명테크노파크 A동 1층 105호 외 1필지,27216,산업처리공정 제어장비 제조업 외 2 종,02-899-4472
(주)휴라이트,2019-01-03,3,"저레벨전신조사기, 개인용 광선치료기, 고압산소챔버, 등",경기도 광명시 소하동 1345번지 광명테크노파크 E동 13층 1311,27199,그 외 기타 의료용 기기 제조업,02-898-2116
(합자)광명양조,1979-01-01,7,탁주,경기도 광명시 소하1동 30-31번지,11111,탁주 및 약주 제조업,02-803-8583
C.M어패럴,2002-02-07,5,"잠바,코트,츄리닝,모자",경기도 광명시 소하동 1268번지,14192,"근무복, 작업복 및 유사의복 제조업 외 3 종",02-897-1898
D.H.P주식회사,2006-10-04,9,"황동밸브, 배관자재",경기도 광명시 노온사동 665-2번지,29133,"탭, 밸브 및 유사장치 제조업",02-2619-0003
ELESYS TECH,2011-05-11,4,레이저의료기기,경기도 광명시 소하동 1345 번지 광명테크노파크 이동 13층 이1306호,27199,그 외 기타 의료용 기기 제조업,02-539-2079
J-TECH (제이테크),2024-09-12,6,키오스크 및 영상정보 디스플레이장치,"경기도 광명시 일직동 501-4 8층 806호, 807호 8층 806호, 807호",26519,비디오 및 기타 영상기기 제조업 외 1 종,02-838-3676
KNP,2009-05-01,2,아파트 등기구,경기도 광명시 노온사동 801-5번지,25112,구조용 금속 판제품 및 공작물 제조업,02-2611-1993
KT코스메틱,1991-05-22,5,화장용솔,경기도 광명시 철산동 488-31번지,33993,비 및 솔 제조업,02-2613-0176
M-TECH,2009-09-11,4,공기조화기,경기도 광명시 광명동 158-181번지 3층,29172,가정용 및 산업용 공기 조화장치 제조업 외 1 종,02-2614-3211
MSTECH,2016-08-04,1,주차관제 설비,경기도 광명시 하안동 201번지 아파트형공장 제1동 3동 6층 2-1,26299,그 외 기타 전자부품 제조업 외 2 종,02-6672-1700
OP(Obey&Praise),2016-10-05,7,전광스코어보드,경기도 광명시 노온사동 796-1번지 1층,28423,전시 및 광고용 조명장치 제조업 외 1 종,02-2060-5276
PM TECH,2014-05-22,4,제약 및 식품기계,경기도 광명시 가학동 538-7번지,29199,그 외 기타 일반목적용 기계 제조업 외 4 종,02-2684-4516
SG케미칼,2006-03-28,5,"청관제,방청제,냉각수처리제등",경기도 광명시 광명동 572-3번지,20499,그 외 기타 분류 안된 화학제품 제조업 외 2 종,02-2614-6911
㈜브이스퀘어컴퍼니,2022-07-25,6,멀티미디어 학습장치,경기도 광명시 일직동 514 B동 507호 B동 507호,26429,기타 무선 통신장비 제조업 외 2 종,02-2693-4800
가교엔지니어링,2022-05-12,0,"범퍼스위치, 센싱에지스위치, 매트스위치, 안전스위치",경기도 광명시 소하동 1345 광명테크노파크 C동 808호 C동 808호,26294,전자감지장치 제조업,02-2618-5228
가달하이테크,2025-01-06,2,금형부품,경기도 광명시 노온사동 197-2,29293,주형 및 금형 제조업,02-2618-1251
거림인터네셔널,2011-06-27,34,의류,경기도 광명시 소하동 1345 번지 광명테크노파크 디동 3층 304~305호,14191,셔츠 및 블라우스 제조업 외 1 종,02-6112-3456
거성엔지니어링(주),1994-05-27,8,마이크로스위치,경기도 광명시 하안동 33-3번지,28123,배전반 및 전기 자동제어반 제조업,02-894-2121
거성정밀,2010-04-06,1,기계부품,경기도 광명시 옥길동 139-7번지,25929,그 외 기타 금속가공업 외 1 종,02-2611-1178
건영COMPANY,2010-01-20,27,남성용 정장,"경기도 광명시 광명동 747-4번지 정혜빌딩 3,4층",14111,남자용 겉옷 제조업,070-8692-2291
건우후렉시블,2005-11-08,14,후렉시블호스,경기도 광명시 광명동 304-6번지,22211,"플라스틱 선, 봉, 관 및 호스 제조업",02-2685-5084
경동산업사,2019-03-06,2,금속인쇄 및 페파,경기도 광명시 광명동 374-53번지 지층,23992,연마재 제조업 외 1 종,02-2060-8657
경북기계공작소,1996-08-19,14,"스티로폴감용기,밴드기,재생압축기,포장기",경기도 광명시 철산1동 119-5번지,29299,그 외 기타 특수목적용 기계 제조업 외 8 종,02-851-3521
경성테크,1971-02-24,7,가정용유리식기및도자기식기,경기도 광명시 옥길동 97-5번지,23191,가정용 유리제품 제조업 외 1 종,02-2625-1260
경안전자(주),2014-04-14,4,와이어커넥터,경기도 광명시 소하동 1345번지 광명테크노파크 B동 9층 903,28303,절연 코드세트 및 기타 도체 제조업,02-2083-2777
경인기업사,1979-07-05,7,계랑기,경기도 광명시 소하동 224번지,29199,그 외 기타 일반목적용 기계 제조업,02-898-2045
경진상사,1999-10-08,13,남성복반코트,경기도 광명시 광명동 158-429번지,14111,남자용 겉옷 제조업,02-2614-1285
고려호이스트크레인,2007-07-31,3,"에어호이스트, 에어바란스, 레일",경기도 광명시 소하동 219-3번지,29169,기타 물품 취급장비 제조업,031-8033-3330
고은사,2000-03-08,7,베게및방석(수예소품),경기도 광명시 광명동 738번지,13221,침구 및 관련제품 제조업,02-2683-3778
골드텍,1993-07-12,7,동파방지용밸브,경기도 광명시 하안동 201번지,25912,금속 단조제품 제조업 외 1 종,02-808-5161
골든멀티미디어,1993-06-28,1,음향기기및전원장치,경기도 광명시 하안동 201번지,28909,그 외 기타 전기장비 제조업 외 4 종,02-894-9477
광동화학,2006-04-13,1,포장지,경기도 광명시 하안동 36-1번지,22231,"플라스틱 포대, 봉투 및 유사제품 제조업",02-896-4041
광명정미소,1988-04-01,2,도정,경기도 광명시 가학동 949-1번지,10511,곡물 도정업,02-689-1624
광명트렌스포머,2021-04-12,2,변압기,경기도 광명시 노온사동 435-3 1층,28112,변압기 제조업,02-2614-3714
광성정밀,2025-08-29,4,"볼스크류 가공, 기계부품 가공",경기도 광명시 하안동 201 4동 2층 2호,25924,절삭가공 및 유사처리업,
광전사인컴(주),2015-12-29,5,간판 및 실내외사인물,경기도 광명시 하안동 201번지 아파트형공장 제1동 2동 1층 4,33910,간판 및 광고물 제조업,02-373-6581
국제기계,2010-11-29,7,금속성형기,경기도 광명시 옥길동 336-1 번지,29222,디지털 적층 성형기계 제조업 외 1 종,02-2682-9197
국제전자정밀(주),2004-01-12,8,"광통신용수동소자, RF커넥터",경기도 광명시 광명동 759-6번지,26410,유선 통신장비 제조업 외 3 종,02-2688-7638
금강공업사,1994-06-17,4,자동차번호판,경기도 광명시 철산동 123-2번지,25913,자동차용 금속 압형제품 제조업 외 1 종,02-867-1114
금강씨엔이 주식회사,2011-06-10,4,"산화제기계, 세정제",경기도 광명시 하안동 201 번지 광명시범공단 162-2호,29299,그 외 기타 특수목적용 기계 제조업 외 6 종,02-864-7788
금강콜드,2009-08-13,2,"광고용 조명램프(콜드캐소드), 조명기구",경기도 광명시 광명동 185-3번지 2층,28423,전시 및 광고용 조명장치 제조업,02-2688-7352
금화상사,1998-03-09,41,T-SHIRTS,경기도 광명시 광명동 152-8번지,14192,"근무복, 작업복 및 유사의복 제조업 외 2 종",02-2615-1663
기아(주),1971-11-27,6015,자동차,경기도 광명시 소하1동 781-1번지,30121,승용차 및 기타 여객용 자동차 제조업,02-801-4290
기호정밀공업,2011-10-17,6,금형부품,경기도 광명시 소하동 1345 번지 광명테크노파크 에이동 10층 에이1004호,25924,절삭가공 및 유사처리업,02-807-0263
나노테크,2012-02-27,3,자동화기계,경기도 광명시 노온사동 207-3번지,25924,절삭가공 및 유사처리업,02-2614-0345
남성사,1990-12-06,8,답전소자,경기도 광명시 광명동 126-22번지,28511,주방용 전기기기 제조업 외 2 종,02-2687-4734
내사랑코리아,2021-05-28,7,스티커,경기도 광명시 일직동 501-4 507호 507호,18112,스크린 인쇄업 외 2 종,02-2645-0685
냉열(주),1999-05-15,34,"항온항습조, 대형온습도환경조성실",경기도 광명시 하안동 887-4,29172,가정용 및 산업용 공기 조화장치 제조업 외 3 종,02-899-2356
네오텍(주),2017-09-13,18,스마트폰 기능성 복합시트,경기도 광명시 소하동 1345번지 광명테크노파크 B동 1층 109,26299,그 외 기타 전자부품 제조업,02-2083-2828
넷제로연구소,2024-09-12,4,PLC 컨트롤러,경기도 광명시 소하동 1344 광명G타워 A동 6층 608호,28123,배전반 및 전기 자동제어반 제조업,02-899-9580
농업회사법인주식회사 한국양조연구소,2024-03-13,2,"탁주, 청주, 보리소주, 고구마소주",경기도 광명시 소하동 1345 광명테크노파크 E동 8층 812호,11111,탁주 및 약주 제조업 외 1 종,02-598-3222
뉴비오,2016-10-28,15,"금속검출기, 산업용기기",경기도 광명시 소하동 1345번지 광명테크노파크 D동 6층 601 D동 6층 601호,28909,그 외 기타 전기장비 제조업,070-7463-9723
니스룩,2012-08-03,3,침구류,경기도 광명시 광명동 259-28번지,13221,침구 및 관련제품 제조업,02-2684-1600
닥터킴,2012-04-24,3,의료용헤드램프,경기도 광명시 소하동 1365번지 2층 213,27199,그 외 기타 의료용 기기 제조업,02-2611-4755
대구상사,1998-07-08,13,조미김,경기도 광명시 하안동 201-0번지,10220,수산식물 가공 및 저장 처리업,02-804-4126
대동안전(주),1998-11-12,34,융착식테이프,경기도 광명시 하안1동 393-1번지,25113,육상 금속 골조 구조재 제조업 외 17 종,02-899-1542
대명금속,2005-06-03,4,동괴,경기도 광명시 옥길동 416번지,24329,기타 비철금속 주조업,02-2612-7087
대산금속,2024-02-22,4,스테인리스 철물,경기도 광명시 노온사동 212-36,25119,기타 구조용 금속제품 제조업,02-2612-4676
대성기업,2009-09-24,4,기계 부품,경기도 광명시 노온사동 382-28번지,25929,그 외 기타 금속가공업,02-2612-9346
대성핫텍,2011-05-03,4,핫런너시스템,경기도 광명시 소하동 1345 번지 광명테크노파크 디동 3층 디307호,29293,주형 및 금형 제조업,02-2083-1582
대아상사,1998-07-31,26,"의류,숙녀복",경기도 광명시 하안동 36-1번지,14112,여자용 겉옷 제조업,02-891-9161
대안일레콤(주),2013-10-29,26,전기변환장치,경기도 광명시 소하동 1365번지,28119,기타 전기 변환장치 제조업 외 7 종,02-6112-7155
대우비니루,2012-09-03,25,비닐,경기도 광명시 옥길동 97-5번지,22212,플라스틱 필름 제조업 외 3 종,02-2682-1578
대원주조금형,2007-11-02,4,"황동, 수도제품, 알미늄제품, 금형",경기도 광명시 옥길동 97-8번지,29293,주형 및 금형 제조업,02-2066-1400
대윤전자(주),2001-01-19,6,"중량제어시스템,출하자동차",경기도 광명시 하안동 201번지,28123,배전반 및 전기 자동제어반 제조업,02-807-9555
대정초경,1998-07-23,5,반도체용 금형부품,경기도 광명시 하안동 201번지,29293,주형 및 금형 제조업,02-896-3434
대조산업,2007-05-01,4,한약약탕기,경기도 광명시 소하동 208번지,29250,음ㆍ식료품 및 담배 가공기계 제조업,02-893-2733
대진유압,2012-10-23,4,"유닛,펌프",경기도 광명시 소하동 1365번지,29120,유압기기 제조업,02-2637-0886
대한전자산업,2017-08-14,7,"매트조절기, 전립선비져케어",경기도 광명시 소하동 1365번지 B동 2층 213,26291,전자축전기 제조업,02-833-8789
대한특수필터,2021-03-22,2,정제필터,경기도 광명시 일직동 501-4 B204호,17109,기타 종이 및 판지 제조업 외 1 종,02-899-9979
더케이파워,2022-04-05,4,"LED 경관조명기구, LED용 조명제어장치 외",경기도 광명시 일직동 514 A동 713호 A동 713호,28422,일반용 전기 조명장치 제조업 외 3 종,02-6914-6117
더함비즈(주),2023-06-26,2,주차관제시스템,경기도 광명시 하안동 303 1411호 1411호,31202,철도차량 부품 및 관련 장치물 제조업 외 1 종,02-2632-3230
델타아이(주),2015-06-01,6,에칭컨트롤러,경기도 광명시 일직동 505-3번지 1층,28909,그 외 기타 전기장비 제조업,02-898-2019
도어캡스,2006-10-12,14,스텐레스도어,경기도 광명시 가학동 782-11번지,25111,"금속 문, 창, 셔터 및 관련제품 제조업",02-2612-9473
동서기연,2006-04-11,10,공압식 및 전기식 액츄레이션,경기도 광명시 노온사동 212-13번지,29172,가정용 및 산업용 공기 조화장치 제조업 외 1 종,02-2681-8031
동신건업,1994-03-28,2,"금속현관문, 난간류",경기도 광명시 가학동 528번지,25111,"금속 문, 창, 셔터 및 관련제품 제조업",02-2617-3050
동아산업사,1979-06-16,4,"합성수지,고무제품",경기도 광명시 소하동 3-4번지,29223,금속 절삭기계 제조업,02-808-9854
동양유통(동양농산),2024-02-22,4,"고추가루, 참깨가루, 들깨가루",경기도 광명시 가학동 203,10832,천연 및 혼합조제 조미료 제조업,
동우산업,2013-02-25,4,"자동차,전자부품",경기도 광명시 소하동 1345번지,22291,플라스틱 접착처리 제품 제조업 외 1 종,02-2618-5673
동의어패럴,2002-06-10,27,"골프내의, 잠바,바지",경기도 광명시 광명동 104-13번지,14120,속옷 및 잠옷 제조업 외 3 종,02-2615-7173
동일레이저테크놀로지,2016-02-11,9,레이저마킹 및 레이저용접 임가공,경기도 광명시 소하동 1345번지 광명테크노파크 D동 2층 207,25929,그 외 기타 금속가공업,02-6112-4567
동진기업사,2018-03-09,3,낚시용품,경기도 광명시 소하동 924-7번지 서면빌딩 지하층,33303,낚시 및 수렵용구 제조업,02-898-7600
동진목재,2021-04-16,2,무늬결목재,경기도 광명시 노온사동 149-4 1층,16229,기타 건축용 나무제품 제조업,02-2688-0138
동진초경,2003-06-17,10,금형제품,경기도 광명시 일직동 40-12번지 1층,29293,주형 및 금형 제조업,02-898-1356
두나미스덴탈(주),2011-11-02,8,치과용 핸드피스,경기도 광명시 소하동 1345 번지 광명테크노파크 에이동 9층 904호,27191,치과용 기기 제조업,02-778-4565
두일산업,2008-10-22,4,"필터, 산업기기부품",경기도 광명시 철산동 626-3번지 광명조명타운 7층 702-1,29175,기체 여과기 제조업 외 2 종,02-855-4385
드림랜드,2008-04-08,2,놀이터 설치 관련제품,경기도 광명시 가학동 255-1번지,33302,놀이터용 장비 제조업 외 3 종,02-2681-6871
디비시스(주),2023-12-01,15,"NVR, CCTV, PC",경기도 광명시 하안동 303 6층 621호 6층 621호,26310,컴퓨터 제조업 외 1 종,ARS-1688-8648
디아이디시스템 주식회사,2022-04-18,14,버스 및 차량정보 안내 LED 전광판,경기도 광명시 소하동 1345 광명테크노파크 B동 906호 B동 906호,28423,전시 및 광고용 조명장치 제조업,02-2083-1980
디아이페이퍼,2011-01-10,10,지관통,경기도 광명시 옥길동 97-8 번지,17229,기타 종이 상자 및 용기 제조업,02-2625-6684
디알에이,2024-03-08,1,가스레귤레이터,"경기도 광명시 하안동 303 4층 415호, 416호, 417호, 418호 4층 415호, 416호, 417호, 418호",29133,"탭, 밸브 및 유사장치 제조업",02-2637-3457
디앤아이테크놀러지(주),2021-10-27,4,"전력변환장치, 고속철도 동력차충전장치, 고속철도 객차충전장치, 무접접릴레이(난방접촉기), 리튬배터리 지게차 충전기 ",경기도 광명시 소하동 1345 광명테크노파크 비동 605호 비동 605호,28119,기타 전기 변환장치 제조업 외 4 종,02-6112-2920
디엔더블유 주식회사,2022-09-19,4,"LED조명, LED램프",경기도 광명시 일직동 501-4 B1층 112호 B1층 112호,28422,일반용 전기 조명장치 제조업,070-8777-3421
디테일,2023-12-01,5,디밍모뎀,경기도 광명시 하안동 304 1115호,28422,일반용 전기 조명장치 제조업,02-3280-5151
라라패션,2008-04-14,7,의류,경기도 광명시 광명동 346-36번지,14192,"근무복, 작업복 및 유사의복 제조업 외 2 종",02-2687-4810
라온디자인 주식회사,2025-09-05,4,"코르크칩, 탄성칩",경기도 광명시 일직동 514 C동 12층 1218호,16300,코르크 및 조물제품 제조업 외 1 종,02-2689-0012
라이팅코드,2024-07-30,0,LED조명기구,경기도 광명시 하안동 304 광명티아모IT타워 4층 402호,28422,일반용 전기 조명장치 제조업,
라이프코어인스트루먼트 주식회사,2023-03-13,6,알칼리 이온수기,경기도 광명시 소하동 1345 광명테크노파크 D동 8층 8호,27199,그 외 기타 의료용 기기 제조업,02-6205-0683
레이온버터,2024-01-29,8,플레인 식빵,"경기도 광명시 소하동 1344 광명G타워 B동 12층 1214호, 1215호",10602,빵류 제조업,ARS-1800-5876
리텍시스템,2009-05-25,2,포장기계,경기도 광명시 하안동 201번지 광명아파트형공장 3층 332호,29191,"용기 세척, 포장 및 충전기 제조업",02-808-0134
마스타씨스템(주),1994-11-02,48,"FA 판넬, 컨베이어 장치",경기도 광명시 하안동 201번지 아파트형공장 제1동 4동 1층 3 외 1필지,28123,배전반 및 전기 자동제어반 제조업 외 4 종,02-6717-5996
맨도르,2004-02-06,2,안경케이스,경기도 광명시 철산동 76-3번지,15129,가방 및 기타 보호용 케이스 제조업,02-2687-0402
명도상사,1997-11-17,14,가발,경기도 광명시 광명동 301-28번지,33931,가발 및 유사 제품 제조업,02-2613-0893
명성어패럴,1999-03-05,20,스포츠의류,경기도 광명시 광명동 759-6번지,14192,"근무복, 작업복 및 유사의복 제조업 외 2 종",02-2611-3397
명진상사,2000-05-22,4,가죽BELT,경기도 광명시 소하동 937-2번지,15190,기타 가죽제품 제조업,02-2685-1007
모던엔지니어링(주),2008-10-22,14,자동제어 판넬,경기도 광명시 하안동 201번지 광명아파트형공장 2동 1층 2호,28123,배전반 및 전기 자동제어반 제조업,02-2681-8328
모두,2020-11-27,2,보건용 마스크,경기도 광명시 하안동 201 광명시범공단공장형아파트 2동 3층 4호,13229,기타 직물제품 제조업 외 1 종,02-898-0858
모든시스템(주),2022-09-22,4,"밸브구동기, 온도조절기 및 난방시스템 관련 장비",경기도 광명시 소하동 1344 광명G타워 A1122호 A1122호 외 1필지,27215,기기용 자동측정 및 제어장치 제조업,02-6407-7015
무지개,2020-09-21,1,"제본커버, 제본기, 클립보드",경기도 광명시 일직동 515-1 광명역자이타워 A-1002,17901,문구용 종이제품 제조업 외 3 종,02-2060-6810
미건에스티(주),2025-01-06,11,수분계(수분측정기),경기도 광명시 일직동 515-1 A동 19층 1916호,27216,산업처리공정 제어장비 제조업 외 1 종,031-357-2211
미래금속,2008-01-31,1,비철주물,경기도 광명시 소하동 223-1번지,24321,알루미늄주물 주조업,02-898-9980
미래기전(주),2013-04-08,5,무대조명 및 기계장치,경기도 광명시 철산동 626-3번지 광명조명타운 2층 202 2층 202호,28422,일반용 전기 조명장치 제조업 외 5 종,02-2633-4767
미래필텍스(주),2014-01-27,3,의류,경기도 광명시 소하동 1345번지,14191,셔츠 및 블라우스 제조업 외 1 종,02-2083-2882
미림아이알티(주),2004-01-20,5,Ceramic SMD 양산용장비 및 기타생산용 Robot,경기도 광명시 하안1동 442-4번지,29280,산업용 로봇 제조업 외 1 종,02-898-4093
미크론정밀방전,2021-04-21,4,"메인코어, 부품코어",경기도 광명시 노온사동 434-3 1층,29293,주형 및 금형 제조업,02-855-5022
박영미레이져,2022-06-22,7,"철판, 스테인레스판 절단/절곡 제품, 철판, 스테인레스판 절단/절곡 제품",경기도 광명시 노온사동 209-2,25929,그 외 기타 금속가공업 외 1 종,02-2625-0061
백천전자(주),2011-12-09,9,커넥터,경기도 광명시 소하동 1365 에이스광명타워 411호,26299,그 외 기타 전자부품 제조업 외 1 종,02-804-4748
보광테크,2010-04-08,3,"기능성비누, 탈취제, 샴푸, 사료",경기도 광명시 노온사동 758-2번지,20422,"치약, 비누 및 기타 세제 제조업 외 5 종",02-895-3005
보둠커피랩,2024-12-16,2,"원두커피, 원두 가공품",경기도 광명시 하안동 304 9층 925호 9층 925호,10891,커피 가공업,070-4146-9600
부광시즈,2013-07-12,10,"시즈열전대, 저항온도계",경기도 광명시 소하동 1345번지 광명테크노파크 A동 13층 1308~1309호,29299,그 외 기타 특수목적용 기계 제조업 외 1 종,031-318-4351
부림포장,1973-11-09,6,골판지상사,경기도 광명시 소하동 30-19번지,17211,골판지 제조업 외 1 종,02-802-7178
부원ENG,2009-09-11,4,LCD(프레임),경기도 광명시 가학동 336-7번지,25924,절삭가공 및 유사처리업,02-2625-7231
브이엠이텍(주),2021-02-04,31,"컴퓨터, 주변기기 , Emebdded System","경기도 광명시 소하동 1365-0 에이스 광명타워 702, 703호",26329,기타 주변기기 제조업,02-6112-7891
브이투씨(주),2021-05-31,16,"통신장비, 음향기기",경기도 광명시 소하동 1345 광명테크노파크 B동 910호 B동 910호,26310,컴퓨터 제조업 외 3 종,02-3281-0804
블루텍플러스 주식회사,2011-06-10,3,"철도차량부품, 인쇄회로기판",경기도 광명시 하안동 201 번지 광명시범공단 161-2호,31202,철도차량 부품 및 관련 장치물 제조업 외 9 종,02-3275-0542
비엔티이엠에스,2005-06-14,20,"인버터, 차량용시계",경기도 광명시 하안동 201번지,26221,인쇄회로기판용 적층판 제조업 외 5 종,02-893-6121
빛컨,2007-01-09,2,"진공포장컨트롤러, 세탁머신컨트롤러",경기도 광명시 철산동 568-20번지,28123,배전반 및 전기 자동제어반 제조업,02-853-6967
사랑방식품,1999-07-22,6,찹쌀떡,경기도 광명시 노온사동 574-29 1층,10601,떡류 제조업,
삼덕시스템(주)광명공장,2025-01-06,11,"사무용 기계 및 장비, 자동판매기 및 화폐교환기",경기도 광명시 일직동 515-1 A동 12층 1206호,29199,그 외 기타 일반목적용 기계 제조업 외 1 종,031-431-1000
삼성스마트테크(주),2010-09-17,7,"스마트 전력안정기, 스마트 전기분배전반",경기도 광명시 하안동 201번지 광명아파트형공장 1동 3층 4-2,28123,배전반 및 전기 자동제어반 제조업,02-893-5400
삼우시스템(주),2007-11-20,7,"필터, 공기조화장치",경기도 광명시 하안동 201번지 광명아파트형공장 3동 7층 374호,29172,가정용 및 산업용 공기 조화장치 제조업 외 3 종,02-894-3673
삼일정공,2009-09-09,2,주조셩금형제조,경기도 광명시 옥길동 142-4번지,29293,주형 및 금형 제조업,02-2686-3131
삼주정밀,1990-12-06,4,자동차부품,경기도 광명시 소하동 1140-1번지,30399,그 외 자동차용 신품 부품 제조업 외 4 종,02-803-8175
삼진사,1991-05-02,9,"깨스쇼파반제품,의자,자동차",경기도 광명시 소하동 3-4번지,33401,인형 및 장난감 제조업,02-807-9063
삼현전자,2000-12-28,6,무전기,경기도 광명시 하안동 201번지,26421,방송장비 제조업 외 2 종,02-896-3654
삼화크리스탈,1994-04-02,3,"주방용유리제품, 산업용유리제품",경기도 광명시 광명동 301-3번지,23191,가정용 유리제품 제조업 외 3 종,02-2682-4292
새날기획,2022-02-16,1,"인쇄, 현수막",경기도 광명시 일직동 514 GIDC광명역 B동 403호,18119,기타 인쇄업 외 1 종,02-2689-0752
새빛코리아,1998-12-18,2,"액세사리ball,지압ball",경기도 광명시 소하동 924-31번지,33120,모조 귀금속 및 모조 장신용품 제조업,02-899-2270
새빛테크(주),2012-07-25,6,"LED등기구, 방열제품 ",경기도 광명시 소하동 1345번지 광명테크노파크 B동 11층 1103,28422,일반용 전기 조명장치 제조업,02-2083-2950
서우이앤아이,2022-10-17,3,LED 조명,경기도 광명시 소하동 1345 광명테크노파크 E동 605호 E동 605호,28422,일반용 전기 조명장치 제조업,
서울기연,2004-02-12,7,전기콘트롤박스 등,경기도 광명시 옥길동 97-8번지,25999,그 외 기타 분류 안된 금속 가공 제품 제조업 외 1 종,02-2685-3557
서울민예,2010-11-30,8,민속인형,경기도 광명시 소하동 924-7 번지,33401,인형 및 장난감 제조업,02-897-5755
서울상사,2001-01-02,3,검도용품,경기도 광명시 하안동 201번지,14192,"근무복, 작업복 및 유사의복 제조업 외 2 종",02-808-4100
서울영양도시락,1997-06-10,5,도시락,경기도 광명시 광명7동 305-34번지,10701,도시락류 제조업 외 1 종,02-2684-4589
선일정밀,2002-10-30,4,전자부품,경기도 광명시 노온사동 673-7번지,26299,그 외 기타 전자부품 제조업 외 1 종,02-2687-1509
선진바이오(주),1999-10-25,16,세제류.비누,경기도 광명시 광명동 554-1번지,20422,"치약, 비누 및 기타 세제 제조업",02-2688-7698
선진바이오(주) 하안동지점,2018-07-30,6,"구강용품, 치약","경기도 광명시 하안동 201번지 아파트형공장 제1동 1동 5층 3,4",20422,"치약, 비누 및 기타 세제 제조업 외 1 종",02-2689-9541
성광정밀,2000-12-06,6,"전자부품(콘넥터), 시계부품",경기도 광명시 노온사동 666-2번지,28121,"전기회로 개폐, 보호장치 제조업 외 2 종",02-2613-4471
성광플라스틱,2019-06-12,16,플라스틱 볼트캡,경기도 광명시 가학동 427,29291,"고무, 화학섬유 및 플라스틱 성형기 제조업 외 1 종",02-2616-1158
성우기업(주),1979-07-05,1,옥재문,경기도 광명시 광명동 510-1번지,25122,금속탱크 및 저장용기 제조업 외 1 종,02-2615-1101
성우정보통신,2018-12-06,1,"리더기, 컴퓨터, 모터사이클 LED지시등, 전자장치진단기,",경기도 광명시 하안동 201번지 광명시범공단 3동 2층 3-2호,26429,기타 무선 통신장비 제조업 외 1 종,070-4063-5697
성우화학공업사,2001-01-02,2,전자부품(스윗치),경기도 광명시 소하동 31-14번지,22251,폴리스티렌 발포 성형제품 제조업 외 1 종,02-804-9610
성웅기계,2005-09-08,2,함마분쇄기,경기도 광명시 옥길동 97-8번지,29223,금속 절삭기계 제조업 외 4 종,02-2681-4108
성원건기,2012-08-03,1,기계부품,경기도 광명시 가학동 909-4번지 1층,29241,건설 및 채광용 기계장비 제조업,02-853-2731
성지산전(주),2020-03-25,5,"시각장애인용음성안내기, 교통신호장치",경기도 광명시 일직동 515-1번지 B-1502,28901,전기경보 및 신호장치 제조업 외 1 종,02-2613-3037
세계전자,1999-01-23,8,"LEAD ASS'Y, CONNECTOR ASS'Y",경기도 광명시 철산동 626-3번지,28121,"전기회로 개폐, 보호장치 제조업 외 1 종",02-2685-8154
세영인더스트리,2013-04-12,13,"하네스,동전인식기",경기도 광명시 광명동 719-15번지,28303,절연 코드세트 및 기타 도체 제조업,02-2685-4975
세운전기(주),1997-04-16,4,"전기배전반,MCC PANEL",경기도 광명시 노온사동 377-2번지,28123,배전반 및 전기 자동제어반 제조업,02-2619-7023
세원아이엔씨,2022-04-05,3,공업용 전기히터 및 부품,경기도 광명시 소하동 1365 에이스 광명타워 506호 506호,29150,"산업용 오븐, 노 및 노용 버너 제조업",02-2631-4950
세인인터내셔날,2014-04-02,29,의류,"경기도 광명시 소하동 1345번지 광명테크노파크 D동 8층 809, 810",14191,셔츠 및 블라우스 제조업 외 1 종,02-2083-3072
세일,2021-03-08,2,"어린이식기류, 산업용밸브류","경기도 광명시 일직동 515-1 A동 2021, 2022호",25992,수동식 식품 가공기기 및 금속 주방용기 제조업 외 1 종,02-2682-7132
세일건설 주식회사,2011-02-25,10,"금속구조물, 창호",경기도 광명시 소하동 1345 번지 광명테크노파크 디동 지1층 디지하110호,25111,"금속 문, 창, 셔터 및 관련제품 제조업 외 1 종",02-2083-2001
세종안전정보,2010-02-04,5,간판 현수막 안전용품,경기도 광명시 가학동 199-4번지,33910,간판 및 광고물 제조업 외 1 종,02-898-8256
세진금속,1986-12-11,2,귀금속케이스,경기도 광명시 소하동 1140-1번지,33110,귀금속 및 관련제품 제조업,02-803-8030
세화전자,1999-02-11,15,"전화기,리모콘",경기도 광명시 광명동 348-7번지,26410,유선 통신장비 제조업 외 3 종,02-2615-7710
센스전자,1990-11-26,2,"글로우,스타아터",경기도 광명시 광명6동 350-8번지,28410,전구 및 램프 제조업,02-2684-8804
솔텍엔지니어링,2005-06-08,4,"GPS, 휴대폰 부품",경기도 광명시 하안동 201-0번지,26421,방송장비 제조업 외 2 종,02-896-0124
수어패럴,2005-06-18,24,의류(셔츠),경기도 광명시 하안동 201번지,14191,셔츠 및 블라우스 제조업 외 1 종,02-807-7716
스마트파워 주식회사,2023-10-24,4,"가로등, 보안등",경기도 광명시 일직동 514 제씨동 3층 308호,28422,일반용 전기 조명장치 제조업 외 1 종,02-877-2959
스마트팩시스템,2020-03-06,1,Auto Packer (자동화기기),경기도 광명시 일직동 515-1번지 A동 2312호,29299,그 외 기타 특수목적용 기계 제조업,02-6299-7555
스피드센서,2012-09-07,3,온도센서,경기도 광명시 소하동 1345번지 광명테크노파크 C동 13층 1307,26299,그 외 기타 전자부품 제조업 외 1 종,02-939-8604
승우정밀,2009-09-08,5,금형제조,경기도 광명시 노온사동 778-2번지,29293,주형 및 금형 제조업,02-2066-0969
승원건철(주),2000-12-28,17,방화문,경기도 광명시 가학동 6-1번지,25932,일반철물 제조업,02-2613-5085
시엔이,2002-09-11,10,"고속디지탈,동기식광전송장치",경기도 광명시 하안동 201번지,26410,유선 통신장비 제조업 외 3 종,02-894-8831
신성산업,2000-03-20,16,"악세사리(14K,18K)",경기도 광명시 소하동 896-8번지,33110,귀금속 및 관련제품 제조업,02-897-6262
신성에프에이주식회사,2024-10-25,3,"물류운반장비, 자동화기기",경기도 광명시 일직동 514 C동 15층 1504호,29161,산업용 트럭 및 적재기 제조업,
신신전자공업(주),2020-03-18,48,온도센서,"경기도 광명시 소하동 1337-7번지 6층, 7층",26299,그 외 기타 전자부품 제조업 외 1 종,02-894-2694
신우산업,2009-09-09,7,알루미늄프로파일(구조물),경기도 광명시 노온사동 382-2번지,29163,컨베이어장치 제조업 외 3 종,02-2625-4509
신화금속공업,2009-09-08,3,"건축, 인테리어 금속종류(샷시, 핸드레일,",경기도 광명시 옥길동 136-2번지,25119,기타 구조용 금속제품 제조업,02-2635-1791
신화사,1999-05-15,11,내의,경기도 광명시 철산동 56-140번지,14120,속옷 및 잠옷 제조업,02-2689-9724
신흥IND,2021-03-02,2,시각장애인용음성안내기 및 교통신호장치,경기도 광명시 일직동 515-1 광명역자이타워 B동 1503호,28901,전기경보 및 신호장치 제조업 외 1 종,02-2613-3037
싸이오닉,2024-11-15,3,"커스텀(디자인) 수냉 PC, 커스텀(디자인) 수냉 PC, 서버컴퓨터, 워크스테이션",경기도 광명시 일직동 514 A동 2606호 A동 2606호,26310,컴퓨터 제조업 외 1 종,
씨아이넷(주),2024-04-30,6,체력관리시스템 장비,경기도 광명시 일직동 514 씨동 18층 1814호,33301,"체조, 육상 및 체력단련용 장비 제조업 외 1 종",02-6914-5579
씨케이라이프(주),2015-09-25,12,"반도체장비용 케이블, ass,y, LED랩프",경기도 광명시 소하동 1240-2번지 한성빌딩 4층,26299,그 외 기타 전자부품 제조업 외 1 종,02-899-7993
아띠,2017-06-16,5,신발,경기도 광명시 철산동 467-179번지 1층,15219,기타 신발 제조업,02-2689-7267
아리산무역(주),2007-02-21,16,여성의류,경기도 광명시 노온사동 746번지,14112,여자용 겉옷 제조업,02-2066-7911
아마조나스,2011-09-05,3,유기농 솜사탕,경기도 광명시 소하동 1345 번지 광명테크노파크 비동 7층 비704호,10603,과자류 및 코코아 제품 제조업,02-865-5768
아방데코,2016-03-09,20,"침구, 수예, 차렵이불",경기도 광명시 소하동 1345번지 광명테크노파크 B동 8층 805,13221,침구 및 관련제품 제조업 외 1 종,02-2613-0022
아이디룩,2024-03-07,3,학생체육복,경기도 광명시 광명동 724-8 3층,14192,"근무복, 작업복 및 유사의복 제조업 외 2 종",
아이큐론,2007-07-24,3,"숙녀복, 방호장갑, 작업복, 체육복",경기도 광명시 광명동 158-13번지,14112,여자용 겉옷 제조업 외 4 종,02-2060-0781
아이티컨트롤,2013-11-27,3,전기자동제어반,경기도 광명시 소하동 1345번지,28123,배전반 및 전기 자동제어반 제조업 외 1 종,02-857-5503
아주산업(주) 광명공장,2001-06-05,21,레미콘,경기도 광명시 옥길동  410-5번지,23322,레미콘 제조업,02-853-3161
알코엔지니어링(주),2007-01-12,13,산업용버너 및 버너관련부품,경기도 광명시 철산동 626-3번지,29150,"산업용 오븐, 노 및 노용 버너 제조업 외 2 종",02-2060-6477
에너플러스(주),2012-07-25,8,태양광발전기 세트,경기도 광명시 소하동 1345번지,28111,전동기 및 발전기 제조업,02-337-0306
에드코리아,2021-07-02,0,조명기구용 LED 모듈 및 LED 조명기구,경기도 광명시 일직동 501-4 5층 509호,28422,일반용 전기 조명장치 제조업,031-346-5345
에라노붐 주식회사,2025-09-30,9,미용용 접착제,경기도 광명시 일직동 515-1 B동 6층 612호 외 1필지,20493,접착제 및 젤라틴 제조업,02-6299-7660
에런스콧,2024-12-05,11,"침구 및 관련제품, 자수제품, 세폭직물, 남자용 겉옷, 여자용 겉옷, 속옷 및 잠옷, 셔츠 및 블라우스, 근무복, 작업복 및 유사의복, 봉제의복, 편조의복, 가방 및 케이스, 고무 의류, 모자",경기도 광명시 광명동 290-14 동진프라자 5층 2호,13221,침구 및 관련제품 제조업 외 12 종,02-6401-2669
에벤에셀기업,1995-08-12,5,"손목시계,벽시계",경기도 광명시 광명4동 158-847번지,27220,시계 및 시계부품 제조업 외 9 종,02-2687-4675
에스마리나주식회사,2023-12-08,2,원격제어 및 검침 장치,경기도 광명시 일직동 514 A동 22층 2210호,27215,기기용 자동측정 및 제어장치 제조업,02-891-5588
에스알이티 주식회사,2018-02-05,5,액체여과기,경기도 광명시 철산동 119-20번지,29176,액체 여과기 제조업,02-2633-4143
에스에스인스트루먼트,2023-09-05,3,"지하수위계, 기타수질분석기, 자료수집장치",경기도 광명시 일직동 501-4 7층 709호 7층 709호,27213,"물질 검사, 측정 및 분석기구 제조업",02-6676-4544
에스제이온(주),2016-06-22,10,LED네일아트 건조기,경기도 광명시 소하동 1345번지 광명테크노파크 B동 3층 309,28422,일반용 전기 조명장치 제조업,02-6091-1425
에스피에스(SPS),2010-08-23,8,"방송장비, 음향기기",경기도 광명시 노온사동 740-4번지,26421,방송장비 제조업 외 1 종,02-2689-4400
에이스테크,2024-11-25,1,"냉동교육장비, 전기전자 교육장비, 표준냉동실습장치, 히트펌프실습장치, 공기조화실습장치",경기도 광명시 소하동 1344 광명G타워 B동 10층 6호,29171,산업용 냉장 및 냉동 장비 제조업 외 7 종,
에이오테크,2012-02-29,6,의료용기기,경기도 광명시 소하동 1345번지 광명테크노파크 D동 8층 803,27199,그 외 기타 의료용 기기 제조업,02-6112-3700
에이원㈜,2022-07-14,10,"주차관제기기, 주차관제기기, 주차관제기기, 주차관제기기, 주차관제기기",경기도 광명시 소하동 1365 에이스 광명타워 815호 815호,26294,전자감지장치 제조업 외 4 종,02-899-2367
에이펄스테크롤리지,2020-09-17,5,IoT(사물인테넷) RFID단말기,경기도 광명시 소하동 1345 번지 A동 14층 03호,26429,기타 무선 통신장비 제조업,070-4222-5688
에치피씨메이트,2024-10-10,3,"컴퓨터서버, 소프트웨어, 냉각시스템",경기도 광명시 일직동 514 C동 9층 910호,26310,컴퓨터 제조업,02-858-5571
에코레드 주식회사,2024-08-20,1,단독정화조용 산기장치,경기도 광명시 일직동 514 B동 3층 305호,29176,액체 여과기 제조업,
"에프앤에스,후로스",2024-10-28,3,"유량계, 분석계, 계측기",경기도 광명시 소하동 1345 광명테크노파크 E동 415호 E동 415호,27214,속도계 및 적산계기 제조업,02-6674-4343
영인정공,2011-01-25,1,"정량펌프, 계측기",경기도 광명시 소하동 1345 번지 광명테크노파크 씨동 10층 씨1005호,29131,액체 펌프 제조업,02-2083-2540
영주자동기,2010-12-24,1,자동충전캡핑포장기,경기도 광명시 소하동 1345 번지 광명테크노파크 비동 1층 비101호,29191,"용기 세척, 포장 및 충전기 제조업",02-2083-1525
영창기계,2010-11-05,6,송풍기,경기도 광명시 노온사동 365-2 번지,29174,산업용 송풍기 및 배기장치 제조업,02-2616-1204
영천환경산업,2001-05-30,1,"소독제, 탈취제",경기도 광명시 광명동 554-1번지,20321,화학 살균.살충제 및 농업용 약제 제조업 외 4 종,02-2618-5508
영화정밀,2006-01-16,11,정밀금속부품,경기도 광명시 가학동 210번지,29223,금속 절삭기계 제조업,02-2617-6018
예원자외선,2009-09-08,3,"하우징살균기, 탱크제조",경기도 광명시 노온사동 212-35번지,29176,액체 여과기 제조업,02-2613-1114
예지정밀,2007-02-02,3,플라스틱사출금형기,경기도 광명시 가학동 521-2번지,29293,주형 및 금형 제조업,02-2066-3197
오가노이드사이언스(주),2022-08-19,18,줄기세포 치료제,경기도 광명시 소하동 1345 광명테크노파크 E동 502호 E동 502호 외 2필지,21100,기초 의약 물질 제조업 외 1 종,02-6959-7214
오라텍,2011-05-27,3,자동차 부품,경기도 광명시 소하동 1345 번지 광명테크노파크 씨동 7층 씨704호,30399,그 외 자동차용 신품 부품 제조업 외 3 종,02-2083-1855
오병이어,2013-04-04,14,떡류,경기도 광명시 철산동 626-3번지 외 1필지,10601,떡류 제조업,02-2060-3718
오선이엔아이,2012-10-23,2,환경계측기,경기도 광명시 소하동 1365번지,27216,산업처리공정 제어장비 제조업,02-6745-0770
오스 주식회사,2025-05-13,17,"반도체 증착/식각장비, 캐니스터, 초저온스테이지, 진공챔버",경기도 광명시 소하동 1345 광명테크노파크 C동 8층 807호,29271,반도체 제조용 기계 제조업,02-6734-7000
오앤디지털인스트루먼트,2015-07-28,4,232/485통신카드,경기도 광명시 소하동 1345번지 광명테크노파크 A동 10층 1005,26299,그 외 기타 전자부품 제조업,02-2083-1951
오즈레이주식회사,2018-05-30,35,산업용 카메라,경기도 광명시 소하동 1345번지 광명테크노파크 D동 15층 1508,26421,방송장비 제조업 외 4 종,02-863-3137
오토테크인터네셔날주식회사,2025-03-13,10,자동차용 냉온 겸용 컵받침대,경기도 광명시 소하동 1345 광명테크노파크 D동 7층 710호,30399,그 외 자동차용 신품 부품 제조업,
오투전자,2001-05-08,4,"전기스탠드,미용기기(마사지기)",경기도 광명시 광명동 158-201번지,28519,기타 가정용 전기기기 제조업 외 4 종,02-2060-6497
올텍오토메이션(주),2012-02-27,14,리니어스테이지,경기도 광명시 소하동 1345번지 광명테크노파크 B동 5층 506,29299,그 외 기타 특수목적용 기계 제조업 외 1 종,02-2083-1770
와이에이치메디칼(주),2002-07-10,8,"이블,가정용전기매트",경기도 광명시 소하동 202번지,28512,가정용 전기 난방기기 제조업 외 3 종,02-803-5623
와이피도어(주),2017-03-13,2,산업용전동셔터,경기도 광명시 노온사동 794-5번지,25111,"금속 문, 창, 셔터 및 관련제품 제조업",02-3666-0363
왕성전자(주),2012-02-01,29,PCB 아세이,경기도 광명시 소하동 1365번지,26111,메모리용 전자집적회로 제조업 외 5 종,02-6112-7205
요림필터산업(주),2014-04-02,3,에어필터 및 공조기기,경기도 광명시 하안동 201 1동 2층 2호 외 1필지,29175,기체 여과기 제조업,02-899-6507
우리엔지니어링,2021-07-02,5,"알루미늄, 철",경기도 광명시 노온사동 574-23,25999,그 외 기타 분류 안된 금속 가공 제품 제조업 외 2 종,02-2688-4802
우리패션,2005-03-02,22,"브라, 올인원",경기도 광명시 광명동 740-4번지,14120,속옷 및 잠옷 제조업,02-2615-0340
우성기획,2020-02-21,1,"간판, 현수막, 실사출력",경기도 광명시 광명동 777번지 팰리스필아파트,33910,간판 및 광고물 제조업,02-2688-7438
우성다이아몬드공업,2003-01-22,10,"수도관정용비트,롯트,케이싱",경기도 광명시 노온사동 577-38번지,29241,건설 및 채광용 기계장비 제조업,02-2614-9527
우성인쇄산업,2016-10-11,3,스티커,경기도 광명시 광명동 374-180번지 1층,18129,기타 인쇄관련 산업,02-2612-3511
우성일렉트레이드(주),2015-03-17,7,산업용제어기기,경기도 광명시 소하동 1345번지 광명테크노파크 D동 10층 1006,27212,"전자기 측정, 시험 및 분석기구 제조업 외 2 종",02-2686-7314
우영메카(주) 경기지점,2020-04-02,5,"주차차단기, 주차요금계산기, 차번인식장치, 주차주제어장치, 주차전광판",경기도 광명시 일직동 515-1 A동 20층 2026호,28903,교통 신호장치 제조업 외 3 종,02-2269-0589
우창소방(주),2021-02-18,5,"유도등, 감지기, 발신기 등",경기도 광명시 소하동 1345-0 광명테크노파크 B동 404~405호,28901,전기경보 및 신호장치 제조업,02-2618-1003
운일금속공업,2001-01-04,9,반도체검사기계,경기도 광명시 소하동 148-7번지,27212,"전자기 측정, 시험 및 분석기구 제조업",02-803-2508
울파기술(주),2000-12-28,8,"압력전송장치,반도체장비",경기도 광명시 하안3동 201번지 광명시범공단344호,29271,반도체 제조용 기계 제조업 외 2 종,02-806-4403
원광ENC,2005-02-05,4,"에어호스, 닢플, 카플러","경기도 광명시 옥길동 143번지 13, 16호",31202,철도차량 부품 및 관련 장치물 제조업,02-2618-0237
원금속,1972-10-21,3,"진축,앙카",경기도 광명시 소하동 160-1번지,25113,육상 금속 골조 구조재 제조업 외 1 종,02-894-0104
원디자인,2011-11-07,5,현수막,경기도 광명시 광명동 743-1 번지 2층,33910,간판 및 광고물 제조업,02-3666-3232
웰커넥션,2024-09-03,2,절연선 및 케이블,경기도 광명시 소하동 1345 광명테크노파크 E동 801호 E동 801호,28302,기타 절연선 및 케이블 제조업,02-897-7693
위더스,2022-04-27,1,"LCD 전자 액자·시계·달력, LCD 전자 액자·시계·달력, LCD 전자 액자·시계·달력",경기도 광명시 하안동 201 3동 4층 1호,26211,액정 표시장치 제조업 외 2 종,02-3666-9661
위드엔지니어링,2021-04-30,2,기타기계 (PKG외),경기도 광명시 일직동 501-4 B202호 B202호,29199,그 외 기타 일반목적용 기계 제조업,
위이전자,2013-08-26,5,통신장비용 케이블 및 PCB조립,경기도 광명시 소하동 1365번지 4층 414호,26299,그 외 기타 전자부품 제조업 외 1 종,02-6112-7280
유림FA시스템,2025-03-04,2,자동제어시설,경기도 광명시 소하동 1345 광명테크노파크 C동 9층 907호,28123,배전반 및 전기 자동제어반 제조업 외 1 종,02-2083-2433
유비스 주식회사,2025-06-09,3,"자동제어반, 제어장치",경기도 광명시 소하동 1345 광명테크노파크 B동 7층 708호,28123,배전반 및 전기 자동제어반 제조업 외 1 종,02-898-8766
유원텍,2012-06-07,1,알루미늄명판,경기도 광명시 소하동 1345번지 광명테크노파크 B동 12층 1202,25991,금속 캔 및 기타 포장용기 제조업,02-2083-1921
육육섬유,2005-03-14,4,의류편직임가공,경기도 광명시 광명동 374-132번지,13300,편조원단 제조업,02-2686-9425
의건에스앤아이(주),2014-08-26,3,간판제조,경기도 광명시 옥길동 418-18번지,33910,간판 및 광고물 제조업,02-523-9167
이너모드,2007-02-16,9,"브레지어, 팬티",경기도 광명시 철산동 62-2번지,14120,속옷 및 잠옷 제조업,02-2619-9121
이성테크,2008-04-15,6,주형 및 금형,경기도 광명시 노온사동 360-1번지,29293,주형 및 금형 제조업,02-2066-9595
이셀전자(주),2016-10-28,6,블랙박스,경기도 광명시 소하동 1345번지 광명테크노파크 B동 12층 1204,26519,비디오 및 기타 영상기기 제조업,070-7848-2018
이스타카이 주식회사,2024-12-18,5,"배전반, 전기자동제어장치",경기도 광명시 소하동 1345 광명테크노파크 B동 8층 801호,28123,배전반 및 전기 자동제어반 제조업,070-7437-4575
이츠온 주식회사,2023-08-10,6,"CCTV, 전광판, 주차관제장치, 차단기",경기도 광명시 소하동 1344 광명G타워 비동 10층 1020호,26421,방송장비 제조업 외 3 종,02-6268-5830
이화종합상사,2012-04-10,3,기계공구,경기도 광명시 소하동 1345번지 광명테크노파크 D동 6층 607,25924,절삭가공 및 유사처리업,02-2276-0777
인성자동문,2008-03-21,4,자동문오퍼레이터,경기도 광명시 광명동 575-21번지,28123,배전반 및 전기 자동제어반 제조업,02-2625-6995
인센스코리아,2015-11-19,12,"방향제, 탈취제, 소취제",경기도 광명시 가학동 10-4번지,20424,표면광택제 및 실내가향제 제조업,02-899-1624
인코산전(주),1999-11-03,6,자동제어반,경기도 광명시 하안동 201-0번지,27219,"기타 측정, 시험, 항해, 제어 및 정밀기기 제조업 외 1 종",02-482-5854
일성모델사,1993-06-14,4,흑연가공품,경기도 광명시 하안동 201번지,16102,표면 가공 목재 및 특정 목적용 제재목 제조업,02-895-7587
일송식품,2012-01-30,5,양념류,경기도 광명시 하안동 201번지 아파트형공장 제1동 3동 1층 2호,10832,천연 및 혼합조제 조미료 제조업,02-899-1231
자애메디칼,2000-07-13,7,전기뜸질기,경기도 광명시 광명동 720-5번지,27112,전기식 진단 및 요법 기기 제조업,02-2688-5771
재운노즐,2013-06-13,5,스프레이 물분사노즐,경기도 광명시 소하동 1345번지 광명테크노파크 D동 B1층 B107호,29133,"탭, 밸브 및 유사장치 제조업",02-2615-8867
정인테크윈(주),2023-07-05,4,"스팀기, 보조사료, 보조사료, 변압기, 스팀기, 스팀기, 스팀기, 변압기, 자동전압조정기",경기도 광명시 하안동 201 4동 2층 421-1호,27215,기기용 자동측정 및 제어장치 제조업 외 8 종,
제네시스이앤씨,2011-03-31,7,"자동제어반, 프로세스제어반",경기도 광명시 소하동 1345 번지 광명테크노파크 디동 8층 807호,28123,배전반 및 전기 자동제어반 제조업 외 5 종,02-2083-2390
제이몬(주),2023-08-29,5,"미디어 플레이어, CCTV 컨트롤러, 방송용 스피커, 플러그용잭",경기도 광명시 일직동 514 8층 A805호 8층 A805호,26421,방송장비 제조업 외 3 종,070-4224-5567
제이에스파킹(주),2022-09-01,6,주차관제기기,경기도 광명시 소하동 1344 광명G타워 517호 517호,28903,교통 신호장치 제조업,02-898-8932
제이제이실업,2019-06-19,5,"의류, 잡화, 넥타이, 스카프",경기도 광명시 광명동 739-14번지 광천빌딩 3층,13221,침구 및 관련제품 제조업 외 19 종,
제인공업(주),1999-08-21,20,생활용품(수돗물정수),경기도 광명시 하안동 201번지,27112,전기식 진단 및 요법 기기 제조업,02-804-7953
주 넥스트펌프,2022-02-23,0,"휴대용액체펌프, 휴대용 분체펌프, 액체펌프 및 토출기, 분체펌프 및 토출기",경기도 광명시 일직동 501-4 418호 418호,29131,액체 펌프 제조업,02-2277-6379
주광산업(주),1999-09-04,4,"도로표지명,교통표지판",경기도 광명시 철산동 66-11번지,25994,금속 표시판 제조업,02-2618-5183
주식회사 BNSR,2024-02-15,13,"바코드스캐너, 모바일컴퓨터, 반도체장비 모듈, 바코드스캐너, 모바일컴퓨터, 반도체장비 모듈","경기도 광명시 소하동 1344 광명G타워 5층 518호, 519호 5층 518호, 519호",26429,기타 무선 통신장비 제조업 외 1 종,070-8648-1924
주식회사 가하인더스트리,2019-01-29,3,살균소독제,경기도 광명시 옥길동 142-2번지 1층,10839,기타 식품 첨가물 제조업 외 1 종,02-2060-6804
주식회사 광성기전,2023-03-28,5,LED 램프 및 조명기구,경기도 광명시 소하동 1344 광명G타워 A622호 A622호,28422,일반용 전기 조명장치 제조업 외 2 종,02-895-6721
주식회사 굿피앤씨,2013-06-24,5,광학렌즈 및 광학부품,경기도 광명시 소하동 1365번지 10층 1009호,27195,안경 및 안경렌즈 제조업 외 2 종,070-8796-5867
주식회사 그린카클린시티,2011-05-16,7,전기자동차,경기도 광명시 소하동 1345 번지 광명테크노파크 비동 지하층 지하101~지하102호,30121,내연기관 승용차 및 기타 여객용 자동차 제조업 외 1 종,070-8299-2525
주식회사 네오에스앤씨,2022-09-30,5,근로자 출입/안전관리 키오스크,경기도 광명시 소하동 1345 광명테크노파크 C동 1208호 C동 1208호,26310,컴퓨터 제조업,02-6225-6200
주식회사 다온아이앤씨,2022-04-08,6,"드론, 모형물",경기도 광명시 일직동 514 C동 617호 C동 617호,31312,무인 항공기 및 무인 비행장치 제조업 외 1 종,02-2039-8977
주식회사 단색,2022-11-02,3,속옷 및 잠옷,경기도 광명시 철산동 626-3 광명테크노타운 401-3호 401-3호,14120,속옷 및 잠옷 제조업,02-338-4400
주식회사 대성엘이디 서비스센터,2023-07-05,4,"안내전광판, LED전광판",경기도 광명시 일직동 515-1 A동 1801호 A동 1801호 외 2필지,28423,전시 및 광고용 조명장치 제조업,02-861-8841
주식회사 더원인터내셔널,2024-04-23,2,"정온식 감기지, 광전식 감지기 등","경기도 광명시 소하동 1344 광명G타워 B동 1508호, 1509호 B동 1508호, 1509호",28901,전기경보 및 신호장치 제조업,02-6949-0634
주식회사 드림엔텍,2011-10-26,3,원적외선 온열찜질 사우나기,경기도 광명시 소하동 1345 번지 광명테크노파크 이동 12층 1214호,28909,그 외 기타 전기장비 제조업,02-2603-8711
주식회사 디알에스,2011-12-16,5,"보안용카메라, 영상감시장치",경기도 광명시 소하동 1365 에이스 광명타워 502호 502호,26410,유선 통신장비 제조업 외 3 종,02-3281-0019
주식회사 디에프아이,2022-09-22,8,"식품첨가물(향료, 향료제제, 혼합제제)",경기도 광명시 소하동 1345 광명테크노파크 D동 409호 D동 409호 외 2필지,10839,기타 식품 첨가물 제조업,02-899-6603
주식회사 라인애드,2023-10-18,2,조명기구,경기도 광명시 하안동 303 4층 431호 4층 431호,28422,일반용 전기 조명장치 제조업,02-1660-1567
주식회사 로제아이,2025-10-23,2,영상정보디스플레이장치,경기도 광명시 하안동 303 1동 14층 1437호,26519,비디오 및 기타 영상기기 제조업,02-1644-7858
주식회사 리영에스엔디,2025-05-27,13,디지털 육분의,경기도 광명시 일직동 501-4 15층 1515호 15층 1515호,27211,"레이더, 항행용 무선기기 및 측량기구 제조업",02-8992-2025
주식회사 메디아앤메디올로지,2025-03-18,2,"DIY키트, 종이가구",경기도 광명시 광명동 572-18 1층,17909,그 외 기타 종이 및 판지 제품 제조업,
주식회사 모글테크,2025-01-06,3,금형가공품,경기도 광명시 노온사동 759-4,29293,주형 및 금형 제조업,02-869-8935
주식회사 모든다해,2016-10-28,4,"금속검출기, 금속검출기, 산업용기기, 금속검출기, 산업용기기, 금속검출기, 산업용기기, 금속검출기, 산업용기기, 산업용기기",경기도 광명시 소하동 1345번지 광명테크노파크 D동 6층 602 D동 6층 602호,28909,그 외 기타 전기장비 제조업 외 4 종,ARS-1661-4725
주식회사 미브레스,2022-12-29,2,전위발생기(의료기기),경기도 광명시 일직동 515-1 B동 4층 403호,27112,전기식 진단 및 요법 기기 제조업,02-1533-7716
주식회사 미앤드,2024-11-15,4,속옷 및 잠옷,경기도 광명시 소하동 1344 광명G타워 A동 1120호 A동 1120호,14120,속옷 및 잠옷 제조업,070-7773-2020
주식회사 바온이엔아이,2023-02-27,13,"목재 조형물, 전시용 모형",경기도 광명시 소하동 1344 광명G타워 G124호 G124호,16299,그 외 기타 나무제품 제조업 외 2 종,02-574-7742
주식회사 발키다,2025-07-24,3,"플라즈마 소형기기, LED 조명, 플라즈마 소형기기, LED 조명",경기도 광명시 일직동 515-1 B동 14층 1408호,28410,전구 및 램프 제조업 외 1 종,050-6575-7973
주식회사 버메스코리아,2011-07-08,5,반도체 및 바이오관련장치,경기도 광명시 소하동 1345번지 광명테크노파크 A동 15층 1501호,29271,반도체 제조용 기계 제조업,02-2066-1707
주식회사 벨류데이터,2018-02-20,7,CCTV 등,경기도 광명시 일직동 510-7번지 402호,26421,방송장비 제조업 외 5 종,02-898-1179
주식회사 비스타라이팅,2023-06-21,3,LED조명기구,경기도 광명시 소하동 1344 광명G타워 A1110호 A1110호,28422,일반용 전기 조명장치 제조업,02-3407-5477
주식회사 비스타씨엔씨,2012-06-15,8,"차량번호인식기, CCTV",경기도 광명시 하안동 201번지 1동 6층 1-1호,26421,방송장비 제조업 외 1 종,070-7008-2121
주식회사 비전랩,2012-09-13,0,자동화기계,경기도 광명시 소하동 1345번지,29299,그 외 기타 특수목적용 기계 제조업 외 1 종,02-6275-5377
주식회사 비투에스,2024-08-28,19,머신비전용 광학 검사 모듈,경기도 광명시 일직동 514 A동 9층 904호,27301,광학렌즈 및 광학요소 제조업 외 1 종,02-6914-6363
주식회사 사운드포,2017-07-25,4,방화유리문 프레임,경기도 광명시 노온사동 770-5번지,25111,"금속 문, 창, 셔터 및 관련제품 제조업",02-2683-1252
주식회사 삼정에스아이,2014-01-16,5,"CCTV제품, 영상감시장치","경기도 광명시 하안동 304 1216, 1217호",26421,방송장비 제조업 외 1 종,02-6268-2236
주식회사 상림기술,2024-03-08,12,"영상정보디스플레이장치, 무인안내시스템, 영상감시장치, 보안용카메라, 전광판",경기도 광명시 소하동 1345 광명테크노파크 D동 6층 611호,26519,비디오 및 기타 영상기기 제조업 외 4 종,02-2083-1333
주식회사 상림기술,2025-10-17,6,"영상정보디스플레이장치,영상감시장치, 무인안내시스템, 무인안내시스템, 보안용카메라, 무인안내시스템, 전광판",경기도 광명시 소하동 1345 광명테크노파크 D동 15층 1508호,26519,비디오 및 기타 영상기기 제조업 외 4 종,02-2083-1333
주식회사 새론이엔아이,2025-03-11,9,감압밸브,경기도 광명시 소하동 1345 광명테크노파크 E동 3층 309호,29133,"탭, 밸브 및 유사장치 제조업",02-2088-8705
주식회사 서림,2002-09-17,15,"ADAPTOR,TRANS, 마스크팩",경기도 광명시 철산동 626-3번지,26293,"전자코일, 변성기 및 기타 전자 유도자 제조업 외 1 종",02-2616-3020
주식회사 세진인포,2016-09-23,11,"CCTV 영상감시장치, 컴퓨터 및 모니터제조",경기도 광명시 소하동 1345 광명테크노파크 C동 9층 911호,26421,방송장비 제조업 외 2 종,02-2688-1110
주식회사 센티넬이노베이션,2023-05-18,5,"살균소독제(살균, 소독, 탈취제)",경기도 광명시 소하동 1344 광명G타워 A412호 A412호,20129,기타 기초 무기 화학물질 제조업 외 2 종,02-6032-8770
주식회사 스타코프,2023-06-21,7,전기자동차 충전장치,경기도 광명시 소하동 1365 에이스 광명타워 511호 511호,27214,속도계 및 적산계기 제조업 외 1 종,02-1833-4903
주식회사 스펙코어,2009-06-24,35,"오일분광분석기, 표준오일, 투광기",경기도 광명시 철산동 626-3번지,27211,"레이더, 항행용 무선기기 및 측량기구 제조업 외 20 종",02-895-1001
주식회사 슬레노,2025-06-11,20,"고정밀 측위 RTK 디바이스, 게이트웨이, 융복합화재감지기",경기도 광명시 일직동 501-4 13층 1311호 13층 1311호,26429,기타 무선 통신장비 제조업 외 1 종,02-6335-0424
주식회사 시도,2025-05-29,1,"워터클레이, 조색제, 조색제",경기도 광명시 일직동 515-1 B동 13층 1303호,23999,그 외 기타 분류 안된 비금속 광물제품 제조업 외 2 종,
주식회사 신일테크,2024-01-11,1,"열열상카메라, 녹화기, 계전기시험기, 계측기, 열열상카메라, 녹화기, 계전기시험기, 계측기, 열열상카메라, 녹화기","경기도 광명시 하안동 303 1036호, 1037호 1036호, 1037호",26519,비디오 및 기타 영상기기 제조업 외 3 종,02-6341-1711
주식회사 씨위드,2024-06-21,2,미역진액,경기도 광명시 일직동 501-4 3층 322호 3층 322호,10220,수산식물 가공 및 저장 처리업,02-6676-4740
주식회사 아이로,2021-09-16,12,"로봇물고기, 수중로봇",경기도 광명시 일직동 501-4 313호 313호 외 1필지,29280,산업용 로봇 제조업 외 1 종,02-803-6760
주식회사 아이원시스템,2011-02-01,9,"RGB Matrix Switcher, 영상투영기, DCU, NT Wall Controller",경기도 광명시 소하동 1345번지 광명테크노파크 E동 3층 314호,26310,컴퓨터 제조업 외 6 종,02-2083-1358
주식회사 아이티씨일렉트로닉스,2022-02-14,5,전자기기부품,"경기도 광명시 일직동 514 GIDC광명역 B동 2402호, 2403호",26299,그 외 기타 전자부품 제조업,02-6219-3300
주식회사 아이티온,2024-12-18,5,통신장비,경기도 광명시 하안동 303 7층 717호 7층 717호,26410,유선 통신장비 제조업 외 1 종,02-2182-3140
주식회사 알파모델,2017-07-25,6,모형 기관차,경기도 광명시 하안동 201-2번지 아파트형공장 제1동 4동 3층 434-2,33932,전시용 모형 제조업,02-899-1013
주식회사 에너위즈,2007-04-27,6,"배터리팩,축전지",경기도 광명시 철산동 626-3번지 광명조명타운 6층 602-1,28202,운송장비용 이차전지 제조업 외 1 종,02-2060-5931
주식회사 에스유아이씨티,2023-02-16,3,유무선 통신장비,경기도 광명시 일직동 501-4 1506호 1506호,26410,유선 통신장비 제조업 외 1 종,02-6291-1010
주식회사 에스케이이테크놀로지,2023-06-28,6,"시각장애인용 음성안내기, 음향신호기",경기도 광명시 하안동 303 311호 311호,28901,전기경보 및 신호장치 제조업 외 1 종,
주식회사 에프디에스(FDS),2023-04-26,4,키오스크 및 산업용 모니터 외,경기도 광명시 소하동 1344 광명G타워 A725호 A725호,26329,기타 주변기기 제조업,02-6094-4568
주식회사 엘오테크,2025-01-07,3,"진공장비, 센서, 전장모듈",경기도 광명시 하안동 304 6층 627호 6층 627호,29271,반도체 제조용 기계 제조업 외 2 종,02-899-0398
주식회사 엘케이메탈,2024-10-28,16,"Drill rod, Casing pipe",경기도 광명시 노온사동 761-7,29241,건설 및 채광용 기계장비 제조업,02-2617-3275
"주식회사 엘포박스(L4BOX Co.,Ltd.)",2023-12-01,8,유·아동 대형 스마트 러닝 기기,경기도 광명시 일직동 514 B동 6층 605호,26219,기타 표시장치 제조업 외 1 종,02-969-8722
주식회사 연화엠텍,2013-03-14,13,유무선통신기기,경기도 광명시 하안동 201번지 아파트형공장 제1동 1동 4층 3,26429,기타 무선 통신장비 제조업,02-3281-7270
주식회사 영원시스템즈,2023-02-06,4,패치판넬,경기도 광명시 소하동 1344 광명G타워 B1516호 B1516호,26410,유선 통신장비 제조업,02-6267-2600
주식회사 영일앤텍,2007-02-27,10,"잉카블럭, 잉카바, 본딩스트랩외 기계제품",경기도 광명시 소하동 517-3번지,25913,자동차용 금속 압형제품 제조업 외 1 종,02-809-0313
주식회사 원앤아이,2024-05-21,8,"비콘, 교육교재, 교육부자재",경기도 광명시 하안동 303 1034호 1034호,27212,"전자기 측정, 시험 및 분석기구 제조업 외 2 종",02-6953-2614
주식회사 유니덴탈,2019-10-30,5,치과기공재료,경기도 광명시 소하동 1345번지 광명테크노파크 D동 6층 613,27191,치과용 기기 제조업,
주식회사 이씨엘,2024-08-08,5,일반조명장치,경기도 광명시 일직동 501-4 5층 502호 5층 502호,28422,일반용 전기 조명장치 제조업,
주식회사 이지테크,2018-10-26,44,"CONTRLLER, UV FILTER, 실내환경측정장치 (미세먼지측정기), 안전운행정보수집장치","경기도 광명시 소하동 1345번지 광명테크노파크 A동 5층 501,502,503,504 A동 5층 501,502,503,504호",26224,전자부품 실장기판 제조업 외 3 종,02-2060-2431
주식회사 인성,2015-02-02,10,셔터전동기,경기도 광명시 광명동 572-38번지,28123,배전반 및 전기 자동제어반 제조업,02-2625-6995
주식회사 자온,2025-07-10,3,"음성인식 비상벨, 재난예방 비상경보기, 방송수신기, 음성인식 비상벨, 재난예방 비상경보기, 방송수신기, 통합관제프로그램, 영상감시장치, 방송수신기",경기도 광명시 일직동 501-4 8층 815호 8층 815호,28901,전기경보 및 신호장치 제조업 외 2 종,070-4145-1777
주식회사 재운노즐,2022-06-27,4,공업용 노즐,경기도 광명시 소하동 1345 광명테크노파크 D동 지하108호 D동 지하108호,29133,"탭, 밸브 및 유사장치 제조업",02-2615-8867
주식회사 정수테크코리아,2024-03-01,4,"산업용 필터, 여과기 필터",경기도 광명시 일직동 501-4 5층 503호 5층 503호,29176,액체 여과기 제조업 외 1 종,02-2066-4960
주식회사 정운시스템,2023-05-17,4,계측제어기기,경기도 광명시 하안동 303 1528호 1528호 외 1필지,27215,기기용 자동측정 및 제어장치 제조업,02-2066-8611
주식회사 주도코리아,2021-06-29,3,수처리 여과장치,경기도 광명시 소하동 1345 광명테크노파크 A동 13층 1310호,29176,액체 여과기 제조업,02-2083-1477
주식회사 지벡파마,2005-04-15,3,홍삼기타식품,경기도 광명시 광명동 754-1번지,10895,인삼식품 제조업,02-2612-0467
주식회사 차로보틱스,2024-06-03,3,산업용 로봇 부품,경기도 광명시 하안동 304 1501호,29280,산업용 로봇 제조업,
주식회사 청남아이티,2011-06-01,4,LED 조명,경기도 광명시 소하동 1345 번지 광명테크노파크 이동 11층 1106호,28422,일반용 전기 조명장치 제조업,02-2083-1961
주식회사 커스템,2025-04-28,4,텔레비전,경기도 광명시 일직동 514 B2층 258호 B2층 258호,26511,텔레비전 제조업,ARS-1566-5722
주식회사 컴피그,2024-07-05,1,개인용 컴퓨터,경기도 광명시 소하동 1344 광명G타워 B동 607호 B동 607호,26310,컴퓨터 제조업,02-899-9112
주식회사 코르테크,2022-08-19,7,산업처리공정 제어장치,경기도 광명시 소하동 1344 광명G타워 428호 428호,27216,산업처리공정 제어장비 제조업 외 5 종,02-6205-4600
주식회사 크린워터시스템,2024-03-26,2,산업용 정수기,경기도 광명시 일직동 514 비동 25층 2507호,29176,액체 여과기 제조업,
주식회사 태성사,1997-03-21,16,펌프및그라우팅자재,경기도 광명시 노온사동 761-4번지,29241,건설 및 채광용 기계장비 제조업 외 1 종,02-2671-2600
주식회사 태원시스템,2025-07-31,6,"POE스플리터, POE스플리터",경기도 광명시 소하동 1339 골든프라자 702호,26429,기타 무선 통신장비 제조업 외 1 종,02-897-7150
주식회사 테솔로,2025-03-11,3,로봇팔,경기도 광명시 일직동 514 A동 26층 2611호,29280,산업용 로봇 제조업,02-6914-6620
주식회사 토로이드전자,2011-11-02,3,"LED 조명, 전자부품",경기도 광명시 소하동 1345 번지 광명테크노파크 디동 1층 103호,28422,일반용 전기 조명장치 제조업,02-2083-2670
주식회사 티엠씨이노베이션,2024-11-26,3,반도체장비 부품,경기도 광명시 소하동 1344 광명G타워 B동 709호 B동 709호,27216,산업처리공정 제어장비 제조업,02-899-0357
주식회사 파인아이디,2012-12-05,3,옥외광고물,경기도 광명시 옥길동 418-18번지,33910,간판 및 광고물 제조업,070-8264-6761
주식회사 펠코리아,2014-12-29,7,"원격전원제어장치, 환경감시장치, 전원분배장치, 배터리방전시험기, 이중화전원절환장치",경기도 광명시 소하동 1345번지 광명테크노파크 E동 12층 1211,26410,유선 통신장비 제조업 외 5 종,02-6112-3730
주식회사 포스트알,2025-03-27,1,셋톱박스,경기도 광명시 일직동 501-4 11층 1120호 11층 1120호,26410,유선 통신장비 제조업 외 3 종,02-6291-5050
주식회사 포인트그램,2011-10-07,4,방송통신장비,경기도 광명시 소하동 1345번지,26429,기타 무선 통신장비 제조업 외 2 종,02-6112-3131
주식회사 플레코,2023-04-13,2,"인버터, 전력시험기, 자동차 전자식모의운전장치",경기도 광명시 소하동 1344 광명G타워 523호 523호 외 1필지,28119,기타 전기 변환장치 제조업 외 2 종,
주식회사 플리닉랩스,2025-08-26,2,가정용 미용기기,경기도 광명시 일직동 514 C동 14층 1404호,28519,기타 가정용 전기기기 제조업,02-2038-4876
주식회사 한국울트라산업,2012-06-04,14,"창문용폐쇄장치, 배연창기기, 제어반 등",경기도 광명시 하안동 201번지 광명시범공단 아파트형공장 3동 1층 4호,25932,일반철물 제조업 외 1 종,02-897-9403
주식회사 한국유체시스템,2025-02-13,3,액체펌프,경기도 광명시 노온사동 739,29131,액체 펌프 제조업,070-5117-8497
주식회사 한국표준엔지니어링,2011-02-25,4,공기조화장치 제어반,경기도 광명시 소하동 1345 번지 광명테크노파크 디동 7층 713호,29172,가정용 및 산업용 공기 조화장치 제조업 외 1 종,02-2083-2555
주식회사 한성이엔지,2022-07-22,6,자동제어반,경기도 광명시 일직동 515-1 A동 19층 1910호,28123,배전반 및 전기 자동제어반 제조업,02-6299-7199
주식회사 해솔이에프씨,2022-05-17,8,"영상감시장치, 보안용카메라, 통합배선반",경기도 광명시 일직동 514 C동 1712호 C동 1712호,26410,유선 통신장비 제조업 외 1 종,02-6914-5712
주식회사 혜안,2011-11-17,6,"제어기기, 신분증",경기도 광명시 소하동 1345 번지 광명테크노파크 이동 9층 이910호,28123,배전반 및 전기 자동제어반 제조업 외 1 종,02-3286-2400
주식회사 호스크,2025-11-11,1,세탁세제,경기도 광명시 일직동 514 A동 18층 1801호,20422,"치약, 비누 및 기타 세제 제조업",070-4196-0484
주식회사 호영엔지니어링,2013-07-01,6,컨트롤판넬,경기도 광명시 소하동 1345번지 광명테크노파크 B동 3층 303호,29172,가정용 및 산업용 공기 조화장치 제조업 외 1 종,02-783-4005
주식회사 효성앤송성,2023-10-18,8,"전자부품(커넥터, 클램프)",경기도 광명시 하안동 303 13층 1326호 13층 1326호,26299,그 외 기타 전자부품 제조업,02-891-0940
주식회사등대씨엔씨,2024-10-28,4,태블릿충전보관함,경기도 광명시 일직동 514 A동 22층 2202호,28119,기타 전기 변환장치 제조업,02-761-8977
주식회사모빌텍,1999-10-21,3,전자기기.감지센서(pcs기지국),경기도 광명시 하안동 201번지,26299,그 외 기타 전자부품 제조업 외 1 종,02-894-7555
주식회사세경이엔지,2019-10-17,6,"26410, 멀티브로드캐스팅 터미널, 이동형기지국",경기도 광명시 일직동 505-7 상상빌 1동,26410,유선 통신장비 제조업 외 1 종,02-522-2328
주언테크 주식회사,2024-01-11,6,일반용음식물쓰레기처리기,경기도 광명시 노온사동 376-20,29299,그 외 기타 특수목적용 기계 제조업 외 1 종,ARS-1666-3639
준 학생복(F.S ISLAND),2024-03-13,3,"학생복, 체육복",경기도 광명시 광명동 743-1 풍은빌딩 3층,14192,"근무복, 작업복 및 유사의복 제조업",02-2682-0180
중원A.C.T전자,2011-03-31,10,하네스,경기도 광명시 소하동 1345 번지 광명테크노파크 이동 4층 409호,28303,절연 코드세트 및 기타 도체 제조업,02-2083-1780
지석테크,2018-08-07,2,전기자동차 배터리 부품,경기도 광명시 노온사동 770-5번지,29223,금속 절삭기계 제조업,
지티인코스,2011-08-02,5,화장품,경기도 광명시 소하동 1345 광명테크노파크 D동 301호 D동 301호,20423,화장품 제조업,02-2083-1811
지혜피앤티,2019-07-23,5,"기록용지, 영수증",경기도 광명시 가학동 781-11번지,18111,경 인쇄업 외 3 종,02-2681-8828
진경섬유,2003-05-12,4,"양말,스타킹",경기도 광명시 광명동 5-41번지,14411,스타킹 및 기타 양말 제조업,02-2687-7517
진경실업,2001-08-23,8,"텐트,베낭",경기도 광명시 광명동 374-180번지,13224,"천막, 텐트 및 유사 제품 제조업 외 2 종",02-2689-3916
진교역,2014-07-30,8,"매니큐어세트, 지갑","경기도 광명시 광명동 158-889번지 지하1층, 2층",15129,가방 및 기타 보호용 케이스 제조업,02-2683-8759
진성정밀,1990-12-06,8,카오디오부품,경기도 광명시 소하동 31-15번지,26519,비디오 및 기타 영상기기 제조업 외 3 종,02-804-5131
진아산업,2009-08-06,8,하네스가공,경기도 광명시 소하동 31-15번지,28302,기타 절연선 및 케이블 제조업,02-809-2290
진우화스나,2003-06-02,6,지퍼류,경기도 광명시 옥길동 418-21번지,33991,단추 및 유사 파스너 제조업,02-2681-1677
진주장갑,2004-08-22,10,면장갑,경기도 광명시 소하동 201-1번지,14499,그 외 기타 의복액세서리 제조업,02-898-7676
진흥엘앤에스(주),2015-12-22,12,전기조명장치외 6종,경기도 광명시 소하동 1345번지 광명테크노파크 E동 8층 802,28422,일반용 전기 조명장치 제조업 외 7 종,02-2676-7580
참두원플러스,2014-12-11,5,"전두부, 전두부생산기계",경기도 광명시 소하동 1345번지 광명테크노파크 A동 14층 1407,10894,두부 및 유사식품 제조업 외 1 종,02-2083-1877
참숯협동조합발해,2016-12-08,2,"가스용품, 숯불지피기",경기도 광명시 하안동 201번지 아파트형공장 제1동 4동 3층 3-1,25999,그 외 기타 분류 안된 금속 가공 제품 제조업 외 1 종,02-2611-1754
천성채널산업,2012-07-16,3,"간판, 광고물",경기도 광명시 옥길동 88-2번지,33910,간판 및 광고물 제조업,02-2611-1643
천하다이아몬드,1995-12-16,18,다이아공구,경기도 광명시 가학동 781-3번지,25934,톱 및 호환성 공구 제조업,02-2689-8228
청우전자,2024-10-30,20,Connector,경기도 광명시 소하동 1345 광명테크노파크 D동 14층 1410호,28122,전기회로 접속장치 제조업,02-2613-5779
캠존,2007-07-02,11,폐쇄회로카메라,경기도 광명시 소하동 1074-5번지 (지하),26421,방송장비 제조업 외 2 종,02-897-0438
컨버테크,2002-11-07,2,자동차전원장치,경기도 광명시 철산1동 626-3번지 광명조명타운703호,30399,그 외 자동차용 신품 부품 제조업 외 3 종,02-2688-0618
컨버테크(주),2020-12-24,6,전원공급장치,경기도 광명시 소하동 1345 광명테크노파크 D동 810호,28119,기타 전기 변환장치 제조업 외 1 종,02-859-2624
컬러앤케어 주식회사,2024-03-01,2,메인 밸브 조절기,경기도 광명시 일직동 514 B동 8층 801호,29133,"탭, 밸브 및 유사장치 제조업",02-6925-3374
케이이엔씨,2012-05-17,2,환경계측기,경기도 광명시 소하동 1365번지 8층 806 외 1필지,27213,"물질 검사, 측정 및 분석기구 제조업 외 1 종",02-2681-9731
코리아에어필터(주),2016-02-11,5,"에어필터, 여과기",경기도 광명시 하안동 201번지 아파트형공장 제1동 1동 2층 4,29175,기체 여과기 제조업,070-4632-3710
코리아전기조명,2012-12-05,4,산업용작업등,경기도 광명시 소하동 1365번지,28422,일반용 전기 조명장치 제조업,02-896-9959
코스모스 생명공학(주),2009-04-20,4,의료기,경기도 광명시 노온사동 778-10번지,27199,그 외 기타 의료용 기기 제조업,02-2613-3412
코앤알 주식회사,2025-10-17,1,"IP카메라 (CCTV), NVR / DVR",경기도 광명시 하안동 304 6층 616호 6층 616호,26421,방송장비 제조업 외 1 종,
쿰펠라이프(주),2010-05-28,4,인덕션 레인지,경기도 광명시 소하동 1240-2번지 5층,28511,주방용 전기기기 제조업,02-897-0370
쿰펠텔레콤(주),2005-11-08,18,통신부품,"경기도 광명시 소하2동 1240-2번지 한성빌딩 3층,4층",26429,기타 무선 통신장비 제조업 외 2 종,02-899-0662
크린스화장품,2015-10-29,21,화장품,경기도 광명시 노온사동 572-16번지 크린스화장품,20423,화장품 제조업,02-2613-2933
탑클라스,2024-02-22,1,학생복,경기도 광명시 하안동 304 512호,14192,"근무복, 작업복 및 유사의복 제조업",
태광전자,2001-08-14,3,전기커넥터,경기도 광명시 광명동 63-24번지,28121,"전기회로 개폐, 보호장치 제조업 외 1 종",02-2688-8360
태백전기주식회사,2005-01-18,7,"반도체장비, 제어반",경기도 광명시 철산동 626-3번지,28123,배전반 및 전기 자동제어반 제조업,02-2684-3040
태서리사이클링(주),2002-12-02,53,폐종이수거분쇄및압축,경기도 광명시 소하2동 272번지,38321,비금속류 해체 및 선별업 외 1 종,02-802-6161
태양종합시스템,1999-01-29,4,"간판,후렝,현수막,led등기구",경기도 광명시 광명6동 374-181번지,28422,일반용 전기 조명장치 제조업 외 4 종,02-2619-4897
태양피브이시,2017-03-03,2,"pvc팬, 덕트",경기도 광명시 광명동 575-10번지,22229,기타 건축용 플라스틱 조립제품 제조업,02-2613-7359
태원양행,2009-10-19,2,스위치,경기도 광명시 하안동 36-1번지 제일빌딩 602,26299,그 외 기타 전자부품 제조업 외 1 종,02-892-4800
태일산업,2003-04-23,1,"모자, 양말, 장갑, 가방, 목도리, 의복등",경기도 광명시 하안1동 445번지 1층,14411,스타킹 및 기타 양말 제조업 외 9 종,02-899-1864
태일전자,2010-09-09,15,전자부품 메인 보드,경기도 광명시 하안동 201번지,26224,전자부품 실장기판 제조업,02-802-0423
태현어패럴,1999-12-10,10,아동의류,경기도 광명시 광명동 374-46번지,14194,유아용 의복 제조업,02-2688-4572
트라이머스(주),2012-05-02,2,LED 조명기구,경기도 광명시 소하동 1345번지 광명테크노파크 D동 10층 1005,28423,전시 및 광고용 조명장치 제조업,02-2083-2295
트루비온주식회사,2011-10-27,14,전자집적회로,"경기도 광명시 소하동 1345 번지 광명테크노파크 디동 9층 905, 906호",26111,메모리용 전자집적회로 제조업 외 1 종,070-8611-8830
트윈텍스타일,2020-05-29,19,의류,경기도 광명시 일직동 515-1 B동 1101호 B동 1101호 외 4필지,14191,셔츠 및 블라우스 제조업 외 2 종,02-809-4396
티유,2014-02-17,4,"엔진브로어, 예초기, 산업용 냉장 및 냉동장비",경기도 광명시 가학동 786-3번지,29210,농업 및 임업용 기계 제조업 외 5 종,070-8610-7514
티제이티(주),2012-12-05,7,자동소화기,경기도 광명시 광명동 580번지,29192,분사기 및 소화기 제조업,02-6406-0086
파워렉스(주),2002-10-24,80,컴퓨터전원공급장치,경기도 광명시 철산동 626-3번지,28119,기타 전기 변환장치 제조업 외 1 종,02-2682-9779
파이어키퍼,2020-07-15,2,"방폭형발신기, 경종, 비상콘센트, 시각경보기, 표시등, 방폭형감지기",경기도 광명시 노온사동 212-35,28901,전기경보 및 신호장치 제조업,02-2066-1262
파인기획,2016-07-08,2,광고물,경기도 광명시 옥길동 418-18번지,33910,간판 및 광고물 제조업,02-2682-9341
평화상사,2003-07-30,3,전자부품잭,경기도 광명시 광명동 159-85번지,28121,"전기회로 개폐, 보호장치 제조업 외 1 종",02-2613-2272
포인트임플란트 주식회사,2022-10-26,9,치과용 레이저장비,경기도 광명시 일직동 514 C동 718호 C동 718호 외 1필지,27199,그 외 기타 의료용 기기 제조업,070-7475-0658
표준시스템,2012-08-31,13,하네스장비,경기도 광명시 소하동 1365번지,28123,배전반 및 전기 자동제어반 제조업,02-838-2224
프라미스,2016-04-22,2,"배기가스시험장비, 땅콩탈피기","경기도 광명시 소하동 1345번지 광명테크노파크 C동 4층 401,402호",27215,기기용 자동측정 및 제어장치 제조업 외 1 종,02-2083-2263
플러스테크,2021-03-15,3,"중앙감시반, 차량번호인식기, 차단기",경기도 광명시 소하동 1345 광명테크노파크 A동 905호,28903,교통 신호장치 제조업,02-3667-1861
하나농산,2016-04-01,3,고춧가루,경기도 광명시 가학동 911-4번지,10839,기타 식품 첨가물 제조업,02-2688-5875
하나비젼,2020-09-16,1,VR AR 온라인 프레젠테이션 솔루션,경기도 광명시 일직동 515-1 B-514,26519,비디오 및 기타 영상기기 제조업 외 6 종,02-6332-3395
하이후렉스,2011-06-20,8,FLEX CONVEYOR,경기도 광명시 소하동 1345 번지 광명테크노파크 디동 2층 디204호,29163,컨베이어장치 제조업 외 1 종,02-2083-2662
하프트인(주),2024-02-20,8,"통신용 중계기, 터널지하재방송장치",경기도 광명시 소하동 1365 에이스 광명타워 521호 521호,26421,방송장비 제조업 외 3 종,02-6112-7384
한국리스텍(주),2012-02-15,3,온풍기,경기도 광명시 소하동 1345번지 광명테크노파크 C동 12층 1205,29172,가정용 및 산업용 공기 조화장치 제조업 외 1 종,070-7450-8805
한국선크스전자(주),1998-09-02,14,빔센서,경기도 광명시 하안동 201번지,27216,산업처리공정 제어장비 제조업,02-892-3427
한국울트라 주식회사,2016-10-11,6,배연창모터 및 자동폐쇄장치,경기도 광명시 하안동 201-2번지 아파트형공장 제1동 3동 1층 3,25932,일반철물 제조업,02-897-9403
한국철마산업,2009-05-13,2,"간판, 현수막",경기도 광명시 하안동 36-4번지 성보프라자 503호,33910,간판 및 광고물 제조업,02-804-5458
한국환경자원기술(주),2020-09-08,7,전신소독방역기 및 소독방역기,경기도 광명시 소하동 1345 광명테크노파크 D동 103호,29192,분사기 및 소화기 제조업 외 2 종,02-6112-3555
한국활성탄섬유공업(주),2007-12-03,6,"필터, 정수기",경기도 광명시 하안동 201번지,29176,액체 여과기 제조업,02-2615-0693
한길산업,2012-01-19,3,"전동기, 발전기",경기도 광명시 광명동 575-20번지,28123,배전반 및 전기 자동제어반 제조업 외 1 종,02-895-9825
한담테크,2002-04-01,10,PC 카메라,경기도 광명시 하안동 201번지,26421,방송장비 제조업 외 2 종,02-892-5697
한도철망기업,2009-09-09,6,콘베어메쉬벨트,경기도 광명시 노온사동 796번지,25944,금속선 가공제품 제조업,02-2689-0950
한산시피에스(주),2012-06-22,15,판넬,"경기도 광명시 소하동 1345번지 광명테크노파크 B동 8층 809,810 B동 8층 809,810호",28123,배전반 및 전기 자동제어반 제조업,02-408-9559
한샘엔지니어링,1998-11-23,4,SWITCH<-S(전자부품),경기도 광명시 하안동 201-0번지,26121,발광 다이오드 제조업 외 1 종,02-896-8100
한서 주식회사,2011-12-16,4,"수도계량기, 적산열량계",경기도 광명시 소하동 1345번지 광명테크노파크 E동 10층 1001~1003 E동 10층 1001~1003호,27214,속도계 및 적산계기 제조업,02-2083-1436
한양광고,2018-08-08,4,"간판, 광고물",경기도 광명시 광명동 159-106번지 3층,33910,간판 및 광고물 제조업 외 1 종,02-2683-7081
한양테크,2018-06-18,8,"환풍기, 포충기, 전기스토브",경기도 광명시 노온사동 878번지 나비야놀자박물관 1층,28519,기타 가정용 전기기기 제조업 외 4 종,02-2612-2061
한창전기부품,1995-03-14,3,전원코드가공,경기도 광명시 하안동 201 번지 광명아파트형공장 4동 4층 4-1호,28123,배전반 및 전기 자동제어반 제조업,02-802-7134
해룡광고산업,2012-06-15,3,인쇄물,경기도 광명시 하안동 201번지 1동 1층 3호,18119,기타 인쇄업 외 1 종,02-899-4353
해리산업(주),2021-05-27,5,덕트,경기도 광명시 노온사동 252-4,24199,그 외 기타 1차 철강 제조업,02-2611-6893
향비조,2022-01-17,2,"화장비누, 화장품",경기도 광명시 소하동 947-2 2층,20422,"치약, 비누 및 기타 세제 제조업 외 1 종",02-899-1028
현대섬유,2004-07-23,4,양말,경기도 광명시 소하동 881-18번지,14411,스타킹 및 기타 양말 제조업,02-3492-6004
현민정밀,2009-09-08,3,기계부품(정밀기계),경기도 광명시 옥길동 22번지,25113,육상 금속 골조 구조재 제조업 외 1 종,02-2682-8374
현준테크,2011-11-08,5,산업용 접착제,경기도 광명시 하안동 201 번지 광명아파트형공장 2동 1층 1호,22291,플라스틱 접착처리 제품 제조업 외 1 종,02-897-6303
호성산업,2016-07-25,3,금속부품조립 외,경기도 광명시 소하동 1345번지 광명테크노파크 D동 7층 704,25119,기타 구조용 금속제품 제조업 외 1 종,02-2679-1005
화성기업,1997-12-22,6,문구류.팬시용품,경기도 광명시 철산동 225-1번지,33920,사무 및 회화용품 제조업,02-2687-1437
화인전자산업,2000-07-27,6,저항기,경기도 광명시 소하동 883-20번지,26292,전자저항기 및 전자카드 제조업,02-898-8981
환지디자인,1998-04-09,18,그리비아인쇄업,경기도 광명시 광명동 104-13번지,18119,기타 인쇄업 외 1 종,02-2688-3901
효전건기,2020-07-03,5,"수중펌프, 액체펌프, 소형 건설기계",경기도 광명시 광명동 575-34,29131,액체 펌프 제조업,02-2616-2570
휴먼&랜드,2013-07-01,1,"생산자동화시스템, 전자제품",경기도 광명시 소하동 1345번지 광명테크노파크 E동 10층 1014호,27216,산업처리공정 제어장비 제조업,02-6093-1827
흥성산업,2002-11-07,5,조명장치,경기도 광명시 철산동 626-3번지,28422,일반용 전기 조명장치 제조업 외 3 종,02-2682-3924
희망터,2016-05-30,14,"콘센트, led조명",경기도 광명시 하안동 201번지 아파트형공장 제1동 3동 1층 1,28119,기타 전기 변환장치 제조업 외 2 종,02-896-1432
